Mutation_Description,Calculated_KD,Calculated_KD_Std,Normalized_Occupancy,Normalized_Occupancy_Std,Normalized_Expression,Normalized_Expression_Std,Adjusted_RFP_Expression,Data_Quality,RFP_Corrected_Count,RFP_Corrected_Std,GFP_Corrected_Count,GFP_Corrected_Std,Occupancy,Occupancy_Std,Dilution_Factor,Adjusted_RFP_Std,Protein_Sequence
I58T_L108G,627.6433220713741,303.3120234711055,0.07828481076659745,0.04203622035418713,2.630208983964131,1.671279518701891,4243666.578590616,Valid,10609.16644647654,304.6426198339536,83.8479288119288,40.12755356312373,0.007903347471730535,0.003789149794543137,400.0,121857.0479335814,TWNSGHTDVSYLSTASSG
S55G_H57Y_I58T_V99T_S100K_L108G,24.39691998553594,3.916271450427505,1.04778137322818,0.1614280921971113,2.53745237434679,1.855708454795742,3939226.619551515,Valid,78784.5323910303,10039.6495426228,13400.13382861102,520.5130982473386,0.1700858458117426,0.02265891604977944,50.0,501982.47713114,TWNGGYTDTKYLSTASSG
L108G,inf,,0.0,,2.400691087036758,1.527159166937468,3873354.776632152,Valid (Non-binding),TWNSGHIDVSYLSTASSG,Q1 (M3_9),F3,9683.386941580378,403.3636026881161,-37.89076332142758,31.21330530045119,0.0,0
I58H_V99T_S100K_L108G,15.21556984353685,2.587684120050196,1.523654560792476,0.2279072101162622,2.114493529690468,1.541364498841216,3282611.0484814,Valid,65652.220969628,7419.061354308634,16238.0337229568,976.298063670194,0.2473341112171793,0.03165988180877555,50.0,370953.0677154317,TWNSGHHDTKYLSTASSG
S55G_I58H_L108G,1167.713844197792,1337.157292230802,0.04223226577920048,0.04922523539162578,2.073917533096745,1.336657133415186,3346127.465769381,Valid,8365.318664423452,933.8024138335445,35.66649573471113,40.47246225082547,0.004263614712777868,0.0048614788105903,400.0,373520.9655334178,TWNGGHHDVSYLSTASSG
H57Y_I58T_L108G,456.8805193419736,1055.265626459792,0.1072276501759973,0.2463530016726374,2.003310704148734,1.272225804395075,3232208.061625552,Valid,8080.520154063881,156.0780746511364,87.47413904331734,199.8463876259827,0.01082531042253815,0.02473275556400655,400.0,62431.22986045456,TWNSGYTDVSYLSTASSG
S55G_H57Y_I58T_L108G,1260.08035358294,2550.675901184258,0.03914878814680928,0.07949808734687408,1.975328405263886,1.259557169324802,3187060.490731473,Valid,7967.651226828682,482.0402505861226,31.49069228789631,63.46346354025316,0.003952318116267542,0.007968729056953661,400.0,192816.1002344491,TWNGGYTDVSYLSTASSG
S55A_V99T_S100K_L108G,16.35334462842218,1.951336536860267,1.442469352090428,0.1727335414876498,1.854083008521688,1.341675426777015,2878340.975328435,Valid,57566.8195065687,4088.306696195122,13479.57907960351,775.1946849263226,0.2341553553790723,0.0213978610004032,50.0,204415.3348097561,TWNAGHIDTKYLSTASSG
S55A_H57Y_I58T_V99T_S100K_L108G,32.12541721992762,2.37371067660526,0.8296619269935256,0.08328432421325715,1.839184248388675,1.325103913285561,2855211.637766232,Valid,57104.23275532464,1273.212140338281,7690.719328087858,460.8592262389129,0.1346786211284967,0.008611029984912602,50.0,63660.60701691405,TWNAGYTDTKYLSTASSG
S55G_H57W_I58T_V99T_S100K_L108G,28.26255688483343,3.201591950672278,0.9260125521248852,0.114366450018045,1.781701371936721,1.289484272730265,2765973.282249818,Valid,55319.46564499635,3987.297416617965,8315.576255387046,530.4584267370578,0.1503191717134598,0.01446854046295446,50.0,199364.8708308983,TWNGGWTDTKYLSTASSG
S55G_V99T_S100K_L108G,13.68111215795821,1.107787398282634,1.648806823206306,0.1607505605073112,1.776082864680738,1.280445685980855,2757250.922150111,Valid,55145.01844300222,1870.646506945522,14759.56516312395,717.8902227200861,0.2676500177142819,0.01587160947736699,50.0,93532.3253472761,TWNGGHIDTKYLSTASSG
S55A_H57W_I58T_V99T_S100K_L108G,28.91980182740657,2.546119711317742,0.9080697271714805,0.09790011359509825,1.723303750304886,1.242360122012775,2675314.845474295,Valid,53506.29690948591,1791.751252823512,7887.177109957907,529.8564232682273,0.1474065215782037,0.011064765415693,50.0,89587.5626411756,TWNAGWTDTKYLSTASSG
S55G_I58T_S100L_L108G,79.22905361136553,12.43867813036633,0.5794972720136686,0.201753194336006,1.723084264439801,0.7090216328774956,3707118.340992471,Valid,74142.36681984943,1868.78539664101,4401.234707084786,640.4232137487063,0.0593619396825957,0.008766382017218743,50.0,93439.2698320505,TWNGGHTDVLYLSTASSG
S55G_L108G,860.3166123076603,788.6346489341607,0.05723496122307212,0.05396778106984087,1.683626532595592,1.070663382590084,2716418.995891375,Valid,6791.047489728437,260.6195935897319,39.24024682490381,35.73116467933293,0.005778231838940205,0.005266180924933641,400.0,104247.8374358928,TWNGGHIDVSYLSTASSG
S55G_H57Y_V99T_S100K_L108G,27.58425863872016,2.847087890250827,0.9452891205117684,0.1103335601489734,1.672642927739064,1.207038488239042,2596667.276425423,Valid,51933.34552850845,2411.882031946746,7969.085027270748,589.8064096289484,0.153448327778078,0.01340772796582998,50.0,120594.1015973373,TWNGGYIDTKYLSTASSG
S55G_I58T_V99T_S100K_S103P_L108G,6.652758289053552,0.354313753847557,4.250183649448345,1.035835503818185,1.641598972405792,1.042624619347824,2648610.333673076,Valid,66215.2583418269,1415.052664439428,28411.83893946751,614.5283208756133,0.4290829583839334,0.01304669589172218,40.0,56602.10657757713,TWNGGHTDTKYLPTASSG
S55A_I58T_V99T_S100K_L108G,11.98637360313404,1.643052932283843,1.813309062355769,0.2246240330963461,1.581755403781367,1.142023399355414,2455570.419838528,Valid,49111.40839677055,2542.160841385418,14456.11922361973,1181.23620236184,0.2943535869879539,0.02847214688246301,50.0,127108.0420692709,TWNAGHTDTKYLSTASSG
S55G_I58H_V99T_S100K_S103P_L108G,6.992836946819431,0.9429077595544767,4.129661978289778,1.050057127499466,1.573110679037277,1.005722936988731,2538109.045233769,Valid,63452.72613084422,4832.966041368324,26454.42709352946,515.8196279537533,0.4169155323441655,0.03277897400500845,40.0,193318.641654733,TWNGGHHDTKYLPTASSG
S55G_I58D_L108G,inf,,0.0,,1.544189147331473,0.981317202580453,2491446.084894933,Valid (Non-binding),6228.615212237331,188.6853888901842,-51.25093462455879,33.2171179671772,0.0,0.0,400.0,75474.15555607369,TWNGGHDDVSYLSTASSG
S55G_H57W_I58H_V99T_S100K_L108G,28.47853204600776,4.594757041714705,0.9200387026765346,0.144960774214949,1.540104677340008,1.114390132578697,2390910.427800768,Valid,47818.20855601535,3370.492230376936,7141.6226509426,841.0134819563513,0.1493494396089042,0.02049744559815574,50.0,168524.6115188468,TWNGGWHDTKYLSTASSG
S55G_H57Y_I58H_V99T_S100K_L108G,31.15670417909959,2.109291239002228,0.8518902895172793,0.08255902587138411,1.53215954362881,1.104370919954154,2378576.134346648,Valid,47571.52268693295,1460.53840588294,6578.520327971668,326.3272819500853,0.1382869405140708,0.008067312514157803,50.0,73026.920294147,TWNGGYHDTKYLSTASSG
S55G_I58D_V99T_S100K_S103P_L108G,15.27895919783964,0.9297581496505474,2.442253681164526,0.6010861272486272,1.493397800165718,0.9496130474300387,2409497.637542261,Valid,60237.44093855652,2258.468764272331,14852.2023124771,391.9318924107422,0.246560977376623,0.01130443016652162,40.0,90338.75057089324,TWNGGHDDTKYLPTASSG
S55A_I58T_L108G,210.1696615558707,118.5263414266063,0.230173540233269,0.1384698289055799,1.479480496467377,0.9511659294725608,2387042.997272676,Valid,5967.607493181691,608.4933002212282,138.6721401621053,75.06753862746221,0.02323747671416821,0.0128003784501987,400.0,243397.3200884913,TWNAGHTDVSYLSTASSG
S55G_H57W_I58T_S100L_L108G,292.3875702637527,24.70453754054051,0.1641309579576221,0.05351333258557219,1.477758002514878,0.6121253617548658,3179312.763588117,Valid,63586.25527176235,3423.726383627511,1069.080580862337,67.62961187673957,0.0168130766042626,0.001396693485788956,50.0,171186.3191813756,TWNGGWTDVLYLSTASSG
S55G_H57W_I58T_S103P_L108G,2320.298520714816,1374.451119296668,0.02099107119247408,0.01406219985524895,1.467589575808624,0.6098049483971907,3157435.968634014,Valid,63148.71937268029,3978.182775925257,135.7862631617463,79.80419743600343,0.002150261549413001,0.001270989237314254,50.0,198909.1387962629,TWNGGWTDVSYLPTASSG
H57Y_I58T_V99T_S100K_L108G,33.37937000573647,2.304149081195876,0.8025547367379907,0.07860594638830717,1.463431134589108,1.054911433802645,2271879.834882774,Valid,45437.59669765549,1451.830801158671,5919.533943739052,300.8728012308009,0.1302783239863672,0.007821407190062248,50.0,72591.54005793355,TWNSGYTDTKYLSTASSG
H57W_I58T_V99T_S100K_L108G,56.5640219654027,7.970662231371483,0.5003172990944841,0.07546530686679201,1.456387169438141,1.064298424312563,2260944.545885665,Valid,45218.8909177133,5618.48912381339,3672.509484770593,133.633667611267,0.08121626626034706,0.01051502818347622,50.0,280924.4561906695,TWNSGWTDTKYLSTASSG
S55G_H57W_I58T_V99T_S100K_S103P_L108G,25.23050850876206,1.287765140393772,1.638290759705688,0.4022573061882684,1.448085590863888,0.9192769855138394,2336389.413295203,Valid,58409.73533238008,485.5358510924311,9660.726566251855,403.6180898635042,0.165395828474099,0.007045563994193435,40.0,19421.43404369724,TWNGGWTDTKYLPTASSG
S55G_I58H_V99T_S100K_L108G,18.63125906862255,1.61535074719596,1.30342378718288,0.1345839953720017,1.439852603698767,1.039672839996755,2235275.728546766,Valid,44705.51457093532,2358.24337426701,9458.978559101628,411.2194661986628,0.2115841557777584,0.01446315759722872,50.0,117912.1687133505,TWNGGHHDTKYLSTASSG
S55G_H57W_I58T_S100K_L108G,59.67669010583653,7.32276545542307,0.7657528959825316,0.2044599249820411,1.439063208599352,0.9189852487311166,2321832.401928915,Valid,46436.64803857829,3243.68653255715,3589.906035898687,319.8792083954434,0.07730760482359303,0.008752851407784373,50.0,162184.3266278575,TWNGGWTDVKYLSTASSG
S55G_H57Y_I58T_S100L_L108G,213.1469532112625,13.41979148553181,0.223750577642995,0.07187438820937507,1.418013418378345,0.5848147365524726,3050775.669843887,Valid,61015.51339687774,2287.146124463214,1398.495658515749,68.21544027197778,0.02292032928444247,0.001409994662997046,50.0,114357.3062231607,TWNGGYTDVLYLSTASSG
S55G_H57W_V99T_S100K_L108G,34.57554910715675,2.833700993485306,0.7782973549583344,0.0820567188940594,1.404577121703044,1.012547945117203,2180512.880936341,Valid,43610.25761872683,1435.747838860158,5509.747634915375,350.3357829577815,0.1263406348819507,0.009046282127714207,50.0,71787.3919430079,TWNGGWIDTKYLSTASSG
H57W_I58H_V99T_S100K_L108G,70.31999740652779,4.592968438830352,0.408942462184077,0.04029132506378658,1.365053398554392,0.9844775053581546,2119154.920524953,Valid,42383.09841049906,1657.589499002125,2813.53557288,131.6337900235571,0.06638343298146028,0.004048022079706447,50.0,82879.47495010625,TWNSGWHDTKYLSTASSG
H57W_I58T_L108G,92.95965513389503,37.56297652601398,0.5055791864866667,0.2291949005456279,1.344176454621819,0.8540422791102912,2168738.959901914,Valid,5421.847399754784,149.28229677935,276.7387958003728,105.8425594081808,0.05104142101323047,0.01957201356776703,400.0,59712.91871174,TWNSGWTDVSYLSTASSG
V99T_S100K_L108G,20.7886318341725,2.308494877342343,1.194384618353761,0.1429893160619287,1.33290674607995,0.961658136041194,2069249.373356056,Valid,41384.98746712112,1638.505913724833,7942.624220614632,602.9419848367772,0.1938838800038435,0.01735570722270898,50.0,81925.29568624166,TWNSGHIDTKYLSTASSG
S55G_H57W_I58D_V99T_S100K_L108G,56.21781531886479,4.884236323314159,0.503146756065828,0.05592492232359023,1.3110766636993,0.9494676475983735,2035359.617437781,Valid,40707.19234875563,3113.280770403438,3324.783164567731,75.55420153553646,0.08167557064812811,0.006516449285377678,50.0,155664.0385201719,TWNGGWDDTKYLSTASSG
S55G_H57Y_V99T_S100K_S103P_L108G,21.34037606235231,0.5932255399474764,1.880245089662785,0.4566322385158837,1.297581509469524,0.8237931160103482,2093561.127007418,Valid,52339.02817518545,590.5135776345809,9935.133054154154,193.6523112121821,0.1898226505257222,0.00427509630408543,40.0,23620.54310538324,TWNGGYIDTKYLPTASSG
I58T_V99T_S100K_S103P_L108G,12.1655256457983,0.3060531126180229,2.885222612639998,0.6995733601465703,1.285363223608375,0.8159244801498026,2073847.738576024,Valid,51846.19346440061,213.9123908471953,15101.83682522163,261.9499534444419,0.2912814965980303,0.005193409774997737,40.0,8556.495633887811,TWNSGHTDTKYLPTASSG
S55G_I58D_V99T_S100K_L108G,21.9926963711258,2.810797838253101,1.141106644835686,0.1480462093274676,1.279959361979522,0.9271783136558981,1987052.069086369,Valid,39741.04138172737,3110.73370395862,7361.44341330763,505.5570027821489,0.1852352922158796,0.01928888288039008,50.0,155536.685197931,TWNGGHDDTKYLSTASSG
S55G_H57Y_I58T_V99T_S100K_S103P_L108G,20.63648882335286,0.2280217863878904,1.931869964423302,0.4674638972621886,1.225192787462562,0.7777213071458083,1976766.757388604,Valid,49419.1689347151,145.1061480680676,9638.443328810703,80.92235725765886,0.1950345086042121,0.00173471949944667,40.0,5804.245922722704,TWNGGYTDTKYLPTASSG
H57Y_I58T_S103P_L108G,1640.363598981185,1210.244876648101,0.02966548355773947,0.023740416971134,1.2206283660714,0.5033736340834462,2626112.893480636,Valid,52522.25786961272,1951.716246988598,159.6068428344188,117.248677129746,0.003038841994010332,0.002235215946476131,50.0,97585.81234942989,TWNSGYTDVSYLPTASSG
T52V_H57W_I58T_L108G,inf,,0.0,,1.208159054035844,0.768996714486087,1949283.965833904,Valid (Non-binding),4873.209914584761,228.869442625038,-213.3102621547496,34.2667169724523,0.0,0.0,400.0,91547.7770500152,VWNSGWTDVSYLSTASSG
T52V_I58T_L108G,612.126372443983,657.8151257348825,0.08025319442267818,0.08771806451009272,1.199000347420783,0.7682065108310641,1934507.004230315,Valid,4836.267510575788,420.8869986286388,39.18376953672305,41.62781938249631,0.00810206826877076,0.008636258787365009,400.0,168354.7994514555,VWNSGHTDVSYLSTASSG
I58T_V99T_S100K_L108G,17.7264294157523,0.9037387442175464,1.35531827845224,0.1179216543869638,1.193669273972948,0.8608632629475196,1853092.427078726,Valid,37061.84854157451,1442.655220328176,8153.909235712572,66.3077495537435,0.2200081635584323,0.00874884029578759,50.0,72132.7610164088,TWNSGHTDTKYLSTASSG
S55G_I58T_V99T_S100K_L108G,19.3592456905723,1.251730633687385,1.264470402014329,0.1174621940961999,1.189182533508344,0.8573522794420139,1846127.059904992,Valid,36922.54119809983,1269.12433532954,7578.752985029803,289.4916390931787,0.2052608715193155,0.01054758936470423,50.0,63456.21676647699,TWNGGHTDTKYLSTASSG
T52V_L108G,105.3229586567971,15.78285721494903,0.4489216329411568,0.1261294129216486,1.1685637877135,0.7420050074958096,1885399.647368351,Valid,4713.499118420877,75.84490238528694,213.6227660954992,30.36704943162428,0.04532148213641066,0.006483713725934977,400.0,30337.96095411478,VWNSGHIDVSYLSTASSG
S55G_I58H_S100K_L108G,32.28611420308616,3.311650447426109,1.328279007068261,0.3421735688063932,1.161508562626045,0.7376416696807476,1874016.512761706,Valid,37480.33025523413,736.6960149429448,5026.044018839043,435.3310077915796,0.1340981785542606,0.01191023260266382,50.0,36834.80074714724,TWNGGHHDVKYLSTASSG
I58T_S103P_L108G,2717.110920784362,1770.344008156876,0.01793112338641031,0.01295969668767634,1.147288420823891,0.484537695164835,2468326.149230601,Valid,49366.52298461201,4857.357249425846,90.67691292018935,58.29354573232825,0.001836809794128182,0.001194582185586217,50.0,242867.8624712923,TWNSGHTDVSYLPTASSG
S55G_I58T_S100A_L108G,137.2008735889184,23.64421427699336,0.2166058788089197,0.03972556628462868,1.135408190617975,0.8238619638076021,1762645.956927774,Valid,35252.91913855547,3134.72351451857,1239.54650378824,174.1546786609048,0.03516152801180573,0.005846424720434535,50.0,156736.1757259285,TWNGGHTDVAYLSTASSG
S55G_I58T_V99T_L108G,60.9686070012692,4.365656664250562,0.7399050701667884,0.2383607903466819,1.133355205617069,0.4685181181666884,2438349.624745887,Valid,48766.99249491774,2291.429145532189,3696.227244420932,172.2495008688603,0.07579362710969179,0.005015854788214368,50.0,114571.4572766094,TWNGGHTDTSYLSTASSG
S55G_I58T_S103P_L108G,764.8728738156732,269.6569298113998,0.06340073595548688,0.02987814137719289,1.125627238155353,0.4623644399065214,2421723.339829266,Valid,48434.46679658532,311.2762513898062,314.5614584167161,110.1602618046213,0.006494578741576918,0.00227480175420666,50.0,15563.81256949031,TWNGGHTDVSYLPTASSG
T52V_S55G_I58T_V99T_S100K_L108G,3.331203856917092,0.622183049237998,3.697130177117246,0.3976104408073812,1.113572049066147,0.8057389675541923,1728746.794547869,Valid,34574.93589095738,2430.536180815847,20750.26399831225,523.0967753471941,0.6001533614915309,0.04482008301275818,50.0,121526.8090407923,VWNGGHTDTKYLSTASSG
S55H_I58T_V99T_S100K_L108G,29.90866266098136,1.640830563671931,0.8823467541640242,0.07989088347700564,1.110320144927051,0.8003883732658365,1723698.428920019,Valid,34473.96857840038,1112.875701508695,4937.738365000894,168.6965200168724,0.1432309237554573,0.006732359805453271,50.0,55643.78507543475,TWNHGHTDTKYLSTASSG
S55A_I58T_V99T_S100K_S103P_L108G,10.64157366911044,0.6159803694771228,3.16632864434322,0.7757412531970758,1.105121004982096,0.702030096242048,1783038.953457149,Valid,44575.97383642873,1105.104606635723,14249.19729287182,435.9982368120184,0.3196609309122256,0.01258855806302717,40.0,44204.18426542892,TWNAGHTDTKYLPTASSG
S55G_H57W_V99T_S100K_S103P_L108G,28.51784621636315,0.4156010882500017,1.477611730521357,0.3577726438356869,1.102359740376165,0.6997894403437817,1778583.837382998,Valid,44464.59593457494,326.8674561203253,6632.97331928023,66.23186928955383,0.1491742628009027,0.001849670935260764,40.0,13074.69824481301,TWNGGWIDTKYLPTASSG
I58D_V99T_S100K_L108G,34.87263056672025,3.501950682195496,0.7724984470132332,0.09042737421189229,1.09250499123386,0.7899494301627816,1696041.583664871,Valid,33920.83167329742,2203.159540436587,4253.648579385366,251.4811360526594,0.1253993009473836,0.01101362416419194,50.0,110157.9770218294,TWNSGHDDTKYLSTASSG
S55G_I58T_S100A_S103P_L108G,386.057585250629,148.7368822767173,0.07876473019026864,0.03057160463779294,1.09152404234813,0.78621216080541,1694518.725540655,Valid,42362.96813851637,620.4808868560285,541.6461633312383,205.8597173593864,0.01278584072674488,0.004863033370811344,40.0,24819.23547424114,TWNGGHTDVAYLPTASSG
S55A_H57W_V99T_S100K_L108G,47.85668029119414,5.402800983660665,0.5827370357244185,0.07471074754683606,1.085532605704643,0.7849667719785086,1685217.417285969,Valid,33704.34834571939,2209.334875217409,3188.277069240621,250.0564769320489,0.09459542242256545,0.009669170263793093,50.0,110466.7437608704,TWNAGWIDTKYLSTASSG
S55A_H57Y_I58H_V99T_S100K_L108G,50.77273356372666,4.055139714693908,0.5522688816378261,0.05864282187982001,1.079371161692175,0.7796064346613473,1675652.183859652,Valid,33513.04367719304,1861.440305609385,3004.429004622894,140.9645843605493,0.08964954164003695,0.006518264275019475,50.0,93072.01528046925,TWNAGYHDTKYLSTASSG
I58T_V99T_S100L_S103P_L108G,11.64101942017676,0.1721115483150043,1.850941003877309,0.1445131864519846,1.069298308179524,0.7700615122318543,1660014.746446825,Valid,41500.36866117063,201.7484789876088,12469.29878912725,113.8308832158381,0.3004623619354498,0.003107564567852909,40.0,8069.939159504352,TWNSGHTDTLYLPTASSG
I58D_L108G,136.9692600614908,44.2598260667272,0.3488527215656252,0.1376376567313258,1.049496701915773,0.6665019688688107,1693292.854451668,Valid,4233.232136129169,82.67112609456552,149.0897442973092,46.38839906324568,0.03521889173638267,0.01097971505831644,400.0,33068.45043782621,TWNSGHDDVSYLSTASSG
I58T_S100T_S103P_L108G,461.8627631434063,127.4646332536308,0.06597558773746634,0.01872251859404726,1.049418939109164,0.7569392162994314,1629153.343642364,Valid,40728.83359105911,1661.219818066955,436.1970669585016,117.7557392484564,0.01070978539032497,0.002924026019576853,40.0,66448.7927226782,TWNSGHTDVTYLPTASSG
S55G_I58T_V99T_S100L_S103P_L108G,5.064166860083617,0.2636494996267685,3.06051614796735,0.2500479679074536,1.04191315898634,0.7505048727173056,1617501.117512232,Valid,40437.5279378058,641.4972058205884,20089.85368584689,418.8199898757796,0.4968121126678596,0.01301491387557446,40.0,25659.88823282354,TWNGGHTDTLYLPTASSG
S55A_L108G,inf,,0.0,,1.03922920971672,0.6611347808437059,1676726.941341071,Valid (Non-binding),4191.817353352679,177.4606966612086,-141.2045772995534,34.30461186304826,0.0,0.0,400.0,70984.27866448344,TWNAGHIDVSYLSTASSG
S55A_H57W_I58H_V99T_S100K_L108G,44.14230274267176,2.992477839733236,0.6267826998749461,0.06172111300676227,1.036341051783,0.7479714760279513,1608850.790418688,Valid,32177.01580837375,1546.989953235454,3273.861216563777,122.3500586807261,0.1017453338762318,0.006195693728786172,50.0,77349.49766177271,TWNAGWHDTKYLSTASSG
S55G_H57Y_I58D_V99T_S100K_L108G,38.56083521759853,3.588457880700385,0.7070926220138217,0.07992012833450007,1.03600947335706,0.746943915133615,1608336.036890646,Valid,32166.72073781291,1120.65331875394,3692.160696314839,275.6142552353386,0.1147820048679876,0.009455520948430227,50.0,56032.66593769701,TWNGGYDDTKYLSTASSG
S55G_H57Y_I58T_V99T_S100T_L108G,95.96439889405859,11.26285877073801,0.3050733281088878,0.04141907119638788,1.031074827025519,0.7479501177051995,1600675.325547331,Valid,32013.50651094662,2793.82914675104,1585.385881638251,110.1576445647021,0.04952240645979058,0.005524361815187584,50.0,139691.457337552,TWNGGYTDTTYLSTASSG
I58T_S100L_L108G,383.9777910650362,77.79208376388215,0.1254840453960991,0.04685075411433403,1.02069098004679,0.4213148025825412,2195958.915478351,Valid,43919.17830956701,1810.12787848136,564.546091298871,110.4806069349258,0.012854204314107,0.002570726045780533,50.0,90506.393924068,TWNSGHTDVLYLSTASSG
H57W_V99T_S100K_L108G,93.81978487851364,14.98910061215007,0.3116941129652362,0.05307592950818921,1.018359686650503,0.7434165479365209,1580935.912921118,Valid,31618.71825842236,3783.574993269113,1599.817197400984,149.1186047391339,0.0505971552776285,0.007674635722768641,50.0,189178.7496634556,TWNSGWIDTKYLSTASSG
S55A_H57Y_V99T_S100K_L108G,58.35257530346189,5.472219914694502,0.4861924719489758,0.056385423187241,1.015255428250208,0.7344840634175637,1576116.757516257,Valid,31522.33515032514,2178.339369565051,2487.849546709951,128.9266803537792,0.07892338987088937,0.00681718373275157,50.0,108916.9684782526,TWNAGYIDTKYLSTASSG
S55A_H57Y_I58T_V99T_S100K_S103P_L108G,26.55664017432949,0.8837400486533035,1.569443466652622,0.3820457997802774,1.012134077969089,0.6425823049846666,1633010.755387423,Valid,40825.26888468557,484.1996414837715,6468.570269070638,164.1038140088856,0.1584452581890315,0.004437241081665156,40.0,19367.98565935086,TWNAGYTDTKYLPTASSG
H57W_I58T_V99T_S100K_S103P_L108G,35.76580064753895,0.5706703999775523,1.214899792581383,0.2942683682593399,1.008795536590045,0.6403829755593141,1627624.241784181,Valid,40690.60604460454,258.2457147945884,4990.777244437741,62.27205638699353,0.1226518287529783,0.001716972733532364,40.0,10329.82859178354,TWNSGWTDTKYLPTASSG
I58T_S100A_S103P_L108G,290.9347353025051,53.81436433036605,0.1040822232633096,0.02056949143259364,1.007050551558379,0.7282279769301417,1563379.230301422,Valid,39084.48075753555,2567.517826972944,660.356424831024,111.9734946945084,0.01689561718697533,0.003072389923936679,40.0,102700.7130789178,TWNSGHTDVAYLPTASSG
S55G_H57Y_I58H_V99T_S100K_S103P_L108G,23.92638578947231,0.7857761493172026,1.712151774216262,0.4166218897235549,1.000807281308205,0.63576906437936,1614735.725256608,Valid,40368.39313141519,1005.378981364973,6977.780325758355,75.68751338895619,0.1728525656952186,0.00469548544571442,40.0,40215.15925459892,TWNGGYHDTKYLPTASSG
S55G_H57Y_I58T_S100A_S103P_L108G,464.9609311937687,122.1639690341818,0.0655406506087291,0.01777592370988424,0.9879947692716249,0.7124682603132976,1533796.391388167,Valid,38344.90978470417,1445.51626440755,407.9584837754765,104.9256656779451,0.01063918225563831,0.002765601660387655,40.0,57820.650576302,TWNGGYTDVAYLPTASSG
S55G_I58T_S100T_S103P_L108G,331.1165461683091,67.97833167317812,0.09163947905051963,0.01984420877336792,0.9874277045502083,0.7111288231167507,1532916.060995291,Valid,38322.90152488227,303.9071684098695,570.0835314678652,115.2086248504464,0.01487579251006664,0.003008574164761049,40.0,12156.28673639478,TWNGGHTDVTYLPTASSG
S55G_H57W_L108G,181.246519193027,149.4523403053236,0.265918326773021,0.2228624910275697,0.9864302489290137,0.6399951540546089,1591539.343456202,Valid,3978.848358640505,533.969459687805,106.8167173239035,84.50719126464175,0.02684613930861157,0.02154251454050777,400.0,213587.783875122,TWNGGWIDVSYLSTASSG
H57Y_I58T_S100L_L108G,1030.032777797931,300.4422649506212,0.04715841646669919,0.02021000722234825,0.9860890878419187,0.4078119390512462,2121514.901408367,Valid,42430.29802816734,2057.860202796884,204.9707938643223,58.66115700939305,0.00483076488711563,0.001402241528250713,50.0,102893.0101398442,TWNSGYTDVLYLSTASSG
I58T_V99T_S100T_L108G,26.52355121555279,3.121344382203715,0.9770962979553901,0.1227920418283125,0.9855945785623448,0.7103506682153602,1530070.254405426,Valid,30601.40508810852,894.9669506238403,4853.736953502035,459.1567446369463,0.1586115715774163,0.01570512581245644,50.0,44748.34753119201,TWNSGHTDTTYLSTASSG
S55A_I58T_S103P_L108G,1323.047695886352,803.491997394284,0.03675357966680766,0.0250746575061854,0.9797087203923497,0.4034527774888952,2107787.901700515,Valid,42155.7580340103,1266.632229884586,158.7132682229276,95.90580588752154,0.003764925021509075,0.002277845242262231,50.0,63331.6114942293,TWNAGHTDVSYLPTASSG
S55G_I58T_L108G,114.019617188885,42.63514931595932,0.4161193248715493,0.1798453688794378,0.9775315436335696,0.6280486621514799,1577181.876621727,Valid,3942.954691554318,391.4432185459963,165.6430588789754,57.01235139934298,0.04200988138001623,0.01504875925235288,400.0,156577.2874183985,TWNGGHTDVSYLSTASSG
H57Y_I58T_V99T_S100K_S103P_L108G,30.09619140541541,2.040472778791021,1.411160606545674,0.3509590739172443,0.9711134634611407,0.6173134924520218,1566826.732793801,Valid,39170.66831984503,1330.488553241971,5580.472802214219,263.3175701454907,0.1424656009605786,0.008282869708458148,40.0,53219.54212967884,TWNSGYTDTKYLPTASSG
T52V_H57W_I58T_S103P_L108G,inf,,0.0,,0.9675918004680126,0.3988480109841404,2081719.033790303,Valid (Non-binding),41634.38067580605,1460.612605677554,-11.93637362674053,52.17804637564295,0.0,0.0,50.0,73030.6302838777,VWNSGWTDVSYLPTASSG
S55G_I58T_V99T_S100T_S103P_L108G,10.56731816418709,0.3385578771806526,3.135447369757552,0.9908927565286296,0.9663746427325045,0.3970133517214413,2079100.387762188,Valid,51977.50969405469,507.9775730631487,16694.43289648628,324.3462450141554,0.3211857011763654,0.006985143364077186,40.0,20319.10292252595,TWNGGHTDTTYLPTASSG
S55A_H57W_I58T_V99T_S100K_S103P_L108G,28.3113700229733,2.14279251954103,1.486770514600662,0.3720212387026451,0.9502530145875335,0.6052228331508758,1533169.791372399,Valid,38329.24478430998,1999.139971581706,5753.177482324518,216.6052599763987,0.1500989000618027,0.009655285868517377,40.0,79965.59886326824,TWNAGWTDTKYLPTASSG
H57W_L108G,414.0741563446883,358.3732055373906,0.1181804270229769,0.1050252471974277,0.9446595685154118,0.6017182746748518,1524145.139605133,Valid,3810.362849012832,201.5713680284224,45.46167774038076,38.80230615912252,0.01193106261577128,0.01020290344882173,400.0,80628.54721136896,TWNSGWIDVSYLSTASSG
H57Y_L108G,inf,,0.0,,0.9435065670207309,0.6022798925714521,1522284.84867849,Valid (Non-binding),3805.712121696226,256.7184090927323,-80.67309042521629,33.57354346578124,0.0,0.0,400.0,102687.3636370929,TWNSGYIDVSYLSTASSG
S55G_H57W_I58T_L108G,inf,,0.0,,0.9430081657983215,0.6014149927259562,1521480.711584,Valid (Non-binding),3803.70177896,234.7979898335048,-27.47444276095666,43.59048412430272,0.0,0.0,400.0,93919.19593340192,TWNGGWTDVSYLSTASSG
S55G_V99T_S100K_S103P_L108G,7.120501131485222,0.4006246728265085,4.086164607703825,0.9972689482849711,0.941878589937611,0.5979799380955239,1519658.216353657,Valid,37991.45540884142,453.4774257421738,15672.39464635322,483.0701101432465,0.4125241972884755,0.01363535795911947,40.0,18139.09702968695,TWNGGHIDTKYLPTASSG
V99T_S100K_S103P_L108G,13.63403652718533,0.4997544162254922,2.657844030672297,0.647691625713583,0.9418350996547936,0.5980461091080178,1519588.047686144,Valid,37989.7011921536,599.0641564940549,10191.50570179732,212.7888663420234,0.2683261886229247,0.007196357995629429,40.0,23962.5662597622,TWNSGHIDTKYLPTASSG
H57Y_I58T_S100K_L108G,91.2748295491139,5.916498518443192,0.5144269066282123,0.1283485663617582,0.9399661760268395,0.5969273235041546,1516572.664199037,Valid,30331.45328398073,576.0746802977752,1575.253543736858,92.0668716069567,0.05193465439945844,0.003191605814825181,50.0,28803.73401488876,TWNSGYTDVKYLSTASSG
H57Y_I58H_V99T_S100K_L108G,54.6178292395245,3.47115025055375,0.5166498945705229,0.05003448734308859,0.937550224485588,0.6755006597163383,1455484.579256729,Valid,29109.69158513459,659.1612218973186,2441.357892131697,130.9534593675319,0.08386752861986424,0.004883049193430972,50.0,32958.06109486593,TWNSGYHDTKYLSTASSG
S55G_H57W_I58T_V99T_S100T_S103P_L108G,37.32253377980312,1.436481303520736,1.153298312573441,0.3657127997528679,0.9221233600159899,0.3789777485334238,1983896.255755232,Valid,49597.40639388081,742.11778272199,5859.45617669391,178.5091386137027,0.1181403747236435,0.00400983647067071,40.0,29684.7113088796,TWNGGWTDTTYLPTASSG
S55A_I58H_V99T_S100K_L108G,21.77938474559187,1.743307380109813,1.150196148408301,0.1163159368565698,0.9151329154404804,0.6607045763360797,1420683.192865415,Valid,28413.6638573083,1462.497329821833,5305.13753905146,211.4437520055856,0.1867107869542464,0.01215465911318325,50.0,73124.86649109166,TWNAGHHDTKYLSTASSG
S55G_I58T_V99T_S100T_L108G,42.98701028962755,4.49871856269371,0.6418725610372432,0.07802813505508333,0.9108121221832144,0.6594409227606427,1413975.447731486,Valid,28279.50895462972,2115.424214681988,2946.579583094217,166.5053469453291,0.1041948637729731,0.009768130270331427,50.0,105771.2107340994,TWNGGHTDTTYLSTASSG
S55G_I58T_V99T_S103P_L108G,12.48677546664711,0.5645082109884921,2.832218143680734,0.6909383705775175,0.9074268661852193,0.5761521774403037,1464072.660394331,Valid,36601.81650985826,524.542174230659,10465.57056207123,302.7335599222448,0.2859303597473762,0.009230405923387535,40.0,20981.68696922636,TWNGGHTDTSYLPTASSG
S55G_H57W_I58T_V99T_S100L_S103P_L108G,18.32960618649778,2.363149470507272,1.320277116762924,0.1682993191595816,0.901382996615307,0.6507675411335909,1399337.355284231,Valid,34983.43388210578,1795.248267091508,7497.647753341153,654.7912159863049,0.2143199486536466,0.0217093280157097,40.0,71809.93068366032,TWNGGWTDTLYLPTASSG
S55G_H57W_I58T_S100A_S103P_L108G,678.2502002878314,319.1390608585112,0.04508091644634435,0.02134387444350864,0.8974321536235834,0.6465662921015652,1393203.933415901,Valid,34830.09833539752,751.4084206577961,254.8853869396944,118.9272584561929,0.007317963460374634,0.00341814460523687,40.0,30056.33682631185,TWNGGWTDVAYLPTASSG
S55A_H57W_I58T_L108G,103.3382972389668,29.27918588481642,0.4571454786839272,0.165781628495153,0.8913998319685897,0.5660301491191067,1438214.110798575,Valid,3595.535276996437,60.4139254025138,165.940178525494,44.75974048041759,0.04615173145071007,0.01247282963171256,400.0,24165.57016100552,TWNAGWTDVSYLSTASSG
S55A_I58H_V99T_S100K_S103P_L108G,10.05195012504403,0.2538624000837133,3.290361869370346,0.7975796367622093,0.888918189010324,0.5642937042582756,1434210.145582809,Valid,35855.25363957023,260.7171362474665,11910.50107849908,181.2512602925057,0.3321828705558095,0.005602512636929733,40.0,10428.68544989866,TWNAGHHDTKYLPTASSG
S55G_S103P_L108G,992.5041730824161,450.1756620894112,0.04893263417760813,0.02693851384156635,0.877522186602678,0.3644668558785726,1887939.353703185,Valid,37758.78707406369,2333.875752628913,189.2663113247145,84.61136273128035,0.005012510358276856,0.002262156119401896,50.0,116693.7876314456,TWNGGHIDVSYLPTASSG
S55G_H57W_I58T_V99T_L108G,126.9337752138079,9.500756247796724,0.3699621777136182,0.119645511126517,0.87533095169442,0.360773818761248,1883225.035729614,Valid,37664.50071459227,1299.095041871881,1427.401764770026,90.2318777529789,0.03789780131658591,0.002729079585972687,50.0,64954.75209359405,TWNGGWTDTSYLSTASSG
T52V_I58T_V99T_S100K_L108G,14.79448712036888,1.091078684920446,1.556066848502907,0.1478432911751562,0.8674994189129075,0.6260059761011628,1346735.346828686,Valid,26934.70693657371,1244.908114271406,6803.587982044106,204.3355108969334,0.2525955822747694,0.01392315214075291,50.0,62245.4057135703,VWNSGHTDTKYLSTASSG
I58T_V99T_L108G,130.1423061444483,9.493323416641813,0.3611785841504566,0.1166646346546821,0.8674333602874839,0.3566929459225833,1866233.814488419,Valid,37324.67628976838,751.8653025433001,1380.939742506448,92.9326749776462,0.03699803668183446,0.00259899611026329,50.0,37593.265127165,TWNSGHTDTSYLSTASSG
S55G_V99T_S100L_S103P_L108G,6.15724157196007,0.1126263267647706,2.76067744813673,0.2154516557196214,0.8651437649042097,0.6230365030025752,1343078.350121544,Valid,33576.95875303859,151.8812441667205,15047.15952257538,135.7894053643733,0.4481394408960184,0.004523725580467981,40.0,6075.24976666882,TWNGGHIDTLYLPTASSG
S55G_I58T_V99T_S100A_S103P_L108G,19.99677432103897,2.195117633538603,1.952672219431015,0.6390732614468323,0.8636595896599627,0.355072849384662,1858114.760419679,Valid,46452.86901049197,857.4838379908851,9291.77269312587,797.736067737136,0.2000258087617194,0.01756547362217497,40.0,34299.35351963541,TWNGGHTDTAYLPTASSG
T52V_S55G_H57W_I58T_V99T_S100K_L108G,17.23980084363372,0.8696800055614113,1.384973966614494,0.1200860498792212,0.8635143220610965,0.6220342968277222,1340548.74811304,Valid,33513.71870282601,586.3723058011482,7534.626532507711,263.5017322579751,0.2248221571386634,0.008791595583314363,40.0,23454.89223204593,VWNGGWTDTKYLSTASSG
T52V_I58T_S103P_L108G,1242.14787555697,644.1000065552695,0.03913770591982194,0.02368173181709811,0.8620945064292446,0.3569802156203624,1854747.572366539,Valid,37094.95144733078,1956.709151632188,148.7191381806442,76.40558666486561,0.004009147670453294,0.002070558023976725,50.0,97835.4575816094,VWNSGHTDVSYLPTASSG
S55G_I58T_S100K_S103P_L108G,21.02013671164575,0.8283622995132937,1.903385954499721,0.4642318936275669,0.8580110102079185,0.5447104100763623,1384343.476233739,Valid,34608.58690584348,358.7318621959541,6650.346862004345,200.1802150783404,0.1921588673960412,0.006117460604917281,40.0,14349.27448783816,TWNGGHTDVKYLPTASSG
S55G_H57Y_I58T_V99T_L108G,149.0839501570563,11.39550694989581,0.3167786569745084,0.102584945928999,0.8574328610086214,0.3528658101129097,1844718.305896733,Valid,36894.36611793467,961.6356968603642,1197.216390166809,82.860864369921,0.03244984305570794,0.002399876247249844,50.0,48081.78484301821,TWNGGYTDTSYLSTASSG
S55G_H57W_I58T_V99T_S103P_L108G,34.7058929351512,1.883098880455279,1.24733028500321,0.3073649310413939,0.8567867468547268,0.5440168131410642,1382368.209056489,Valid,34559.20522641222,525.6920478100396,4351.898757554113,195.489773128686,0.1259258923647969,0.005972184212549256,40.0,21027.68191240159,TWNGGWTDTSYLPTASSG
S100A_S103P_L108G,1406.354939047995,1069.325451935433,0.02182409565371304,0.0209173534214883,0.8564537225123818,0.6177938668152593,1329587.635316017,Valid,33239.69088290042,1238.605661376877,99.04459424721117,106.6906942836431,0.00354269493921399,0.002684153902135843,40.0,49544.22645507507,TWNSGHIDVAYLPTASSG
S55G_H57W_I58D_V99T_S100K_S103P_L108G,54.49490706834426,1.824505680652028,0.8324470982737411,0.2029074132067528,0.8551608976984709,0.5428738370082391,1379745.00999957,Valid,34493.62524998926,282.5501897293915,2898.872100965298,85.66845804225532,0.08404080695943088,0.002577244629156614,40.0,11302.00758917566,TWNGGWDDTKYLPTASSG
S55G_H57W_I58H_V99T_S100K_S103P_L108G,24.79442212501686,1.249081541860577,1.662269620242921,0.4079518225309894,0.8420038946193318,0.5347200023060328,1358517.064014379,Valid,33962.92660035947,650.1689974060321,5699.544441213129,212.57793736573,0.1678166463178943,0.007035433493325655,40.0,26006.75989624128,TWNGGWHDTKYLPTASSG
S55G_I58H_V99T_S100L_S103P_L108G,6.387256450976512,0.6762643931909799,2.704913630752769,0.2638605668760788,0.8396755846386281,0.6054762985757066,1303540.688383344,Valid,32588.5172095836,1202.089482393819,14309.20492125607,665.9962874445366,0.4390873272702334,0.02607644134586867,40.0,48083.57929575276,TWNGGHHDTLYLPTASSG
S55G_I58H_S103P_L108G,760.9957022361447,194.5111660759739,0.06372164576065968,0.02579610386966672,0.8355229023775431,0.3438191418720059,1797580.269082229,Valid,35951.60538164458,916.5266619937246,234.6723700713483,59.28986122287902,0.006527451766901136,0.001657531825541756,50.0,45826.33309968623,TWNGGHHDVSYLPTASSG
S55G_S100A_S103P_L108G,240.034822196716,40.69235235874843,0.1257027263104508,0.02303046700681425,0.8316842315095159,0.5998285887919003,1291134.642346504,Valid,32278.3660586626,1274.72890169087,658.6485498120192,106.2424004122745,0.02040526303639389,0.0033886536860597,40.0,50989.1560676348,TWNGGHIDVAYLPTASSG
S55G_H57Y_I58T_V99T_S100L_S103P_L108G,16.48073344541344,0.8252136748810001,1.433914967074856,0.1238876133171624,0.8209188534604219,0.5914504872475239,1274422.106493908,Valid,31860.55266234769,699.1234032590044,7416.076537449553,233.8498230062903,0.2327667261784117,0.008942072950526741,40.0,27964.93613036018,TWNGGYTDTLYLPTASSG
S55G_H57Y_I58T_S103P_L108G,inf,,0.0,,0.8180427653562936,0.3378152843058143,1759972.742920063,Valid (Non-binding),35199.45485840127,1513.365921467115,-20.93454838380057,51.90291127109233,0.0,0.0,50.0,75668.29607335574,TWNGGYTDVSYLPTASSG
S55G_H57W_I58T_V99T_S100A_S103P_L108G,41.52766814990468,2.612724182706067,1.049064110301418,0.335954065396488,0.8168598046945346,0.3366683925007875,1757427.669962006,Valid,43935.69174905015,1511.45046396146,4721.458596151478,209.5517434899978,0.1074629397693175,0.006034495874054599,40.0,60458.0185584584,TWNGGWTDTAYLPTASSG
S55G_H57Y_I58D_V99T_S100K_S103P_L108G,33.12786676272275,1.013467975068357,1.29895446444254,0.3159938483774071,0.8060063880654976,0.511812051108239,1300437.490715656,Valid,32510.93726789141,555.1871891558479,4263.408895941306,86.84339786292819,0.1311376802462091,0.003485740235124457,40.0,22207.48756623392,TWNGGYDDTKYLPTASSG
S55A_I58D_V99T_S100K_L108G,33.28293717547444,7.596837765054294,0.8045763325301083,0.1713709021833029,0.799519016511888,0.5851640272481481,1241200.278090753,Valid,24824.00556181505,3243.260964450922,3242.176200853037,484.254252980187,0.1306064886579078,0.02591745510146409,50.0,162163.0482225461,TWNAGHDDTKYLSTASSG
S55G_I58H_S100L_L108G,165.8052900526795,17.16467864763609,0.2857669500577255,0.09456262065957677,0.7898546937652353,0.3264110738009975,1699327.701148764,Valid,33986.55402297527,1555.814912783751,994.891727665261,89.0036630679802,0.02927309803143631,0.002941731608988128,50.0,77790.74563918755,TWNGGHHDVLYLSTASSG
S55A_I58T_V99T_S100L_L108G,25.69268114227139,0.5271587566177297,1.590297913884599,0.5021324815260743,0.7848960449545795,0.3224074189615851,1688659.448683178,Valid,42216.48621707944,279.0009756887792,6877.288761674346,109.0256488660062,0.1629052860134062,0.0027979617558731,40.0,11160.03902755117,TWNAGHTDTLYLSTASSG
S55G_H57W_I58T_V99T_S100T_L108G,115.8499500297977,13.80120070920543,0.2548742898406587,0.03516038220637354,0.7816889813834643,0.5644362080744089,1213520.330393801,Valid,24270.40660787602,1281.500464853193,1004.154598404539,101.6825300020206,0.04137362074843359,0.004724914192143951,50.0,64075.02324265966,TWNGGWTDTTYLSTASSG
I58T_S100T_L108G,375.1010252350597,192.304310434007,0.08103515419900716,0.04147491661281669,0.7769400311533466,0.5595337602390276,1206147.89993933,Valid,24122.95799878659,175.471216226858,317.3229799086785,160.5264530668752,0.01315439756287932,0.00665519739374531,50.0,8773.560811342899,TWNSGHTDVTYLSTASSG
H57W_I58T_S100A_S103P_L108G,44013.29223193121,1555599.455030692,0.0006997442115389494,0.02472890856971775,0.7670992682329236,0.5536445303338283,1190870.767787123,Valid,29771.76919467808,1429.204203840657,3.381749686904186,119.510386471374,0.0001135891409338448,0.004014222196605674,40.0,57168.16815362628,TWNSGWTDVAYLPTASSG
S55G_H57Y_I58T_S100A_L108G,451.0178448843728,271.016835558673,0.06754460496810989,0.04048145247853943,0.7651593004255699,0.5532166344176216,1187859.096354367,Valid,23757.18192708733,1528.65700247335,260.4852221639612,153.8994571731496,0.01096448320189705,0.006516322933958494,50.0,76432.85012366751,TWNGGYTDVAYLSTASSG
H57Y_V99T_S100K_S103P_L108G,49.5386355631229,3.095616914317059,0.9080968425362856,0.2255563600350333,0.7626912083975288,0.484584666825831,1230551.340442696,Valid,30763.78351106741,844.7883617787625,2820.36607566589,140.1023115279137,0.0916781277781145,0.005203657188936859,40.0,33791.5344711505,TWNSGYIDTKYLPTASSG
V99T_S100T_L108G,89.2709388520369,11.53398198639556,0.3267342573034981,0.04834067373404909,0.7614168291841814,0.5499662843398652,1182049.15781679,Valid,23640.98315633579,1163.876234846408,1483.154793430709,121.5019099435385,0.05303861466626271,0.006489236593943517,50.0,58193.8117423204,TWNSGHIDTTYLSTASSG
S55G_I58T_S100K_L108G,23.025857230931,2.985837572344976,1.767166739736647,0.4669575306157752,0.760893091582418,0.4854442915395801,1227650.199020395,Valid,24553.0039804079,1573.032734240746,4380.419799132805,372.8746438085294,0.1784066749074031,0.01900720997421438,50.0,78651.6367120373,TWNGGHTDVKYLSTASSG
S55G_I58H_V99T_L108G,80.2143992186163,6.85225473475799,0.5727964667902748,0.1863724489995426,0.75877674795749,0.3131473902094227,1632465.258445348,Valid,32649.30516890697,1321.289290149498,1915.715270440719,133.1157198856057,0.05867552955660197,0.004718212871362034,50.0,66064.4645074749,TWNGGHHDTSYLSTASSG
T52V_I58T_S100A_S103P_L108G,inf,,0.0,,0.7580587206228644,0.5474139785183524,1176835.91686306,Valid (Non-binding),29420.89792157649,1574.81900761228,-4.447280197176042,100.6527378070173,0.0,0.0,40.0,62992.7603044912,VWNSGHTDVAYLPTASSG
I58T_S100A_L108G,640.1358605180469,542.8828776119594,0.0477442769440688,0.04034642290057175,0.7576904843628068,0.5469823013418673,1176264.254477366,Valid,23525.28508954732,1187.792676898379,182.3281461261231,153.1530106030091,0.00775030548756812,0.00652189469375349,50.0,59389.63384491896,TWNSGHTDVAYLSTASSG
S55G_H57Y_I58T_S100T_L108G,337.1202207831748,181.4387352110771,0.09003134956657483,0.04825254471399863,0.753059240471972,0.5423508197524894,1169074.555312625,Valid,23381.4911062525,212.2950463196529,341.7145448568936,181.1970292840019,0.01461474562524863,0.007750728546844026,50.0,10614.75231598265,TWNGGYTDVTYLSTASSG
S55A_H57Y_I58D_V99T_S100K_L108G,89.733678638239,23.96927040754319,0.3251382785286542,0.08602757615166874,0.742860648662211,0.5403009537737573,1153241.917527928,Valid,23064.83835055857,2352.206920817834,1217.351562934478,281.8830254970279,0.05277954020020251,0.0133541427845894,50.0,117610.3460408917,TWNAGYDDTKYLSTASSG
S55G_I58T_S100L_S103P_L108G,183.32517143314,17.59761689293701,0.2629832346585286,0.06817520073774262,0.7361269871270307,0.4678939264439655,1187691.743095417,Valid,29692.29357738543,974.5210860081646,788.3251439897645,68.96987217430033,0.02654982316994796,0.002480887781301391,40.0,38980.84344032659,TWNGGHTDVLYLPTASSG
S55G_H57W_I58T_V99T_S100A_L108G,60.15246804811645,3.786857997451148,0.7491735655513739,0.2401796371906235,0.7354721705244177,0.3024707257690031,1582326.778155002,Valid,39558.16945387504,840.5489864990204,3035.815114836517,164.2370174178089,0.07674306361360549,0.004460538378675983,40.0,33621.95945996082,TWNGGWTDTAYLSTASSG
H57Y_I58T_V99T_L108G,244.5351475970238,41.34978617916663,0.1956057383583648,0.06966979495150763,0.7342045990300006,0.3031426850436131,1579599.669775888,Valid,31591.99339551776,1336.955349544673,633.0169056291802,101.4170569659837,0.02003725746913432,0.003320319081076399,50.0,66847.76747723365,TWNSGYTDTSYLSTASSG
T52V_H57W_I58T_V99T_S100K_L108G,118.634549145318,10.96602774760284,0.2491338012234762,0.0293259119300185,0.7332848782121909,0.5281740003714482,1138376.168621353,Valid,22767.52337242705,329.43355593314,920.7589435889186,80.57463135370294,0.0404417699952388,0.00358706829923968,50.0,16471.677796657,VWNSGWTDTKYLSTASSG
S55G_H57Y_I58T_S100T_S103P_L108G,1054.672353956751,961.2011771034862,0.02906704612620373,0.02646174145025006,0.7329605986803263,0.5279704289719601,1137872.746142566,Valid,28446.81865356415,465.9841114521709,134.2245956844372,121.7317778499822,0.00471843960194895,0.0042799735999059,40.0,18639.36445808683,TWNGGYTDVTYLPTASSG
S55A_V99T_S100K_S103P_L108G,8.413841106842513,0.1905695963038358,3.692183495885102,0.8943512787607776,0.729743886952623,0.463296042848355,1177393.037158711,Valid,29434.82592896777,343.0896667449868,10971.81101763343,89.11976985923917,0.372749308730775,0.005295625967354144,40.0,13723.58666979947,TWNAGHIDTKYLPTASSG
H57W_V99T_S100K_S103P_L108G,48.17977435011476,2.737667792191207,0.9313007314594255,0.2302458011280559,0.7292068086931497,0.463231041380903,1176526.497247354,Valid,29413.16243118385,730.3434742847166,2765.446336565772,124.7085838666255,0.09402070732910528,0.004840138293166184,40.0,29213.73897138867,TWNSGWIDTKYLPTASSG
T52V_S55G_I58T_L108G,inf,,0.0,,0.7200742238559547,0.4586453773901966,1161791.681388221,Valid (Non-binding),2904.479203470553,152.7172590123736,-23.94461224961742,31.30497315640148,0.0,0.0,400.0,61086.90360494944,VWNGGHTDVSYLSTASSG
S55G_I58T_V99T_S100A_L108G,63.19678449709858,3.708529934322466,0.7157303258800423,0.2289874153118659,0.7199374563115155,0.2966489540128054,1548904.719136054,Valid,38722.61797840136,1284.259578508028,2839.035466551125,122.3491967876787,0.073317239762422,0.003986979450217442,40.0,51370.38314032112,TWNGGHTDTAYLSTASSG
S100L_L108G,1037.14173191513,460.0039277347347,0.04683672603953876,0.03242418896062437,0.7198111509170693,0.2970848222720927,1548632.980223465,Valid (Non-binding),30972.65960446931,1213.604753990199,148.4682279252854,80.8727244968637,0.004797811897246998,0.002117765990629952,50.0,60680.23769950997,TWNSGHIDVLYLSTASSG
S55A_I58T_V99T_S100L_S103P_L108G,7.774884403166215,0.3817307917252603,2.411101675682459,0.2000155663073613,0.7172050598870828,0.5167540273713158,1113413.316500779,Valid,27835.33291251947,643.8100242576402,10894.55373295611,206.1154701803176,0.3913929740734691,0.01169535043555773,40.0,25752.40097030561,TWNAGHTDTLYLPTASSG
H57Y_I58D_L108G,5997.524467373675,78915.29231483901,0.008250922261176333,0.108493363603853,0.7135517397711739,0.4565140388365178,1151268.088818685,Valid,2878.170222046712,229.9741974924703,2.397466464060926,31.51895066284587,0.00083298286032438,0.01095123997795392,400.0,91989.67899698812,TWNSGYDDVSYLSTASSG
S55G_H57Y_S100K_L108G,88.4389463490087,8.220033290258241,0.5300398247869851,0.1363880326877908,0.7111008207469187,0.4516351853987151,1147313.694619031,Valid,22946.27389238063,486.0507615920788,1227.875248436171,104.8409365317351,0.05351087737359792,0.004707471676306717,50.0,24302.53807960394,TWNGGYIDVKYLSTASSG
H57Y_I58T_S100A_S103P_L108G,inf,,0.0,,0.7103779405598658,0.5118745730480727,1102814.666271708,Valid (Non-binding),27570.36665679269,683.8405452822774,-315.1125692558462,108.296879987756,0.0,0.0,40.0,27353.62181129109,TWNSGYTDVAYLPTASSG
S55G_H57W_I58T_V99T_S100L_L108G,60.29914505384522,3.311650659097729,0.7474907481840777,0.2386983458203115,0.7103427857712024,0.2920400238462912,1528262.328122555,Valid,38206.55820306387,704.8889971834182,2925.50217706212,138.2013232810483,0.07657068091591453,0.003883287380158711,40.0,28195.55988733673,TWNGGWTDTLYLSTASSG
T52V_H57Y_I58T_V99T_S100K_L108G,89.165090941787,8.460079896372397,0.3271015286351217,0.03878683956804774,0.7066277984192175,0.5097197887909508,1096992.819171485,Valid,21939.8563834297,913.1553498014872,1164.96762037818,92.75571908044012,0.05309823364468482,0.004770507780510593,50.0,45657.76749007436,VWNSGYTDTKYLSTASSG
S55G_I58H_V99T_S100A_L108G,82.75972898205825,5.289075889049327,0.5561834267065511,0.1785285041621472,0.7048234713383102,0.2895738018268693,1516387.835280772,Valid,37909.6958820193,398.5601494747468,2159.857164655193,128.1736901007838,0.05697374021086835,0.003433675549748679,40.0,15942.40597898987,TWNGGHHDTAYLSTASSG
S55G_H57W_I58T_S100A_L108G,332.2614512705831,146.7932141422854,0.09132838951823123,0.04037415344615398,0.6993943550281486,0.5047134306287091,1085763.377765928,Valid,21715.26755531857,1011.218479573923,321.9352148534836,139.3181825923728,0.01482529349607918,0.006452716356089524,50.0,50560.92397869615,TWNGGWTDVAYLSTASSG
I58T_S100K_L108G,55.52769764338711,6.84152179820949,0.8182429644508382,0.2184092196751227,0.6986775286609933,0.4449243416180818,1127269.54233207,Valid,22545.3908466414,1148.677035272329,1862.402810980254,187.910913412416,0.0826068096866769,0.009337151604240616,50.0,57433.85176361645,TWNSGHTDVKYLSTASSG
S55G_I58D_S100K_L108G,39.27882020717467,8.373658399706084,1.118511345139321,0.3433594319717607,0.6986145099893697,0.4528235764994419,1127167.865913114,Valid,22543.35731826227,2956.445294792992,2545.61404445567,346.8430132177459,0.1129208044976282,0.02135468466998405,50.0,147822.2647396496,TWNGGHDDVKYLSTASSG
I58H_V99T_S100K_S103P_L108G,17.67696101006083,1.056920599656843,2.183994704102383,0.5378349427027893,0.6955743385091298,0.4422406496250033,1122262.752219663,Valid,28056.56880549158,1012.115098359003,6186.139490437905,182.5630626887504,0.2204880979325981,0.01027643927159062,40.0,40484.60393436012,TWNSGHHDTKYLPTASSG
S55A_I58T_V99T_L108G,106.1640406684552,8.76691915062857,0.4390853957680063,0.1427001109611398,0.694671302787109,0.2869035377636687,1494546.018827738,Valid,29890.92037655476,1299.590323050812,1344.450966194362,88.46166285886386,0.04497857373601968,0.003547221899124136,50.0,64979.5161525406,TWNAGHTDTSYLSTASSG
I58T_S100K_S103P_L108G,99.85084041126032,15.24349261737264,0.4723506512379871,0.1332739008179818,0.692411836441387,0.4396237519686503,1117160.266291197,Valid,27929.00665727992,383.7969672041312,1331.844673239287,192.76018788713,0.04768678992355536,0.00693283169972427,40.0,15351.87868816525,TWNSGHTDVKYLPTASSG
V99T_L108G,200.4946869071069,30.08973872343257,0.2375268554468465,0.08494307436695905,0.6901783753159227,0.2868448001304881,1484879.739483821,Valid,29697.59478967642,1750.528203100876,757.1629995693947,86.41974910482193,0.02433152932202198,0.003562765398271031,50.0,87526.41015504379,TWNSGHIDTSYLSTASSG
S55G_S100T_S103P_L108G,184.7226287759702,28.42657722451153,0.1623504027423903,0.02737833160631865,0.6893312571832944,0.4964319352438624,1070141.085380714,Valid,26753.52713451786,160.6480127959786,705.0694824102711,105.5573088996687,0.0263542627058164,0.003948719711693353,40.0,6425.920511839144,TWNGGHIDVTYLPTASSG
S55G_V99T_L108G,82.16840443834376,9.991866882926942,0.5599564097402309,0.1878491709923766,0.6888144905810891,0.2876822277651509,1481945.418615221,Valid,29638.90837230442,2246.768061624357,1700.094693901889,146.1788480730906,0.05736023312823876,0.006575040778639124,50.0,112338.4030812179,TWNGGHIDTSYLSTASSG
I58T_V99T_S103P_L108G,54.076807673246,6.069419600173885,0.8383385071353133,0.2202577963673004,0.6859407780215685,0.4364663505196005,1106719.645598424,Valid,27667.99113996061,1222.291282924609,2341.696532841818,217.2033634114555,0.08463558199784618,0.008695271130611294,40.0,48891.65131698436,TWNSGHTDTSYLPTASSG
S55G_H57Y_I58T_V99T_S100T_S103P_L108G,35.82862995826836,3.29633661552149,1.195497052974088,0.3890782465426993,0.6844666113999576,0.2845988910873334,1472591.202463736,Valid,36814.78006159341,2386.730657931241,4508.451557059644,216.9337446003533,0.1224630854650422,0.009887168711778083,40.0,95469.22631724963,TWNGGYTDTTYLPTASSG
H57W_I58T_V99T_S100T_L108G,399.6843736612034,179.2926732357734,0.07611251433422143,0.03423169313998125,0.6766232333413561,0.4945501257975777,1050412.720700394,Valid,21008.25441400788,2626.224328106692,259.5634497070514,110.3251581278942,0.01235530780386874,0.005473935513657835,50.0,131311.2164053346,TWNSGWTDTTYLSTASSG
S55A_I58H_L108G,54.30764440803022,9.798189745074108,0.8350755327656081,0.2445601120886218,0.6758272672576329,0.4306054535455819,1090402.171252167,Valid,2726.005428130418,150.1502706508929,229.8190608765199,35.79598081028605,0.08430616406884309,0.01392818414002002,400.0,60060.10826035716,TWNAGHHDVSYLSTASSG
T52V_V99T_S100K_L108G,27.98014492743365,1.960254126453936,0.933942081179344,0.09113294864796019,0.67569991424285,0.4870615599142604,1048979.329000929,Valid,20979.58658001859,659.4796306301812,3180.638930814292,160.4469671060199,0.1516063683468196,0.009011088635372897,50.0,32973.98153150906,VWNSGHIDTKYLSTASSG
S55A_I58T_S100K_L108G,49.53753030230334,6.719615813792342,0.9081152460806861,0.2464552175631641,0.675225595998389,0.4343446573559158,1089431.414848506,Valid,21788.62829697011,2269.720566949826,1997.581131396583,131.439233842627,0.09167998573248246,0.01129596955566994,50.0,113486.0283474913,TWNAGHTDVKYLSTASSG
S55H_I58T_L108G,inf,,0.0,,0.6745581758491326,0.4287331159307161,1088354.577000811,Valid (Non-binding),2720.886442502029,87.19054396349445,-19.36280853450262,61.72143076434256,0.0,0.0,400.0,34876.21758539778,TWNHGHTDVSYLSTASSG
H57Y_I58T_V99T_S100L_L108G,210.6002296441739,33.58023880696235,0.2263935751489509,0.07961210971662336,0.6741016157477636,0.2769345312884823,1450291.500539961,Valid,36257.28751349902,342.8491536009712,840.8452897600796,130.7220319340142,0.02319106991793092,0.00361206324927551,40.0,13713.96614403885,TWNSGYTDTLYLSTASSG
S55G_I58D_V99T_L108G,139.7908365268864,12.66606636460018,0.337110468886722,0.1102994914270229,0.6691569867322593,0.2753222142126741,1439653.410870714,Valid,28793.06821741427,707.8246027241117,994.298703843308,83.47452043160611,0.03453257208767867,0.0030208531167762,50.0,35391.23013620559,TWNGGHDDTSYLSTASSG
S55G_H57Y_I58T_V99T_S100A_S103P_L108G,55.22210607429209,5.454685400448462,0.810508133539286,0.2658732082104562,0.6638461009438318,0.2767887652476713,1428227.340469219,Valid,35705.68351173049,2565.142845941823,2964.499736000823,163.5281769700919,0.08302599038684941,0.007520173025204939,40.0,102605.7138376729,TWNGGYTDTAYLPTASSG
S55A_I58T_S100A_S103P_L108G,1982.395820190841,3226.718873495208,0.01549844519053383,0.02519171094231529,0.6633451976821877,0.4799065603794761,1029799.450456291,Valid,25744.98626140728,1783.600109143771,64.77065615176525,105.0653030090145,0.00251585514531266,0.00408472091864461,40.0,71344.00436575085,TWNAGHTDVAYLPTASSG
I58T_V99T_S100T_S103P_L108G,37.67946500764774,4.115118079943027,1.143653201447886,0.3770555410909288,0.6613402821449322,0.2717464034453764,1422836.213047123,Valid,35570.90532617808,445.8647529014547,4167.215465306809,398.3897099206338,0.1171523588476109,0.01129573179784213,40.0,17834.59011605819,TWNSGHTDTTYLPTASSG
S55G_H57Y_I58T_S100K_L108G,56.6825816210675,5.305513335402789,0.802922988135657,0.2060729150186875,0.6609929388888619,0.4196848502419608,1066467.972905877,Valid,21329.35945811754,306.9100304912512,1728.961312704895,146.6177201286307,0.08106016104702507,0.006972240040906485,50.0,15345.50152456256,TWNGGYTDVKYLSTASSG
H57W_I58T_V99T_S103P_L108G,153.2609083462559,37.28604253264056,0.3129412264129771,0.105651566499372,0.6568066419871363,0.4174565273394177,1059713.662370774,Valid,26492.84155926936,853.6387500052427,836.9989100942794,195.342811818351,0.03159339885160143,0.007443359359180357,40.0,34145.55000020971,TWNSGWTDTSYLPTASSG
H57Y_I58T_V99T_S100L_S103P_L108G,50.30367049956696,4.612651493739708,0.5569529999164333,0.06336881683009125,0.6557030709620832,0.4728757970977879,1017935.555271432,Valid,25448.38888178581,982.5036714186551,2300.786607100978,170.1024796511863,0.0904099123048108,0.007540718604652598,40.0,39300.14685674621,TWNSGYTDTLYLPTASSG
S55G_V99T_S100T_L108G,50.89494306524088,5.978032499175832,0.5510613930704257,0.07274716239419875,0.654495323673465,0.4714600984680267,1016060.607659759,Valid,20321.21215319518,346.5673697500167,1817.804173221552,191.9286964188911,0.0894535306022939,0.009567164465707793,50.0,17328.36848750084,TWNGGHIDTTYLSTASSG
S55G_S100L_L108G,215.7397456178904,33.12211148934544,0.2211224202304391,0.07720833806520778,0.6501404003266928,0.2680601936145267,1398740.300756471,Valid,27974.80601512943,1015.131820849227,633.660375407766,92.2588252187249,0.02265110882502876,0.003398810439686821,50.0,50756.59104246135,TWNGGHIDVLYLSTASSG
S55G_I58H_S100A_L108G,121.7029082343394,27.18467513601598,0.243100538261961,0.05544741064059796,0.6489362668441201,0.4736617906720323,1007430.540406815,Valid,20148.6108081363,2397.625970851788,795.1124046368004,141.9522028043806,0.03946239332369866,0.00846683282604943,50.0,119881.2985425894,TWNGGHHDVAYLSTASSG
V99T_S100L_S103P_L108G,20.65581699490082,1.373109606789626,1.200567699607683,0.1169598119825622,0.6457775285224394,0.4656675151040077,1002526.808535132,Valid,25063.1702133783,708.278962065556,4892.774475035738,212.8784850185609,0.1948875766066529,0.01043046119855514,40.0,28331.15848262224,TWNSGHIDTLYLPTASSG
H57W_I58D_V99T_S100K_L108G,105.1685513051636,10.07900690177144,0.2795856424198991,0.03350214978955995,0.645486179601282,0.4653138461199092,1002074.508646707,Valid,20041.49017293414,651.7647164194539,909.583085894441,77.78024818603458,0.04538500271416069,0.004152144601827955,50.0,32588.23582097269,TWNSGWDDTKYLSTASSG
S55G_H57W_I58T_S100T_S103P_L108G,404.5006551865103,152.5542622512323,0.07521732822892545,0.02861946160403023,0.6419709490679271,0.4632006664726769,996617.3462460072,Valid,24915.43365615018,1115.141970355841,304.2172624217446,112.5113862481026,0.01220999267442615,0.004548677519677365,40.0,44605.67881423364,TWNGGWTDVTYLPTASSG
S55A_H57Y_I58T_V99T_S100L_L108G,84.04395141949024,7.817350326033579,0.5481619583808761,0.1793996743363316,0.6387000119646391,0.2623364520052688,1374126.952239337,Valid,34353.17380598343,151.5384698142093,1929.000974145004,169.137023305893,0.05615204536964857,0.004929702727475697,40.0,6061.538792568372,TWNAGYTDTLYLSTASSG
S100T_S103P_L108G,1718.171934906744,955.1249827523773,0.01787491112591194,0.02503470890223143,0.6372404366714646,0.4594272812111567,989273.5393061585,Valid,24731.83848265397,789.8010844276384,-40.38231918663097,106.0637932411053,0.002901625716339556,0.001608321930117007,40.0,31592.04337710554,TWNSGHIDVTYLPTASSG
S55G_H57Y_I58H_S100K_L108G,65.89825216945371,10.35748309627888,0.6985554824784149,0.197352516872891,0.6343342201100258,0.4056648197215799,1023455.910138421,Valid,20469.11820276841,1591.641465673699,1443.555911212396,178.5333638051372,0.07052360032867261,0.01030275043377818,50.0,79582.07328368495,TWNGGYHDVKYLSTASSG
T52V_S55A_I58T_V99T_S100K_L108G,8.774318169475128,1.580256298212509,2.236157522437821,0.3094522414567852,0.6322345366543038,0.4556185134410567,981502.2113388744,Valid,19630.04422677749,531.2903864919551,7125.595613973501,794.4084688397762,0.3629943739124857,0.04164446751797152,50.0,26564.51932459776,VWNAGHTDTKYLSTASSG
T52V_H57Y_I58T_S103P_L108G,1050.616019012679,531.8397052905482,0.04623888413301269,0.02748143480036029,0.6305927464865076,0.2607368524014565,1356684.629092682,Valid,27133.69258185364,1295.925970376791,128.5206556794765,64.45958303642973,0.004736570788947023,0.002386375696380132,50.0,64796.29851883955,VWNSGYTDVSYLPTASSG
I58T_V99T_S100A_L108G,76.94941883861136,5.858944223274961,0.5956174855639339,0.1925539582203523,0.6285257026534524,0.2593871481965294,1352237.501193429,Valid,33805.93752983572,1365.023933331216,2062.609961665017,121.6954229073809,0.06101324537574628,0.004362120032132053,40.0,54600.95733324865,TWNSGHTDTAYLSTASSG
S55G_H57Y_I58T_V99T_S103P_L108G,22.74526911145075,5.800346629198846,1.785038110539322,0.570591539116363,0.6275265587420025,0.4163452117086066,1012472.20306344,Valid,25311.80507658601,4886.068336140599,4561.463248907464,366.1214424917973,0.180210902980085,0.0376743761052228,40.0,195442.7334456239,TWNGGYTDTSYLPTASSG
S55G_H57W_I58T_S100K_S103P_L108G,62.76949696605357,6.972491397581718,0.7308061143779382,0.1920478790747816,0.6265117078581864,0.3978742702089811,1010834.808923218,Valid,25270.87022308045,489.056766070219,1864.472318256906,188.4028898300967,0.07377950588159968,0.007590833532894087,40.0,19562.27064280876,TWNGGWTDVKYLPTASSG
H57Y_I58T_V99T_S100T_L108G,363.7467333951514,153.9666214406431,0.08353035403873432,0.03547127271202852,0.6245995567876664,0.4500640519990394,969649.4111703036,Valid,19392.98822340607,479.6691578177436,262.9581019586203,109.6027927267668,0.01355944215142909,0.005661613534724352,50.0,23983.45789088718,TWNSGYTDTTYLSTASSG
S55H_I58T_V99T_S100K_S103P_L108G,25.97576233590491,0.8819645242244586,1.598874701259624,0.3892969387505193,0.6241381044521643,0.396417924911099,1007005.158311279,Valid,25175.12895778198,550.6394143358798,4063.681901478299,74.07684772451977,0.1614165277283379,0.004595969246408821,40.0,22025.57657343519,TWNHGHTDTKYLPTASSG
S55G_I58T_S100T_L108G,90.42250414874695,13.46276010094244,0.3227912059728548,0.05194233079530284,0.6220223956447235,0.4480669633883979,965648.539319549,Valid,19312.97078639098,327.3470437936605,1011.971492400024,141.7407367521458,0.05239854104232977,0.007392689952808536,50.0,16367.35218968302,TWNGGHTDVTYLSTASSG
S100A_L108G,1349.945355218146,1122.769002146126,0.02273268443815931,0.04730391656680502,0.6207364779619549,0.4496142820645672,963652.2373523768,Valid (Non-binding),19273.04474704754,1321.976769793864,33.93548918035412,146.9203309090094,0.003690185719109685,0.003057854784786954,50.0,66098.83848969321,TWNSGHIDVAYLSTASSG
S100K_L108G,71.1062903497344,7.560465476273786,0.6507525530875112,0.1711683591373915,0.6197568930721792,0.3957534549960399,999936.3662797951,Valid,19998.7273255959,1224.74793775664,1341.001834022611,101.5310322095716,0.0656975918419265,0.006526456258906922,50.0,61237.39688783201,TWNSGHIDVKYLSTASSG
I58H_V99T_S100T_L108G,69.63182798421214,10.24306284534343,0.4127132621974586,0.06502795878844529,0.6173926081858149,0.4449933519333256,958461.1011688355,Valid,19169.22202337671,574.2623219354963,1284.252479212477,172.010925989512,0.06699554513200075,0.009194998939196498,50.0,28713.11609677481,TWNSGHHDTTYLSTASSG
S55G_I58H_V99T_S100T_L108G,42.11435119137667,5.416168181102472,0.6537614211434025,0.09059761251514054,0.616042602136672,0.4447597337520981,956365.3062608785,Valid,19127.30612521757,980.7492454762502,2029.881091593854,208.8531390782154,0.1061247767095464,0.0121998844153892,50.0,49037.46227381251,TWNGGHHDTTYLSTASSG
T52V_S55G_I58T_V99T_S100K_S103P_L108G,2.789816400548413,0.2657787020733942,6.357834408988427,1.552624214675842,0.615572930894529,0.3910723828519153,993185.8226661005,Valid,24829.64556665251,644.4240897546704,15937.24697086858,352.9614913540196,0.6418636515807989,0.02189957753217701,40.0,25776.96359018682,VWNGGHTDTKYLPTASSG
S55A_I58T_V99T_S100T_L108G,47.12481487635338,5.538368783798978,0.5909190327905991,0.07767454183221466,0.6144730479281355,0.4438506069656886,953928.6773879179,Valid,19078.57354775836,1071.748232673548,1830.085496995542,165.0511261699105,0.09592360206670525,0.01019208000212589,50.0,53587.4116336774,TWNAGHTDTTYLSTASSG
S55G_I58D_V99T_S100T_L108G,138.0555064705966,14.94233547517134,0.2153118460872016,0.02798962446938359,0.6141481311441359,0.4425822098454946,953424.265617431,Valid,19068.48531234862,514.1263298545903,666.4715599838837,67.25461618897879,0.03495146830316309,0.003650726753695595,50.0,25706.31649272951,TWNGGHDDTTYLSTASSG
S55G_S100K_L108G,44.05659525235492,6.752389881228402,1.009576031445672,0.2809068383474795,0.6134949874964108,0.3909634097155102,989833.199735923,Valid,19796.66399471846,1117.392444489855,2017.737257638987,253.3064130638643,0.1019230946273219,0.01402919361371651,50.0,55869.62222449276,TWNGGHIDVKYLSTASSG
V99T_S103P_L108G,103.8395846420992,18.72349198244193,0.4550399830536677,0.1359536239389175,0.6132962486645508,0.3900065740762399,989512.547900356,Valid,24737.8136975089,706.7710437588273,1134.866564944123,190.444108563852,0.0459391683314638,0.007902838409046162,40.0,28270.84175035309,TWNSGHIDTSYLPTASSG
S55G_I58D_V99T_S100A_L108G,445.7853213963677,146.9944787766173,0.1082788291350799,0.04911290486203492,0.6125690287635562,0.2520436796206155,1317907.619794563,Valid,32947.69049486408,813.887634527864,365.4476857498844,118.8247015105951,0.01109175424015989,0.003616858304525477,40.0,32555.50538111456,TWNGGHDDTAYLSTASSG
S55A_H57W_V99T_S100K_S103P_L108G,54.99058114915601,1.846695902248111,0.8255689777028581,0.2012430085820236,0.6121613854174337,0.3885883046951332,987681.5218250809,Valid,24692.03804562702,100.2014519884655,2057.992902605379,62.79851075521764,0.08334641712452129,0.002565660875800345,40.0,4008.058079538619,TWNAGWIDTKYLPTASSG
S55H_H57W_I58T_V99T_S100K_L108G,128.0360275400253,20.97230483762504,0.2315278482128219,0.04065960285670395,0.6109165633321,0.4404916200334588,948407.4707893765,Valid,18968.14941578753,681.0388646852899,712.8952121665225,109.4298700569898,0.03758380412024628,0.005924853677175899,50.0,34051.94323426449,TWNHGWTDTKYLSTASSG
S55A_V99T_L108G,143.2369619951934,14.90196257044407,0.3292735235201466,0.1089628337614524,0.6105169244193925,0.2511291265276167,1313492.633360715,Valid,26269.85266721429,596.4997669458431,886.0763305465648,86.77345149786052,0.03372977921769692,0.003390786620598445,50.0,29824.98834729216,TWNAGHIDTSYLSTASSG
S55G_H57Y_I58H_L108G,inf,,0.0,,0.6104455955484774,0.3913929815563773,984913.2094334927,Valid (Non-binding),2462.283023583732,222.3601384473226,-137.9410606411784,49.9329725812899,0.0,0.0,400.0,88944.05537892904,TWNGGYHDVSYLSTASSG
S55H_H57Y_I58T_V99T_S100K_L108G,102.7418831599467,11.78940397991968,0.2858827439037591,0.03831483394821464,0.6071741997217184,0.4372848339626138,942597.6993418034,Valid,18851.95398683607,171.0376486833941,874.8665530028684,95.40060208651863,0.04640720816599541,0.005078000389476561,50.0,8551.882434169705,TWNHGYTDTKYLSTASSG
S55G_I58H_V99T_S103P_L108G,17.55296291280762,0.9827421036681996,2.196002491671882,0.5395711444053093,0.6044590775968613,0.3837621527693439,975254.36243377,Valid,24381.35906084425,297.6748043472658,5405.356084498838,226.1032453479305,0.2217003601402877,0.009660561193249472,40.0,11906.99217389063,TWNGGHHDTSYLPTASSG
S55A_I58T_V99T_S100A_L108G,57.71096305499902,4.867433743140399,0.7783408899217731,0.2527221900845159,0.5959104289474927,0.2461878702648501,1282067.584464973,Valid,32051.68961162433,1430.443875706003,2555.509280212634,162.2822503785161,0.07973087569417296,0.006188467467539776,40.0,57217.75502824012,TWNAGHTDTAYLSTASSG
I58H_V99T_L108G,226.4569838685242,46.31838354004002,0.2108837070987042,0.07874977563314287,0.5958296631936747,0.249266877476919,1281893.821513572,Valid,25637.87643027143,2040.603793913938,553.8367432635919,101.688339206805,0.02160228616320421,0.004322975954864075,50.0,102030.1896956969,TWNSGHHDTSYLSTASSG
H57Y_I58D_V99T_S100K_L108G,82.49377277729899,9.653042811264784,0.3520427135943039,0.04744245550485177,0.5922674418047367,0.4265713297883545,919455.9457501125,Valid,18389.11891500225,214.8710065936733,1050.881584556237,115.2899530944797,0.05714692418998411,0.006304925347568827,50.0,10743.55032968367,TWNSGYDDTKYLSTASSG
S55A_H57Y_I58T_L108G,inf,,0.0,,0.5882256897446515,0.3735889954809264,949062.8750250791,Valid (Non-binding),2372.657187562698,49.57688223303133,-203.7311485621813,88.0434851221791,0.0,0.0,400.0,19830.75289321253,TWNAGYTDVSYLSTASSG
S55G_H57Y_I58T_V99T_S100L_L108G,61.43849695742126,4.816802591278845,0.7346720505035023,0.2376726213832233,0.5878879247650667,0.2430270161587883,1264807.620452111,Valid,31620.19051130277,1485.659450447774,2379.658779123747,131.393591233413,0.07525757247645702,0.005456187101136127,40.0,59426.37801791096,TWNGGYTDTLYLSTASSG
S55G_H57W_I58H_V99T_S100T_L108G,123.1113898692377,19.66245722840636,0.2404278434771698,0.0413261398000794,0.587505799308388,0.424488668711825,912063.8113936074,Valid,18241.27622787215,1070.502289468631,711.930307152661,100.9634364787433,0.03902853606618006,0.005990075682356238,50.0,53525.11447343155,TWNGGWHDTTYLSTASSG
T52V_S55G_H57Y_I58T_V99T_S100K_L108G,24.92581663410122,1.657929844087857,1.029263313604102,0.09795929075979022,0.5838357644310045,0.421031378347545,906366.325509801,Valid,18127.32651019602,690.742471601444,3028.710416132717,121.8020919402223,0.1670798181093703,0.0092564430296161,50.0,34537.1235800722,VWNGGYTDTKYLSTASSG
T52V_I58T_S100T_S103P_L108G,1522.563237805153,2230.912749178748,0.02016384292893846,0.02948937417705114,0.5829961285262693,0.421782769102208,905062.8464218376,Valid,22626.57116054594,1569.943485736705,74.06099662707402,108.0394208754431,0.003273186913809307,0.004780289441211105,40.0,62797.7394294682,VWNSGHTDVTYLPTASSG
S55G_H57Y_V99T_S100L_L108G,119.2503495454821,10.549955795051,0.392839995787796,0.1282674991792032,0.5808334390152519,0.2386156045538607,1249630.293347966,Valid,31240.75733369914,289.5602383316614,1257.169796623526,106.1069677019346,0.04024133548348481,0.003416846005162961,40.0,11582.40953326646,TWNGGYIDTLYLSTASSG
S55H_V99T_S100K_L108G,45.13745911187257,4.24622984944037,0.6143419658023705,0.07047954384234839,0.5806819584514568,0.4184863862002373,901470.2507723459,Valid,18029.40501544692,503.5373624534681,1797.997478812957,143.7575622561875,0.09972583550441626,0.008445956914856048,50.0,25176.8681226734,TWNHGHIDTKYLSTASSG
S55G_H57Y_I58T_V99T_S100A_L108G,71.09260333880786,3.949032473273191,0.6414619115441095,0.2049617059376801,0.5776104193524638,0.2374661079056893,1242696.148830556,Valid,31067.40372076389,568.0503855959674,2041.4207398342,99.15195520298548,0.06570940907011863,0.003410168384725892,40.0,22722.0154238387,TWNGGYTDTAYLSTASSG
S55G_I58H_V99T_S100L_L108G,31.00056807934598,1.002912947435905,1.355826015981193,0.429130240451628,0.5733402220534379,0.235504217960869,1233509.0608549,Valid,30837.72652137251,191.4501526582953,4282.949987539854,116.3149529494295,0.1388866972593293,0.003869140803583749,40.0,7658.006106331813,TWNGGHHDTLYLSTASSG
S55A_I58T_S100L_L108G,652.4612007821715,242.3080987108353,0.07424089320253463,0.03600732424351593,0.5728264755686949,0.2388559467213785,1232403.764349375,Valid,24648.0752869875,1775.129410485542,187.4488962821233,67.7526599712139,0.007605011511023886,0.002802835935744826,50.0,88756.4705242771,TWNAGHTDVLYLSTASSG
I58H_L108G,19.0687426805351,7.536810978806216,2.057704609188501,0.8141008926845781,0.5705315694383586,0.3624977818767631,920514.5933337105,Valid,2301.286483334276,63.56300583710335,478.0653717311488,149.1164029028873,0.2077383129798303,0.0650505270992518,400.0,25425.20233484134,TWNSGHHDVSYLSTASSG
S55G_H57Y_I58H_V99T_S100T_L108G,113.3768401353553,20.49042301811489,0.2601990824886392,0.04933545430091862,0.5668354775974521,0.4101336739163354,879974.507041886,Valid,17599.49014083772,1234.893922072815,743.3671198147367,117.6271296400104,0.04223799177510452,0.007311179432716247,50.0,61744.69610364075,TWNGGYHDTTYLSTASSG
S55G_H57W_V99T_L108G,242.0525779733761,37.39952765844655,0.1975713315460303,0.06909864025849252,0.5659707055986639,0.232773755412947,1217653.963006496,Valid,24353.07926012992,527.6122353716281,492.872397040001,73.84438444921025,0.02023860686262028,0.00306377833955881,50.0,26380.61176858141,TWNGGWIDTSYLSTASSG
S55H_I58T_S103P_L108G,785.3039644819286,354.2196307289837,0.06176168788938865,0.03384466136102483,0.5650119808854114,0.2330650645138341,1215591.321009347,Valid,24311.82642018693,931.8103155486148,153.8131371776944,68.68757485686473,0.006326679638103133,0.002835660993575487,50.0,46590.51577743074,TWNHGHTDVSYLPTASSG
H57Y_I58T_V99T_S103P_L108G,456.0220528436615,365.5373777046847,0.1074273181632465,0.08905063823081753,0.564809138534413,0.3597784725109345,911281.8331525144,Valid,22782.04582881286,1211.443509029996,247.0819528945458,195.46645102431,0.01084546817046855,0.008599206850430398,40.0,48457.74036119984,TWNSGYTDTSYLPTASSG
H57Y_I58T_S100A_L108G,649.7797413497692,779.316674080946,0.04704107846652246,0.05610636094979216,0.5627318678487465,0.4121385818615649,873603.92490928,Valid,17472.0784981856,2330.581333867222,133.4195103697657,157.7950432648571,0.007636155617296517,0.00908852706128116,50.0,116529.0666933611,TWNSGYTDVAYLSTASSG
H57Y_V99T_S100K_L108G,63.11057560222694,10.67893634649967,0.4522285257286341,0.07907066166236452,0.5581307532638027,0.4029700867361159,866460.999494854,Valid,17329.21998989708,897.4890038537859,1272.138712430033,188.2605919039923,0.07341003883450545,0.01150982978746285,50.0,44874.45019268929,TWNSGYIDTKYLSTASSG
S55A_H57Y_I58T_S100K_L108G,96.33145581118329,16.32799916108901,0.488756056593072,0.1420229991183767,0.5563373661144105,0.3556679703832927,897613.1940065839,Valid,17952.26388013168,1364.572934529001,885.8189066968089,125.856894170473,0.04934301949946113,0.007950865548542563,50.0,68228.64672645005,TWNAGYTDVKYLSTASSG
I58T_S100L_S103P_L108G,1591.705008651609,1417.543054723309,0.03101785394468905,0.02854061590012045,0.5533006434559061,0.3515644378152414,892713.6447567288,Valid,22317.84111891822,629.8738170682368,69.88717702390522,62.0139663093652,0.0031314488104615,0.002780077402174557,40.0,25194.95268272947,TWNSGHTDVLYLPTASSG
H57Y_I58T_V99T_S100A_L108G,297.2137227248253,63.78134843713067,0.1615098955533624,0.06127642674749901,0.5496768920949527,0.226206639894776,1182598.744796401,Valid,29564.96861991003,765.455091495957,489.1400753305602,102.4518813887757,0.01654458293593984,0.003491687271742486,40.0,30618.20365983828,TWNSGYTDTAYLSTASSG
S55G_H57Y_I58H_V99T_S100L_L108G,81.22452927234218,7.35827786451964,0.5660860917884545,0.1848980664699729,0.5471517215308401,0.2248055674182052,1177165.983145943,Valid,29429.14957864858,330.8345020416572,1706.5416202909,144.3646939910971,0.05798813913158498,0.00494862476116173,40.0,13233.38008166629,TWNGGYHDTLYLSTASSG
S55H_I58H_V99T_S100K_L108G,116.9432982420708,18.72077222417604,0.252589077342974,0.04342571292648092,0.5423747579015922,0.3919958463527307,842000.8610600085,Valid,16840.01722120017,1031.504941676412,690.4855561545864,97.20047666216105,0.04100266330400915,0.00629474133769257,50.0,51575.2470838206,TWNHGHHDTKYLSTASSG
S55A_H57Y_I58T_S103P_L108G,1155.053817894124,663.2249288706502,0.04207607098840151,0.02747100821418393,0.5422438056786525,0.224718275341328,1166606.879771154,Valid,23332.13759542308,1291.216841671378,100.5648929192721,57.2248827848612,0.004310144859551973,0.002464192155401754,50.0,64560.8420835689,TWNAGYTDVSYLPTASSG
H57Y_I58H_V99T_S100K_S103P_L108G,73.29326374930295,7.584890240232069,0.6325750183271674,0.1647831100941826,0.5383010922879817,0.3419669367151957,868512.8704558039,Valid,21712.8217613951,548.7387861457902,1386.634093510274,129.6827831281373,0.06386245457859732,0.006186863150851585,40.0,21949.55144583161,TWNSGYHDTKYLPTASSG
S55G_I58T_V99T_S100L_L108G,29.54822672738061,2.570941488968656,1.412822347648756,0.4576741780996496,0.5369141715977629,0.2229274273482524,1155140.473478791,Valid,28878.51183696977,1758.575926701632,4179.449218168207,178.7643268356286,0.1447252282860971,0.01076987530611235,40.0,70343.03706806528,TWNGGHTDTLYLSTASSG
H57W_I58T_S100L_L108G,509.5660855859544,194.8903683824249,0.09485760558140387,0.04674572283687254,0.5340268232288315,0.2197240094354521,1148928.506765265,Valid,22978.5701353053,565.3254953365756,223.281039879832,84.38842664134519,0.009716924881099237,0.003680256283243615,50.0,28266.27476682878,TWNSGWTDVLYLSTASSG
V99T_S100L_L108G,51.20534941614541,3.176687609031183,0.8684316937643338,0.2785588365252075,0.533309954535991,0.2196222089546588,1147386.204317174,Valid,28684.65510792935,777.7821242250509,2577.083840109575,120.9146063893688,0.08895950388956593,0.00502792984381603,40.0,31111.28496900204,TWNSGHIDTLYLSTASSG
S55A_H57W_I58T_V99T_S100L_S103P_L108G,32.25329066517905,1.466655374199501,0.8268140784651333,0.07178917919184917,0.5319364886138471,0.3830997632690781,825796.1398774416,Valid,20644.90349693604,189.9900970571915,2770.883206330145,106.0670054493975,0.1342163312481155,0.005284072897065852,40.0,7599.60388228766,TWNAGWTDTLYLPTASSG
S55H_L108G,inf,,0.0,,0.5314578090308527,0.337744486271928,857471.689841198,Valid (Non-binding),2143.679224602995,65.63028560006875,-131.1492760841847,36.22075118967541,0.0,0.0,400.0,26252.1142400275,TWNHGHIDVSYLSTASSG
H57W_I58T_V99T_L108G,640.3586216495706,376.7367080939187,0.07563315210280627,0.05017968044838375,0.531311693348746,0.2189432893604832,1143087.058390183,Valid,22861.74116780365,767.3887918772625,177.124318176519,103.2276109304344,0.007747630282244835,0.004522782574130688,50.0,38369.43959386313,TWNSGWTDTSYLSTASSG
S55G_I58D_S100L_L108G,242.4401925000093,40.56137929989887,0.1972618364822745,0.07009668625002179,0.531224596228742,0.2184340965755837,1142899.67386252,Valid,22857.99347725041,453.2610789392967,461.8892599117571,75.15871104008151,0.02020690312872195,0.003312395831895311,50.0,22663.05394696484,TWNGGHDDVLYLSTASSG
T52V_I58T_V99T_S103P_L108G,inf,,0.0,,0.5307056587553216,0.3376082291355932,856258.1455921252,Valid (Non-binding),21406.45363980313,897.0767074737607,-64.82152226501876,184.1669936864169,0.0,0.0,40.0,35883.06829895043,VWNSGHTDTSYLPTASSG
T52V_I58H_V99T_S100K_L108G,38.490236184693,4.837748990714285,0.7082404671319031,0.09597277371477222,0.527032092155648,0.382508785354655,818182.389457418,Valid,16363.64778914836,1477.640541815542,1881.301324699149,122.2075202079907,0.1149683340133209,0.0127888002142606,50.0,73882.0270907771,VWNSGHHDTKYLSTASSG
S55A_I58T_V99T_S103P_L108G,30.42485983299004,2.287035917328465,1.398067994752847,0.349910261818268,0.5264748425160021,0.334331503374486,849432.0060783369,Valid,21235.80015195842,393.2788442743527,2997.301930349799,185.3739250963781,0.1411438188766991,0.00911227270345612,40.0,15731.15377097411,TWNAGHTDTSYLPTASSG
S55G_H57Y_S103P_L108G,inf,,0.0,,0.5230179020984148,0.2151437441812482,1125243.435594137,Valid (Non-binding),22504.86871188274,515.9247363047642,-7.623623673225666,74.5287162575379,0.0,0.0,50.0,25796.23681523821,TWNGGYIDVSYLPTASSG
S55G_V99T_S100A_L108G,61.0263107024747,3.664938326182149,0.7392584300526416,0.2366579737274089,0.5223974322142413,0.2146634350047257,1123908.529730783,Valid,28097.71324326958,367.7217580811108,2127.766411929515,114.7767319520615,0.07572738726128155,0.004203418318587144,40.0,14708.87032324443,TWNGGHIDTAYLSTASSG
T52V_I58T_V99T_L108G,401.6204974074623,123.6660144594674,0.1200394645702472,0.05258458670122464,0.5215499397203217,0.2173962436120628,1122085.197562473,Valid,22441.70395124946,1596.549850298854,275.9539188793192,81.59777773479225,0.01229647799822951,0.003739743656861865,50.0,79827.4925149427,VWNSGHTDTSYLSTASSG
H57W_I58T_S100A_L108G,784.5117599599275,2109.31578109602,0.03901340898669721,0.1042747157888349,0.5210576291637516,0.3788012724038223,808907.4316717525,Valid,16178.14863343505,1610.258374482695,102.4566666002302,273.5404935812113,0.006333027895941385,0.01691976783690784,50.0,80512.91872413475,TWNSGWTDVAYLSTASSG
T52V_I58T_V99T_S100K_S103P_L108G,91.05358616478922,7.131274611287041,0.5156118030423331,0.1304250010790577,0.520308481511493,0.3308397970068989,839482.994320754,Valid,20987.07485801885,779.362424277321,1092.467012216155,70.23245604176115,0.05205427719712636,0.003864648475986234,40.0,31174.49697109284,VWNSGHTDTKYLPTASSG
S55G_S100A_L108G,147.01724673689,63.8895793327839,0.202618754465635,0.08658789356264698,0.5179408151838605,0.3790267558707079,804068.784561799,Valid,16081.37569123598,2092.04574326312,528.9326058861425,211.381406987592,0.03289100485192942,0.0138233819446776,50.0,104602.287163156,TWNGGHIDVAYLSTASSG
H57W_I58T_S100T_S103P_L108G,inf,,0.0,,0.5178399698743104,0.372948758000744,803912.2289031184,Valid (Non-binding),20097.80572257796,188.8142800248998,-192.1979679059414,116.4389258040559,0.0,0.0,40.0,7552.571200995992,TWNSGWTDVTYLPTASSG
S55G_H57W_I58H_V99T_S100L_L108G,83.83163593022572,10.16010344155054,0.5494721140835276,0.1842846643797577,0.5178102757668284,0.2127211282882115,1114039.522073903,Valid,27850.98805184758,249.5115798503857,1567.627780362145,178.7462925491723,0.05628625373878438,0.006437730818923545,40.0,9980.463194015427,TWNGGWHDTLYLSTASSG
S55G_H57Y_L108G,inf,,0.0,,0.5165745308774887,0.3308331337146245,833458.5142858065,Valid (Non-binding),2083.646285714516,177.1536357049188,-107.8075254013438,66.45405840324689,0.0,0.0,400.0,70861.45428196753,TWNGGYIDVSYLSTASSG
S55G_H57W_V99T_S100L_S103P_L108G,34.28470945764629,1.822258162076648,0.7840593863709645,0.07074142128499979,0.5163627617479739,0.371925546750472,801618.9612017373,Valid,20040.47403004343,284.6396761505632,2550.671025281415,112.6323690295553,0.1272759826667577,0.005903816050895673,40.0,11385.58704602253,TWNGGWIDTLYLPTASSG
S55G_I58D_V99T_S100L_S103P_L108G,17.50779284562606,1.406615609532806,1.368483591544581,0.1361238358968478,0.5148501976414555,0.3713324431750759,799270.8056846472,Valid,19981.77014211618,797.1449227180265,4438.855972943442,213.5304525299457,0.2221452824936431,0.01388288154608443,40.0,31885.79690872106,TWNGGHDDTLYLPTASSG
S55H_H57Y_I58T_L108G,230.8039171916539,191.5996370171179,0.2100319763172366,0.1780559211552458,0.5140483742653178,0.3278653352300785,829382.7292616072,Valid,2073.456823154018,129.0171586930174,43.96569929474026,35.61889829905933,0.02120405826819306,0.01722910253511007,400.0,51606.86347720696,TWNHGYTDVSYLSTASSG
H57Y_I58T_S100T_S103P_L108G,inf,,0.0,,0.511869593977868,0.3692441198523113,794643.6160622375,Valid (Non-binding),19866.09040155594,834.5166286716684,-231.2558855126599,101.9513436108249,0.0,0.0,40.0,33380.66514686673,TWNSGYTDVTYLPTASSG
S55G_H57Y_I58T_S100K_S103P_L108G,49.74108608935599,7.592393983466874,0.904738401979553,0.2522085628027838,0.5103250821577637,0.3241972460726393,823375.4460474256,Valid,20584.38615118564,522.9004926953111,1880.158727357451,256.3601954455012,0.09133907193288615,0.0126684044789812,40.0,20916.01970781244,TWNGGYTDVKYLPTASSG
S55A_H57Y_I58T_V99T_S100T_L108G,169.6758551433437,27.49840791631901,0.176335448112432,0.03093245401374748,0.5063832999016704,0.364917247978902,786126.5081605734,Valid,15722.53016321147,419.847204437571,450.0487531693816,69.8223660521637,0.02862444838696719,0.004506213852386789,50.0,20992.36022187855,TWNAGYTDTTYLSTASSG
S55G_I58H_V99T_S100T_S103P_L108G,11.5264544923106,0.5027133903904475,2.953477215260529,0.9354961064089368,0.5061304001264483,0.2083159991244138,1088910.930222337,Valid,27222.77325555842,729.9283548636319,8236.120236262588,118.3117079128913,0.302545231484853,0.009203034996827602,40.0,29197.13419454527,TWNGGHHDTTYLPTASSG
S55G_V99T_S100L_L108G,31.73955694931428,2.116183759483313,1.328554583807805,0.4257994855446663,0.5056740673833436,0.207739239016154,1087929.156134748,Valid,27198.2289033687,252.8017534124586,3701.491139494584,210.4101811246925,0.1360930946145588,0.00783890772004888,40.0,10112.07013649834,TWNGGHIDTLYLSTASSG
V99T_S100A_L108G,124.465855487933,13.60933901102302,0.3770145155888519,0.1256730280672559,0.5056115024846326,0.2084879722765403,1087794.551293708,Valid,27194.86378234269,889.7438616203675,1060.152232700904,103.3749955493573,0.03862022137926574,0.004059724345467867,40.0,35589.7544648147,TWNSGHIDTAYLSTASSG
S55G_S100K_S103P_L108G,71.19769313004352,14.17027539632826,0.6499719442501289,0.19827502895646,0.5047936603133,0.3204772964889188,814450.8662301751,Valid,20361.27165575438,229.5010307024314,1336.081895616225,248.0106756249816,0.06561878443572698,0.01220294484558261,40.0,9180.041228097256,TWNGGHIDVKYLPTASSG
S55A_H57Y_I58T_V99T_L108G,217.6942654042635,52.54428581711298,0.2191816960507367,0.08631222296708885,0.5045402013809672,0.2100402025864015,1085489.707559664,Valid,21709.79415119328,1475.962309910242,487.4349618249676,110.1316142868964,0.02245230693715149,0.005297578861393753,50.0,73798.1154955121,TWNAGYTDTSYLSTASSG
I58D_V99T_S100K_S103P_L108G,34.66219435514265,1.639209025945908,1.24870455496337,0.3063294283974822,0.5041026447720662,0.3201416729011613,813335.9587929719,Valid,20333.3989698243,399.8632639728602,2563.322491407721,93.17886253720961,0.1260646336213542,0.005210157648725599,40.0,15994.53055891441,TWNSGHDDTKYLPTASSG
T52V_S55G_I58T_S103P_L108G,965.948192907498,512.6984415140972,0.05027096929437258,0.03091670964528665,0.5034466060870569,0.2072794560418893,1083136.89913622,Valid,21662.7379827244,624.1949493446854,111.5545512158351,58.81737896568193,0.005149605340968331,0.002719192076377514,50.0,31209.74746723427,VWNGGHTDVSYLPTASSG
S55A_I58T_S100T_S103P_L108G,inf,,0.0,,0.5022715900008268,0.3634003007178352,779743.3510786808,Valid (Non-binding),19493.58377696702,1360.497469558395,-66.80441917293956,100.6871629986549,0.0,0.0,40.0,54419.8987823358,TWNAGHTDVTYLPTASSG
S55G_H57W_V99T_S100L_L108G,142.6008812127456,17.64683789308252,0.330692516135632,0.1115054347004543,0.496662558262718,0.204384157392461,1068541.403933347,Valid,26713.53509833368,686.76002304828,904.9246481066034,105.6599878432679,0.0338751365094712,0.004050037084311522,40.0,27470.4009219312,TWNGGWIDTLYLSTASSG
S55G_I58D_V99T_S100L_L108G,42.11127459149439,2.695507321256858,1.036068482869953,0.3319869463952427,0.4941075236254007,0.2037047776034779,1063044.391418437,Valid,26576.10978546093,951.2666320287402,2820.567901835016,125.9006526523807,0.1061317071837983,0.006072406153559404,40.0,38050.66528114961,TWNGGHDDTLYLSTASSG
S55G_I58H_S100A_S103P_L108G,inf,,0.0,,0.4939678142813577,0.355922401892266,766852.2896788236,Valid (Non-binding),19171.30724197059,459.1372321248459,-47.98519627801306,106.6048502286481,0.0,0.0,40.0,18365.48928499384,TWNGGHHDVAYLPTASSG
S55G_H57Y_V99T_S100T_L108G,168.2484812184035,31.42069379761112,0.1777882551956931,0.03505675976560182,0.4929505082373262,0.3555175581086557,765272.9894762291,Valid,15305.45978952458,599.3312307377514,441.7198835420077,78.22163434603887,0.02886028186126961,0.005234158896507404,50.0,29966.56153688757,TWNGGYIDTTYLSTASSG
T52V_V99T_L108G,414.6231070565685,148.6335220821227,0.1163198736467564,0.05515870510142867,0.4919939625755186,0.2023593374143274,1058497.184358095,Valid,21169.9436871619,467.4762075239706,252.2494987902087,89.17478827728348,0.0119154544063894,0.00422053963627855,50.0,23373.81037619853,VWNSGHIDTSYLSTASSG
S55G_V99T_S103P_L108G,28.07459965969915,3.403795338463514,1.497413823921689,0.3935200191773754,0.4892271465173424,0.3108569984367423,789335.3355845785,Valid,19733.38338961446,561.038249725393,2983.162848930754,295.0572809440774,0.1511734095482467,0.01555765911044253,40.0,22441.52998901572,TWNGGHIDTSYLPTASSG
H57W_I58H_V99T_S100K_S103P_L108G,54.45800924542484,3.178558187665105,0.8329636894952047,0.2062835148553633,0.4846557089347697,0.3078184121879249,781959.6262764768,Valid,19548.99065691192,418.0745636968513,1643.932491602565,80.54414446602821,0.08409296011512088,0.004495514906925348,40.0,16722.98254787405,TWNSGWHDTKYLPTASSG
S55A_V99T_S100T_L108G,88.08291884987227,18.47131437801973,0.330904376138029,0.07048107491930267,0.4822098997778281,0.3505343482324602,748598.9067696615,Valid,14971.97813539323,1484.48060996648,804.2280109168369,138.241476035161,0.05371554804876921,0.01065927870823103,50.0,74224.03049832399,TWNAGHIDTTYLSTASSG
S55G_H57Y_I58H_V99T_S100A_L108G,101.3457576616571,13.04461243712474,0.4589793506137949,0.1552731144425708,0.4810717386791934,0.1976891840749791,1034998.637382705,Valid,25874.96593456763,350.7337730752429,1216.549042646805,148.3107348315133,0.04701645002057987,0.005767144662593711,40.0,14029.35092300972,TWNGGYHDTAYLSTASSG
S55G_H57W_I58D_V99T_S100L_L108G,121.2241813377706,13.49821986076368,0.3866969567539876,0.1287400537991032,0.4767734913720502,0.1960057152391847,1025751.201401034,Valid,25643.78003502585,463.4026341716195,1015.802984944864,107.0662239604721,0.03961206123112187,0.004236052917664816,40.0,18536.10536686478,TWNGGWDDTLYLSTASSG
S55G_H57W_S100K_L108G,96.0997372205198,10.33498580335904,0.4898762757719306,0.1286079527992415,0.4763962400379817,0.3025799790525894,768633.5246899095,Valid,15372.67049379819,335.7642799660119,760.2725247577628,75.92464271431854,0.04945611272058945,0.005055683000854279,50.0,16788.21399830059,TWNGGWIDVKYLSTASSG
I58T_V99T_S100A_S103P_L108G,78.91469028732361,9.77417837387496,0.5816681992741959,0.1955032319540734,0.474935729303424,0.1952375019908974,1021797.360250265,Valid,25544.93400625663,445.8145123951558,1522.077595638551,175.2865410906184,0.05958432287457676,0.006940236543429731,40.0,17832.58049580623,TWNSGHTDTAYLPTASSG
T52V_H57Y_I58T_L108G,inf,,0.0,,0.4718073428805995,0.3005693934921139,761229.6455236152,Valid (Non-binding),1903.074113809038,102.7431902790496,-46.92919431154769,36.62485870595843,0.0,0.0,400.0,41097.27611161984,VWNSGYTDVSYLSTASSG
S55G_S100T_L108G,142.9511028583716,46.65976287418408,0.2081873307873143,0.06760444351228656,0.4709299706057193,0.3419314832857248,731087.5644049145,Valid,14621.75128809829,1354.946562291116,494.1413414841245,148.9596116992425,0.03379494916497056,0.01065800986892344,50.0,67747.3281145558,TWNGGHIDVTYLSTASSG
S55G_H57Y_V99T_L108G,468.081889055053,178.7252432934954,0.1031755979700995,0.05076891039919202,0.4667808484621459,0.1968937023992931,1004252.595342822,Valid,20085.05190685645,1930.827388165866,212.2788080830455,77.55682149650553,0.01056899474631578,0.003992852402733059,50.0,96541.3694082933,TWNGGYIDTSYLSTASSG
H57W_I58T_V99T_S100L_S103P_L108G,54.20264779875319,3.946128786015745,0.5202731015651035,0.05313833552049102,0.4659595113418039,0.3356102379006053,723371.2558579008,Valid,18084.28139644752,234.4715623789187,1527.320320023624,99.85839058935373,0.08445568206672845,0.005629359674570664,40.0,9378.862495156747,TWNSGWTDTLYLPTASSG
H57W_S100A_S103P_L108G,1425.111433764123,2334.305007784336,0.02153786373838897,0.0351947522728069,0.4644811364881351,0.3346159702150865,721076.1768896712,Valid,18026.90442224178,354.5843965336468,63.02622298038023,102.8673302135808,0.003496231050219461,0.005706736871138435,40.0,14183.37586134587,TWNSGWIDVAYLPTASSG
T52V_I58T_S100L_L108G,1441.357850486856,2121.200587440413,0.03374718557765587,0.05062370928664887,0.4643777174565693,0.1913683989738142,999082.394900259,Valid,19981.64789800518,674.5638857481416,69.07574045828005,101.2783085720054,0.003456959146256204,0.005069909752505476,50.0,33728.19428740708,VWNSGHTDVLYLSTASSG
S55H_H57W_I58T_L108G,inf,,0.0,,0.4641970101372676,0.2967512070138568,748950.8817783264,Valid (Non-binding),1872.377204445816,141.9416113485119,-50.46815866627185,34.08302281493537,0.0,0.0,400.0,56776.64453940476,TWNHGWTDVSYLSTASSG
V99T_S100A_S103P_L108G,161.5828387288593,28.25806239943411,0.2930104155058039,0.1062484862202249,0.4623501721515708,0.1904709362591528,994720.2458501678,Valid,24868.0061462542,709.1712550414545,767.5770846969984,122.980485075547,0.03001509662191743,0.00509157173535576,40.0,28366.85020165818,TWNSGHIDTAYLPTASSG
S55A_H57W_I58T_V99T_L108G,262.6242744245956,55.09330582013364,0.1823844525950577,0.06867447993758295,0.4620446371648951,0.1913697331637051,994062.9046067385,Valid,19881.25809213477,1063.496881156343,371.439738321204,73.83822595812627,0.01868290912978738,0.0038460757287813,50.0,53174.84405781716,TWNAGWTDTSYLSTASSG
T52V_S55G_I58T_V99T_L108G,30.64366160007508,2.576940700826395,1.369402148963746,0.4429510003392521,0.4577227418153392,0.1896649943919909,984764.591199299,Valid,19695.29182398598,1081.602353264454,2762.804232203866,129.911913282143,0.1402773950695758,0.01014167772145868,50.0,54080.1176632227,VWNGGHTDTSYLSTASSG
T52V_S100A_S103P_L108G,177.0719821976527,40.87673810417611,0.1691723505140203,0.04017369951340326,0.4571036109487282,0.3304949641776424,709623.0574991116,Valid,17740.57643747779,1143.781156163806,487.1857883718503,104.7703488599895,0.0274616662028325,0.006165382085305603,40.0,45751.24624655224,VWNSGHIDVAYLPTASSG
H57Y_I58T_V99T_S100T_S103P_L108G,117.4770195264806,19.39756726025694,0.3985278787873026,0.1406102051332135,0.4568035317606183,0.1876637814574266,982786.9627551159,Valid,24569.6740688779,231.5891666192014,1003.032004039163,158.575810529913,0.04082398493473263,0.006465588374576502,40.0,9263.566664768055,TWNSGYTDTTYLPTASSG
S55G_I58H_V99T_S100A_S103P_L108G,16.51187332175914,1.010350158633407,2.269003078532813,0.7232653452503061,0.4556211201555144,0.1872677254053897,980243.0710613988,Valid,24506.07677653497,387.9762586217643,5695.942052556437,251.8650460787308,0.2324297807640271,0.01091655116937343,40.0,15519.05034487057,TWNGGHHDTAYLPTASSG
S55G_H57Y_I58H_V99T_L108G,184.3033867835274,39.33071156363516,0.2578427550685888,0.09735670802332785,0.4543361676109728,0.1866352601303087,977478.568335977,Valid,19549.57136671954,153.8555830245431,516.3555628583367,107.2038749293873,0.02641262834730797,0.005487632761443331,50.0,7692.779151227155,TWNGGYHDTSYLSTASSG
I58T_V99T_S100L_L108G,44.72239451762045,2.899688110191437,0.9816604221420204,0.3147479225808497,0.4543146990224318,0.1869448788454526,977432.3798819485,Valid,24435.80949704871,617.3536122202657,2457.223725256157,129.1539680446487,0.1005583107673569,0.005864314077024358,40.0,24694.14448881063,TWNSGHTDTLYLSTASSG
T52V_I58T_S100A_L108G,431.5088745978335,607.3469978972046,0.07056338824611985,0.09833179132719227,0.4540953700509963,0.3280871696111625,704952.9629025895,Valid,14099.05925805179,824.0071564190565,161.4979680658453,224.5057163973876,0.01145452083787901,0.01593751982624941,50.0,41200.35782095283,VWNSGHTDVAYLSTASSG
H57W_I58H_L108G,inf,,0.0,,0.4523745645123985,0.2876730811290713,729876.1551382224,Valid (Non-binding),1824.690387845556,69.75358442704085,-148.2210432421398,37.71640388930823,0.0,0.0,400.0,27901.43377081634,TWNSGWHDVSYLSTASSG
H57Y_I58T_V99T_S100A_S103P_L108G,303.1352052214815,94.4160399717339,0.1584061345959977,0.06964272955999426,0.4496030598949065,0.185171672800123,967295.5547792796,Valid,24182.38886948199,742.0082564416872,392.3989933591029,119.6310245528936,0.01622664309456655,0.004972023180286862,40.0,29680.33025766749,TWNSGYTDTAYLPTASSG
S55G_H57Y_V99T_S100L_S103P_L108G,30.39090225643618,1.876738228939598,0.8703238184757557,0.0816476689616671,0.447759137270435,0.3225483568863074,695116.381499446,Valid,17377.90953748615,310.616561790227,2455.137963362577,122.5743302624545,0.1412792463941973,0.007491873497391491,40.0,12424.66247160908,TWNGGYIDTLYLPTASSG
S55A_H57Y_I58T_S100L_L108G,1669.42529218949,1791.515488486612,0.02915060290821003,0.03251499370681027,0.4473040400092096,0.1838502623904083,962349.343522836,Valid,19246.98687045672,305.8222650883893,57.47341180354852,61.48566494332268,0.002986099184790721,0.003194912884237787,50.0,15291.11325441947,TWNAGYTDVLYLSTASSG
H57W_I58T_V99T_S100L_L108G,423.6901198538321,152.8284557052954,0.1138596495032869,0.05418743387492461,0.4457103971817606,0.1835771986588136,958920.7111125992,Valid,23973.01777781498,741.8684934500882,279.6077710630339,99.30419012412926,0.01166343652077827,0.004158026763703013,40.0,29674.73973800353,TWNSGWTDTLYLSTASSG
S55G_I58D_S103P_L108G,432.0924037885269,156.4598519147509,0.1116709107022019,0.05326760382569119,0.4446937498334628,0.183713471627334,956733.4518421296,Valid,19134.66903684259,853.0078206603414,218.8858565258925,77.74152681386015,0.01143922876870468,0.004094740662746498,50.0,42650.39103301707,TWNGGHDDVSYLPTASSG
H57W_I58T_V99T_S100T_S103P_L108G,176.5675731066738,33.76656042998287,0.2688283263190528,0.09840262001210846,0.4443979343758165,0.1826214289072194,956097.0216156913,Valid,23902.42554039228,328.5176003473363,658.2239639880308,122.0767499027784,0.02753795688540939,0.005121300402815488,40.0,13140.70401389345,TWNSGWTDTTYLPTASSG
T52V_S55G_V99T_S100K_L108G,6.778474908434639,1.082323309102013,2.61507074817187,0.3141632643493295,0.4428433755792833,0.3203115288576565,687484.987308593,Valid,13749.69974617186,929.6556028932768,5836.791203046845,363.2093400711232,0.4245031754000231,0.03900756974863108,50.0,46482.78014466384,VWNGGHIDTKYLSTASSG
T52V_H57W_I58T_S100A_S103P_L108G,inf,,0.0,,0.4419808387852108,0.3183100818981709,686145.956107888,Valid (Non-binding),17153.6489026972,145.9492561941369,-188.5331654547963,100.12246121689,0.0,0.0,40.0,5837.970247765476,VWNSGWTDVAYLPTASSG
T52V_S55A_I58T_L108G,inf,,0.0,,0.439457374769144,0.2791994255788567,709035.1319583281,Valid (Non-binding),1772.58782989582,47.26588065418109,-72.49939815087964,43.37500285022668,0.0,0.0,400.0,18906.35226167244,VWNAGHTDVSYLSTASSG
I58H_V99T_S100L_S103P_L108G,18.07659505583058,1.443525663888563,1.334752597452257,0.1328181390002114,0.4385863361343499,0.316066945492167,680876.2157424748,Valid,17021.90539356187,461.32847477953,3688.13192595783,207.9282441080618,0.2166697464640344,0.01355348736901449,40.0,18453.1389911812,TWNSGHHDTLYLPTASSG
S55G_H57W_I58H_V99T_S100L_S103P_L108G,20.37371475348943,1.370394222035334,1.213915482631013,0.1145573979625899,0.4381648909476425,0.3156011824602373,680221.9500250395,Valid,17005.54875062599,241.4635804174667,3351.016773822477,174.616424487122,0.1970543157979023,0.01064259208476499,40.0,9658.543216698668,TWNGGWHDTLYLPTASSG
H57W_S103P_L108G,900.9275788836187,1116.385608381316,0.05387903837989889,0.06853436568550451,0.4375368722764754,0.1818765629291373,941335.8345559135,Valid,18826.71669111827,1206.736105554866,103.9085084169674,127.8743942303793,0.005519204974598011,0.006801383628193242,50.0,60336.8052777433,TWNSGWIDVSYLPTASSG
T52V_I58T_S100T_L108G,1437.466145109551,4464.523415172972,0.02135339210251238,0.06611074690073945,0.4360986205858711,0.3148169358757372,677014.2022483444,Valid,13540.28404496689,681.0487797183988,46.93449510365645,145.2460301322207,0.003466285858390294,0.01072837267684442,50.0,34052.43898591994,VWNSGHTDVTYLSTASSG
S55G_V99T_S100T_S103P_L108G,15.67180127054418,1.271307266089999,2.361212075970893,0.758473531998251,0.4326312787927096,0.1791310692418699,930781.7276254356,Valid,23269.54319063589,1221.10494721473,5628.329840755893,180.4942158245908,0.2418753902749944,0.01487523690463863,40.0,48844.19788858919,TWNGGHIDTTYLPTASSG
H57Y_I58H_V99T_S100L_L108G,270.8499050048721,71.13962887472404,0.1769458894365662,0.07207369072971502,0.4289865493854816,0.1763474030962442,922940.2984438615,Valid,23073.50746109654,401.1331590541647,418.2257641286665,107.6119488077748,0.01812579924546898,0.004674508158187119,40.0,16045.32636216659,TWNSGYHDTLYLSTASSG
S55A_H57Y_I58H_V99T_S100K_S103P_L108G,64.76893312921935,7.214117098187839,0.709862692889127,0.1866875361199733,0.4286825556854608,0.2728047843580309,691650.6807932071,Valid,17291.26701983018,782.6340317653146,1239.180982444217,115.2035610193116,0.07166513483500568,0.007410184610385429,40.0,31305.36127061259,TWNAGYHDTKYLPTASSG
S55G_H57W_V99T_S100T_L108G,192.4858357977398,52.03081883543319,0.1559683765000238,0.04282835744011934,0.4272173455686542,0.3092539219317619,663226.6114674989,Valid,13264.53222934998,974.8081413664177,335.835027757008,84.96932867085187,0.02531827145882441,0.006670505710847989,50.0,48740.40706832088,TWNGGWIDTTYLSTASSG
T52V_I58D_L108G,99.74560502542577,44.23949077505108,0.4728252105573988,0.230112772852552,0.4266907740254879,0.2713271806490228,688437.0740745739,Valid,1721.092685186435,64.9071090696131,82.15584247036713,34.56005992025825,0.04773469969251987,0.02016083449214372,400.0,25962.84362784524,VWNSGHDDVSYLSTASSG
V99T_S100T_S103P_L108G,66.42986234451061,5.962618160860211,0.683334745301108,0.2231444438019335,0.426362656451083,0.1753513603474369,917295.1411972584,Valid,22932.37852993146,441.6111010269075,1623.027638816611,126.7985905139192,0.06999873492524307,0.005843154591135364,40.0,17664.4440410763,TWNSGHIDTTYLPTASSG
S55G_H57Y_V99T_S100A_L108G,196.3431940540916,35.48760798423252,0.2424244187710972,0.08756423436224918,0.4259317794402091,0.1750372320868125,916368.1336778428,Valid,22909.20334194607,321.7192100015733,568.9093055658846,99.95393822011266,0.02483322082720478,0.004376962478627238,40.0,12868.76840006293,TWNGGYIDTAYLSTASSG
T52V_S55G_I58H_V99T_S100K_L108G,8.400481183403508,1.313880782613628,2.298540236694744,0.2871067917986542,0.425841871099465,0.3088495880025061,661091.27852556,Valid,13221.8255705112,1138.391417799155,4933.33985158922,231.4026161141449,0.3731209298806746,0.03658349373068059,50.0,56919.57088995775,VWNGGHHDTKYLSTASSG
H57W_I58T_S100K_L108G,198.062781521332,51.11260858422845,0.243896800684306,0.0851300552307023,0.4239235781794278,0.269998999359817,683972.388340499,Valid,13679.44776680998,713.1203365763549,336.828040676005,82.9442054910396,0.02462292677437172,0.006197797592388288,50.0,35656.01682881774,TWNSGWTDVKYLSTASSG
H57W_I58H_V99T_S100L_L108G,385.4647917582911,160.4888138554542,0.125006166554178,0.06475498421883921,0.4230583613885351,0.1738223017542189,910186.1372540275,Valid,22754.65343135069,260.4185944958885,291.3790681214155,119.7161702043075,0.01280525185762496,0.005263213803468219,40.0,10416.74377983554,TWNSGWHDTLYLSTASSG
S55G_H57W_V99T_S100A_L108G,198.112890718364,37.16913414655016,0.2403122057858944,0.08760344086296991,0.4228725011041436,0.1739858964957419,909786.269364018,Valid,22744.65673410045,556.0123510446074,559.9018519616798,101.5422644354538,0.02461685214717855,0.004504820331630209,40.0,22240.4940417843,TWNGGWIDTAYLSTASSG
T52V_H57W_I58T_V99T_L108G,374.3697399563328,123.3384555763775,0.1286620983468468,0.05826853895982414,0.4220059380965536,0.1742718548242431,907921.9080641329,Valid,18158.43816128266,781.5999721341008,239.3237552812302,77.12259724661,0.01317975440153852,0.004284924129554548,50.0,39079.99860670504,VWNSGWTDTSYLSTASSG
T52V_I58T_V99T_S100A_L108G,559.5280237008135,285.4291213503691,0.08646250450437831,0.05151885059683257,0.4205207242136404,0.1736704561451649,904726.5543955564,Valid,22618.16385988891,979.701770243856,200.3280874491716,100.9148456265926,0.008856956236152914,0.004478135947531981,40.0,39188.07080975424,VWNSGHTDTAYLSTASSG
T52V_S55G_I58T_V99T_S100L_L108G,12.42493053001654,0.4031288685452052,2.801188028152961,0.8855329522809111,0.4195418776115556,0.1724304392037392,902620.6212926352,Valid,22565.51553231588,345.7180586479133,6475.066139702554,112.2475750387392,0.2869451899040227,0.006638528029780781,40.0,13828.72234591653,VWNGGHTDTLYLSTASSG
S55G_H57W_I58H_L108G,64.6784619032787,19.83098856390933,0.7107843858530785,0.265451025481725,0.4138439114365592,0.2632448941475005,667709.519062494,Valid,1669.273797656235,68.6079134848137,119.784058951629,33.73404579991394,0.07175818557735308,0.02042289279471612,400.0,27443.16539392548,TWNGGWHDVSYLSTASSG
S55A_H57W_I58T_V99T_S100L_L108G,75.04539001857314,6.337166968634928,0.6097853577920445,0.1982217800226729,0.4135065826715831,0.1699372197072874,889636.0255726195,Valid,22240.90063931549,321.851440780299,1389.268053672727,108.1348829871893,0.06246455915624668,0.004945298422600716,40.0,12874.05763121196,TWNAGWTDTLYLSTASSG
S55A_S103P_L108G,1173.227151510424,946.3098742576082,0.04142707688369506,0.03574449063047667,0.4092589439865497,0.1682420394825273,880497.4711791024,Valid,17609.94942358205,310.4357862473867,74.73070621826628,60.00656909538618,0.004243663875501653,0.003408358925755068,50.0,15521.78931236934,TWNAGHIDVSYLPTASSG
T52V_S100T_S103P_L108G,145.6604847276486,31.2437871941931,0.20444342288427,0.04525306800258327,0.4079897124571243,0.2940569620087115,633376.9855396796,Valid,15834.42463849199,468.0951243166676,525.5002553295953,107.8646765719644,0.03318720239775267,0.006882321473745482,40.0,18723.8049726667,VWNSGHIDVTYLPTASSG
T52V_S55G_I58H_L108G,inf,,0.0,,0.4059695577453645,0.2578936858250802,655004.7751463049,Valid (Non-binding),1637.511937865762,40.67871745218313,-45.59567178082034,51.21770099679338,0.0,0.0,400.0,16271.48698087325,VWNGGHHDVSYLSTASSG
H57Y_I58H_L108G,inf,,0.0,,0.4054693591282123,0.2608017867573892,654197.7380754076,Valid (Non-binding),1635.494345188519,169.8740886972323,-65.2150557426121,54.26214956866488,0.0,0.0,400.0,67949.63547889292,TWNSGYHDVSYLSTASSG
S55A_H57Y_I58T_V99T_S100L_S103P_L108G,29.40501843397292,3.462937327190357,0.8952631503521902,0.1136655047826986,0.4036901734523621,0.2911953226312111,626702.2362239532,Valid,15667.55590559883,650.0373590911861,2276.928863686939,208.8016453209868,0.1453276361294664,0.01462753164312004,40.0,26001.49436364744,TWNAGYTDTLYLPTASSG
S55A_H57W_I58H_V99T_S100K_S103P_L108G,42.51140825010828,1.923885105467619,1.04240990901372,0.2555762877619849,0.4028085649459577,0.2557315529254631,649904.7243215255,Valid,16247.61810803814,186.110913131018,1709.864925757185,66.40978646471312,0.1052378825245325,0.00426141009447847,40.0,7444.436525240721,TWNAGWHDTKYLPTASSG
I58H_S100L_L108G,326.6859543567974,115.4149157775886,0.1471587993128389,0.06909896143823677,0.4028067211720467,0.1658233372596916,866615.8787175809,Valid,17332.31757435162,486.5993828675661,261.2760255097674,90.61836816598176,0.015074500244353,0.005245389963723636,50.0,24329.9691433783,TWNSGHHDVLYLSTASSG
S55A_I58T_V99T_S100A_S103P_L108G,49.74939804168333,5.108209401959202,0.8915259078267419,0.2931299293758449,0.4027890757623317,0.1658341604858855,866577.9156165656,Valid,21664.44789041414,622.3250694618524,1978.510144889627,175.631493486417,0.09132520500395752,0.008520792694047383,40.0,24893.0027784741,TWNAGHTDTAYLPTASSG
S55A_H57W_L108G,42.95070540435578,11.59886624996459,1.032859940921957,0.3532685782504749,0.4024345071237364,0.2565190303704358,649301.2070009252,Valid,1623.253017502313,94.25480691862542,169.2626838139131,39.74606826326266,0.104273752759971,0.0252229305376374,400.0,37701.92276745017,TWNAGWIDVSYLSTASSG
H57Y_S100T_S103P_L108G,197.81475742539,52.75958440292018,0.1518703351872943,0.0412181737534724,0.4020121653065162,0.2895417320021115,624097.2398020432,Valid,15602.43099505108,179.3652058732207,384.6473302316472,99.96317609586325,0.02465303838572675,0.006413162809312176,40.0,7174.608234928828,TWNSGYIDVTYLPTASSG
S55A_S100A_S103P_L108G,201.5661221420529,60.12615692981331,0.149112278778908,0.04491059256372092,0.4019424163053559,0.2894651556391645,623988.9591009608,Valid,15599.72397752402,95.86196299201636,377.5963796908645,109.8842290212098,0.0242053244169514,0.007045555773321919,40.0,3834.478519680654,TWNAGHIDVAYLPTASSG
S100K_S103P_L108G,252.0440293758867,212.8049101150226,0.1926765732367372,0.1676335457636287,0.4016573774131595,0.255445665834176,648047.360101264,Valid,16201.1840025316,540.8287276780401,316.7123977036716,262.8885932777376,0.0194519204049991,0.01610410552387151,40.0,21633.1491071216,TWNSGHIDVKYLPTASSG
S55G_H57Y_I58H_V99T_S100L_S103P_L108G,27.20668467806157,2.888761480292685,0.9563711850200171,0.1132963479280667,0.4010022784072924,0.2894123704081835,622529.4573299948,Valid,15563.23643324987,743.5345409033571,2416.15003047041,183.4149362621969,0.1552472739737127,0.01392482180201538,40.0,29741.38163613428,TWNGGYHDTLYLPTASSG
S55A_I58T_S100A_L108G,233.6001799776781,131.4976992096198,0.1290927156635228,0.07184375231783459,0.398401696818544,0.2874204042304893,618492.22678952,Valid,12369.8445357904,534.2911401234696,259.216999269398,142.4206502575441,0.02095555837580579,0.01154905965422631,50.0,26714.55700617348,TWNAGHTDVAYLSTASSG
H57Y_S100A_S103P_L108G,243.6951476274068,88.69610405917642,0.1238526182958359,0.04519943801777065,0.398265693937126,0.2871895524257763,618281.0913308868,Valid,15457.02728327217,575.2149200000504,310.7625426296972,110.2271839323875,0.02010493589320433,0.007170342900129053,40.0,23008.59680000201,TWNSGYIDVAYLPTASSG
S55G_V99T_S100A_S103P_L108G,42.82469666715112,2.733505660361077,1.020612992734471,0.3270238078580411,0.3968387138277812,0.1631949020308043,853776.0484540869,Valid,21344.40121135217,443.8276218584856,2231.524996374184,118.8069096872795,0.1045484937374271,0.005975655243617576,40.0,17753.10487433942,TWNGGHIDTAYLPTASSG
S55G_H57W_S103P_L108G,284.7152633714351,183.219400699633,0.1684775121064329,0.1190536951405606,0.39632264165667,0.1629076923163395,852665.748365876,Valid,17053.31496731752,283.7234353207184,294.3116418663449,186.061784800153,0.01725832440381179,0.01091437095011548,50.0,14186.17176603592,TWNGGWIDVSYLPTASSG
H57W_V99T_S100L_L108G,650.757473360392,456.378159687624,0.07443377891212234,0.05687032008336146,0.3955938882868776,0.1626056637106239,851097.8767074952,Valid,21277.44691768738,350.696684662075,162.2356418498161,112.8771537941722,0.007624770137010842,0.005306502334374069,40.0,14027.867386483,TWNSGWIDTLYLSTASSG
S55G_H57W_I58H_V99T_S100A_L108G,99.15681457841245,13.39394116072521,0.4686251877963618,0.1595652336061498,0.3953395117066706,0.1625663834660139,850550.5998821736,Valid,21263.76499705434,429.2070693610801,1020.757263128776,129.6361154895469,0.04800454027168665,0.00617309573501393,40.0,17168.2827744432,TWNGGWHDTAYLSTASSG
T52V_H57Y_V99T_S100K_L108G,154.7745844765768,36.19283939481035,0.1927812567438679,0.04614770746724583,0.3952096134577258,0.2850991134263369,613536.728954807,Valid,12270.73457909614,520.3734492328738,384.0014549027055,85.44777472213467,0.03129408858348812,0.007088874152416886,50.0,26018.67246164369,VWNSGYIDTKYLSTASSG
T52V_I58T_V99T_S100L_S103P_L108G,188.1832641759155,47.2740153132327,0.1594420993066741,0.04092172514237069,0.3946492726887394,0.2842753686300504,612666.8370523908,Valid,15316.67092630977,249.7304132407175,396.4285154733225,96.79474144973965,0.02588215920943818,0.006333641767706759,40.0,9989.2165296287,VWNSGHTDTLYLPTASSG
S55G_H57Y_I58D_V99T_S100L_L108G,91.59878275245187,9.603174267406862,0.5052911165264188,0.1670400953186279,0.3927381327396026,0.1617678895925578,844953.8801629408,Valid,21123.84700407352,659.8753284820252,1093.380599743497,103.1904865438214,0.05176048659757144,0.00514566497422701,40.0,26395.01313928101,TWNGGYDDTLYLSTASSG
T52V_S55G_H57Y_I58D_L108G,77.01351106918786,29.72643849913555,0.6038805326762303,0.2631203717510298,0.3925111234249981,0.2498090550122823,633290.4899797256,Valid,1583.226224949314,72.9540258351084,96.52228055531486,34.70138632583338,0.0609655645126804,0.02209744565773315,400.0,29181.61033404336,VWNGGYDDVSYLSTASSG
S55A_I58T_V99T_S100T_S103P_L108G,19.8580743741393,1.961199176920486,1.963567493500566,0.6381624662522309,0.3915427621385352,0.1632596509782377,842382.1079223412,Valid,21059.55269805853,1515.128435498364,4235.95818024575,137.1614271820226,0.2011418875309855,0.01586926237055562,40.0,60605.13741993456,TWNAGHTDTTYLPTASSG
T52V_S55H_I58H_V99T_S100K_L108G,inf,,0.0,,0.3914584988660836,0.2829133083913746,607713.372188874,Valid (Non-binding),12154.26744377748,741.0564239163199,-8.439345043536377,118.094892724549,0.0,0.0,50.0,37052.821195816,VWNHGHHDTKYLSTASSG
H57W_I58T_V99T_S100A_S103P_L108G,370.2608720993535,160.6369287791416,0.1300708664855321,0.06915112218086746,0.3909524066130807,0.1607956363852495,841111.991398568,Valid,21027.7997849642,459.449837876376,280.1757570317232,119.7777587062176,0.01332406432897754,0.005703596968926708,40.0,18377.99351505504,TWNSGWTDTAYLPTASSG
S55A_S100T_S103P_L108G,172.0817533798154,42.59300353763261,0.1739396894555184,0.0439493727503656,0.390933139250299,0.2815596577830397,606897.7862081248,Valid,15172.44465520312,167.9478439440277,428.4022595670931,102.9332814978855,0.02823554603774284,0.006791420851210365,40.0,6717.913757761108,TWNAGHIDVTYLPTASSG
S55A_H57Y_I58T_V99T_S100A_L108G,326.8212988399787,109.4455567668925,0.1470987756443516,0.06711818119338905,0.3908765823076463,0.1606512142628865,840948.859693886,Valid,21023.72149234715,325.1477520114448,316.7928274321816,104.3737437564708,0.0150683516021413,0.004970036994071809,40.0,13005.91008045779,TWNAGYTDTAYLSTASSG
S55A_I58T_S100K_S103P_L108G,51.16053355393559,7.894776656239644,0.8818713003063765,0.2466625465847272,0.3897248960201898,0.2476879039442663,628795.0980963332,Valid,15719.87745240833,494.0805611878532,1399.548442440565,191.761196101484,0.08903049318785562,0.01251547688089458,40.0,19763.22244751413,TWNAGHTDVKYLPTASSG
H57Y_I58T_S100T_L108G,511.4323170831577,704.3628466889761,0.05964294675649433,0.08147794780978217,0.3884018408551624,0.2797161153754872,602968.113233389,Valid,12059.36226466778,82.43695503074025,116.7564641653316,159.2423243057995,0.009681810829036254,0.01320503696430375,50.0,4121.847751537012,TWNSGYTDVTYLSTASSG
H57W_I58T_V99T_S100A_L108G,607.2314316078902,373.7366733196738,0.0797255813277822,0.05477621132695441,0.3877774866351462,0.1593002057035704,834281.3306327052,Valid,20857.03326581763,181.141425459112,170.3361848887866,103.9711989604785,0.00816684629678128,0.004985451267106746,40.0,7245.657018364481,TWNSGWTDTAYLSTASSG
S55G_H57W_I58T_S100L_S103P_L108G,inf,,0.0,,0.3867456528329294,0.2455433620217247,623988.28813547,Valid (Non-binding),15599.70720338675,199.1765303976806,-266.2427557658198,61.83491498725266,0.0,0.0,40.0,7967.061215907224,TWNGGWTDVLYLPTASSG
H57W_S100T_S103P_L108G,289.6102080688456,122.6775858807241,0.1045501627150881,0.04428080608459043,0.38524986762574,0.2777407810765199,598074.8837190219,Valid,14951.87209297555,506.7890684429705,253.7568570855756,105.3153530497342,0.01697157757287073,0.007067074080273155,40.0,20271.56273771882,TWNSGWIDVTYLPTASSG
S55A_V99T_S100L_L108G,55.47818294435211,5.385130689386246,0.8070762780189918,0.2644083624169529,0.3852293720028861,0.1585240218970517,828799.2061172952,Valid,20719.98015293238,529.4865010154126,1713.012787768235,146.1145281247858,0.08267444153539895,0.007361541810040823,40.0,21179.4600406165,TWNAGHIDTLYLSTASSG
S55G_H57Y_S100A_S103P_L108G,inf,,0.0,,0.3824083704163196,0.2756690214625994,593663.647646222,Valid (Non-binding),14841.59119115555,483.5040773749299,-310.9574305858159,101.7177701254818,0.0,0.0,40.0,19340.1630949972,TWNGGYIDVAYLPTASSG
H57Y_V99T_S100L_L108G,618.5032063912339,384.1687648672632,0.07828429155094338,0.05418250660138618,0.3808503736339429,0.1571983985137457,819378.038793268,Valid,20484.4509698317,840.6101835853458,164.2690106470614,100.9888979270408,0.008019204951550186,0.004940997944959068,40.0,33624.40734341383,TWNSGYIDTLYLSTASSG
S55H_H57Y_I58D_L108G,40.26041843465359,8.64676793713575,1.094253311480418,0.3372197269399811,0.3796514176336296,0.2414619491774567,612542.21331804,Valid,1531.3555332951,60.83168873184741,169.1716058155816,31.61297086464815,0.1104718023590289,0.02110506424006638,400.0,24332.67549273896,TWNHGYDDVSYLSTASSG
T52V_I58T_V99T_S100T_L108G,397.2205554709151,234.7253495928209,0.0765787446021044,0.04508056873982823,0.3792634323725812,0.2731687957228179,588781.3397913115,Valid,11775.62679582623,156.0009423264055,146.382707642073,85.40308824025253,0.01243099073876535,0.007254399625413498,50.0,7800.047116320275,VWNSGHTDTTYLSTASSG
S55A_I58D_V99T_S100K_S103P_L108G,26.641461920961,0.9849829056129648,1.565236235760022,0.381615223175832,0.377569019598174,0.2397471637992229,609182.4031279512,Valid,15229.56007819878,247.4318362071688,2406.582874748575,63.90312868363441,0.1580205115834971,0.004919099598961666,40.0,9897.273448286753,TWNAGHDDTKYLPTASSG
H57W_V99T_S100L_S103P_L108G,93.26828615908555,14.83532510535787,0.3134433945582348,0.05317466000380699,0.3740266846541805,0.2693914871084565,580651.6360692821,Valid,14516.29090173205,180.3717083319501,738.6050713366349,111.1270964331842,0.05088111531634479,0.007681398719208139,40.0,7214.868333278004,TWNSGWIDTLYLPTASSG
T52V_S55G_H57Y_I58T_V99T_S100K_S103P_L108G,8.06515826112638,0.4735315188611717,3.790720461340916,0.9268782166331518,0.3736750278960969,0.2373403104533046,602899.7075154876,Valid,15072.49268788719,332.757381800327,5768.201343849527,165.8010592943877,0.3826972394874716,0.01387041790512966,40.0,13310.29527201308,VWNGGYTDTKYLPTASSG
T52V_I58T_V99T_S100T_S103P_L108G,504.6431398645212,534.7010792644033,0.09577389152153544,0.1049217794715216,0.3730516663150256,0.1534027023423344,802599.5610747744,Valid,20064.98902686936,406.3635093428427,196.8533220343479,206.4936488451397,0.009810786428576579,0.0102931594314935,40.0,16254.54037371371,VWNSGHTDTTYLPTASSG
T52V_I58T_V99T_S100L_L108G,224.1417699580717,54.21534790155238,0.2130144442936384,0.08396710652168722,0.3712484377308456,0.1532515122867615,798720.0167626516,Valid,19968.00041906629,828.2279433030053,435.7127996069862,101.4939560310739,0.0218205524069876,0.00516278127887969,40.0,33129.11773212021,VWNSGHTDTLYLSTASSG
S55A_H57Y_I58T_V99T_S103P_L108G,131.1976745434029,48.74461351503068,0.3636358911203452,0.1570647381189918,0.3710154598859949,0.2358559459907789,598608.6721085033,Valid,14965.21680271258,516.0572605358304,549.3932570024726,195.7108676436375,0.03671134633364552,0.01313884686099927,40.0,20642.29042143322,TWNAGYTDTSYLPTASSG
H57W_I58T_S100T_L108G,4480.551620682267,59076.19198758472,0.006866835518980999,0.0904400463437652,0.3705481429506263,0.2679651684383582,575251.430644978,Valid,11505.02861289956,759.4884968560796,12.82454153448089,168.9013135718855,0.001114690103430241,0.01468083574231375,50.0,37974.42484280398,TWNSGWTDVTYLSTASSG
S55A_V99T_S100L_S103P_L108G,14.90484261156196,2.096135784663518,1.547439775948408,0.2022270935031219,0.3697246030679174,0.2670980353405705,573972.9395643072,Valid,14349.32348910768,823.7982859612355,3604.480519924509,318.2125960046899,0.2511951537409139,0.02645281658165623,40.0,32951.93143844942,TWNAGHIDTLYLPTASSG
S55G_H57W_I58H_S100L_L108G,inf,,0.0,,0.369718203675001,0.1526831416070223,795427.8047382575,Valid (Non-binding),15908.55609476515,686.4334454877535,-64.95372552750268,75.59409321270599,0.0,0.0,50.0,34321.67227438767,TWNGGWHDVLYLSTASSG
S55G_H57Y_V99T_S103P_L108G,210.3444805209362,117.2390911841459,0.2299866828780598,0.1370057053367846,0.369634730164526,0.2346756327909571,596380.9568931772,Valid,14909.52392232943,182.0207893991229,346.1784552420859,188.4210911080993,0.0232186122806797,0.01264081157668347,40.0,7280.831575964916,TWNGGYIDTSYLPTASSG
H57Y_V99T_S100A_L108G,1069.289044773952,1165.171349514779,0.04543517131588167,0.05131868831652794,0.369415423485018,0.1517825570733408,794776.3902841072,Valid,19869.40975710268,228.493892523925,92.47701935415125,100.2947177955134,0.004654240890124764,0.005047978628558597,40.0,9139.755700957001,TWNSGYIDTAYLSTASSG
S55G_I58D_V99T_S103P_L108G,67.08602938815696,13.2511744630834,0.6870452315306157,0.2086900682714123,0.3687507565156875,0.2343166297554885,594954.7244330184,Valid,14873.86811082546,432.5387868550345,1031.674808355382,187.2589377375241,0.06936156759414261,0.01275035178139439,40.0,17301.55147420138,TWNGGHDDTSYLPTASSG
S55G_H57W_I58H_V99T_L108G,173.1164195311219,31.39030266996549,0.2740370984357835,0.09898018697707728,0.3681788224994873,0.1517037764052434,792115.913203237,Valid,15842.31826406474,523.4625052911549,444.7180755645227,76.98493879644471,0.02807152767365369,0.004947178662157736,50.0,26173.12526455774,TWNGGWHDTSYLSTASSG
S55G_H57W_S100A_S103P_L108G,inf,,0.0,,0.367790688245909,0.2648740535143642,570970.6649900852,Valid (Non-binding),14274.26662475213,103.5770484030087,-136.2837970866431,107.4281131134316,0.0,0.0,40.0,4143.081936120348,TWNGGWIDVAYLPTASSG
S100T_L108G,501.4895649677295,273.2700113438359,0.06081378042425467,0.08288169840104981,0.3674057160578549,0.2655535564901428,570373.0211854955,Valid (Non-binding),11407.46042370991,611.0282838412664,66.76891838491319,161.8016311069656,0.009871871694569996,0.005326242980212071,50.0,30551.41419206333,TWNSGHIDVTYLSTASSG
S55A_H57W_I58T_S100L_L108G,inf,,0.0,,0.36608575444435,0.1508803778839928,787612.7956620485,Valid (Non-binding),15752.25591324097,541.0243918419425,-80.99504105857704,54.31648995505847,0.0,0.0,50.0,27051.21959209712,TWNAGWTDVLYLSTASSG
S55A_H57W_I58T_V99T_S100T_L108G,199.7263088911312,52.52977580139517,0.1504523056072062,0.04032146211066673,0.3654385858511089,0.2637182789684064,567319.1819281055,Valid,11346.38363856211,529.2716529871288,277.1110293547044,69.9177735097328,0.02442285032676912,0.006266546097787774,50.0,26463.58264935644,TWNAGWTDTTYLSTASSG
H57W_V99T_L108G,2242.948937350583,4855.955885654173,0.02171335210558968,0.04740151392664317,0.3653050715014941,0.1559678217082898,785933.2004642466,Valid,15718.66400928493,1833.394517690411,34.96223545853945,75.41426102848007,0.002224249811427196,0.004804761702325362,50.0,91669.72588452055,TWNSGWIDTSYLSTASSG
S55G_H57Y_S100A_L108G,275.7891760186296,198.4867285455091,0.1096963409625169,0.07800641072959856,0.3648122766744777,0.2644876746861819,566346.878445448,Valid,11326.93756890896,948.9786467703859,201.6982586279864,141.5732988321181,0.01780695420990253,0.01258753680109354,50.0,47448.9323385193,TWNGGYIDVAYLSTASSG
S55H_I58T_S100A_S103P_L108G,inf,,0.0,,0.3644478669023052,0.2626433068961271,565781.1564285624,Valid (Non-binding),14144.52891071406,387.6547606175501,-229.2431053476876,103.7606664452926,0.0,0.0,40.0,15506.190424702,TWNHGHTDVAYLPTASSG
T52V_H57W_I58H_L108G,133.0534278404874,210.4962711453558,0.3587477944287909,0.5538350217645799,0.3632716286168601,0.2317645141993741,586114.5174054257,Valid,1465.286293513564,93.86985418923642,53.06953678856189,80.84605737679651,0.0362178620133736,0.05522300331058015,400.0,37547.94167569456,VWNSGWHDVSYLSTASSG
S55G_I58D_V99T_S100T_S103P_L108G,35.45465097302584,3.018603545750526,1.206548706219837,0.3909090055492827,0.3621263936886,0.149180768743783,779094.4549290033,Valid,19477.36137322508,623.6984662175695,2407.308047993308,162.2443900646665,0.1235951832419436,0.009222298287051858,40.0,24947.93864870278,TWNGGHDDTTYLPTASSG
S55G_I58D_S100A_S103P_L108G,inf,,0.0,,0.3597034246297719,0.2601653181700407,558415.7242794369,Valid (Non-binding),13960.39310698592,939.516283679078,-123.1373331627083,106.001982322439,0.0,0.0,40.0,37580.65134716312,TWNGGHDDVAYLPTASSG
T52V_S103P_L108G,1688.240778867234,2668.709427919169,0.02882667804913916,0.04633370840786031,0.3586086424613208,0.1497688442716374,771526.2121199755,Valid,15430.52424239951,1168.885573119154,45.56506208385326,71.73190097852404,0.002952917306506737,0.004654080124985057,50.0,58444.2786559577,VWNSGHIDVSYLPTASSG
T52V_I58T_V99T_S100A_S103P_L108G,12409.95897904763,181397.3547799047,0.003931588245636207,0.05745856439603218,0.3562626863481049,0.1478876022527958,766479.0202246368,Valid,19161.97550561592,1154.678052071001,7.717293121127113,112.7578959678922,0.0004027399533448604,0.005884510961674085,40.0,46187.12208284004,VWNSGHTDTAYLPTASSG
S55A_H57Y_L108G,65.30970970629545,45.51625573809797,0.7044028905537429,0.4867816553542095,0.3542150793830363,0.2486637626538822,571502.3799154935,Valid,1428.755949788734,428.3712374282343,101.6044551852847,58.29586973051544,0.07111393320903309,0.0460368842938708,400.0,171348.4949712937,TWNAGYIDVSYLSTASSG
T52V_H57W_I58D_L108G,inf,,0.0,,0.3537619725081611,0.2255570174470277,570771.3222264808,Valid (Non-binding),1426.928305566202,85.58852871684113,-58.30613103947508,63.76003277525386,0.0,0.0,400.0,34235.41148673645,VWNSGWDDVSYLSTASSG
T52V_H57W_I58T_V99T_S103P_L108G,inf,,0.0,,0.353596623196747,0.2248252197463547,570504.5421527608,Valid (Non-binding),14262.61355381902,522.4755408382126,-32.75088650372436,184.6270867600706,0.0,0.0,40.0,20899.0216335285,VWNSGWTDTSYLPTASSG
S55A_I58T_S100T_L108G,343.0794650691879,321.6129646240033,0.08848998082952506,0.08204785398136485,0.3513427801359573,0.2532023808675901,545436.3778768785,Valid,10908.72755753757,301.7326960629404,156.6988094998542,144.7192007232061,0.01436453598032894,0.01327231700141653,50.0,15086.63480314702,TWNAGHTDVTYLSTASSG
I58D_S100A_S103P_L108G,431.9994100345913,285.1713922385263,0.07048418026167502,0.04631794859869118,0.349728572473517,0.2524590594110609,542930.4274765264,Valid,13573.26068691316,678.3122216554535,155.3006751867097,101.0464852291132,0.01144166304390255,0.00746645168124028,40.0,27132.48886621814,TWNSGHDDVAYLPTASSG
H57Y_V99T_S100L_S103P_L108G,78.1644527762381,12.06304898671958,0.3703691200133098,0.06088994217099677,0.3497256340494863,0.2524597260529114,542925.865767988,Valid,13573.1466441997,679.8676305309219,816.042563324474,111.0859503220133,0.06012184091985764,0.008720705637772498,40.0,27194.70522123688,TWNSGYIDTLYLPTASSG
S55G_I58H_S100T_S103P_L108G,900.885522253979,1225.206700859437,0.03400158677277997,0.04606223349730608,0.3481228468034244,0.2507689665032841,540437.6448070764,Valid,13510.94112017691,233.1217482279047,74.57311541175568,100.8516452782035,0.005519461209137387,0.007465050155280979,40.0,9324.869929116188,TWNGGHHDVTYLPTASSG
T52V_H57Y_I58T_S100A_S103P_L108G,inf,,0.0,,0.346582580664766,0.2496842975648635,538046.4837212812,Valid (Non-binding),13451.16209303203,269.3721128072392,-90.0942979030633,101.5982621964444,0.0,0.0,40.0,10774.88451228957,VWNSGYTDVAYLPTASSG
S55G_H57W_V99T_S103P_L108G,70.77657654192818,15.64230551494905,0.6535840626648722,0.2077993114544948,0.3454330324315139,0.2193905760627787,557333.1335297481,Valid,13933.3283382437,293.6148356190681,919.3690830394144,188.7908256137737,0.06598345066741612,0.0136207432609363,40.0,11744.59342476272,TWNGGWIDTSYLPTASSG
H57Y_I58T_S100K_S103P_L108G,inf,,0.0,,0.3452770400164138,0.2192377832659275,557081.450183478,Valid (Non-binding),13927.03625458695,218.6419476692531,-267.8995676731911,184.6481806069331,0.0,0.0,40.0,8745.677906770125,TWNSGYTDVKYLPTASSG
S55H_I58T_S100L_L108G,666.9066858824029,405.3181648941551,0.07264477020045933,0.04944622050318102,0.3446562347366265,0.1429842406892939,741508.396018547,Valid,14830.16792037094,867.9650392243548,110.3588357726694,66.25832909687738,0.007441509520676357,0.004488984923556507,50.0,43398.25196121774,TWNHGHTDVLYLSTASSG
T52V_H57Y_I58T_V99T_S100A_L108G,734.387694704367,630.4583326550711,0.06601476754572648,0.06001385951163596,0.3445091125159995,0.1414989714634648,741191.8708817852,Valid,18529.79677204463,65.12468772534248,125.3050118683236,106.8437009912282,0.006762352194675317,0.005766097163932392,40.0,2604.987509013699,VWNSGYTDTAYLSTASSG
S55A_H57W_I58H_L108G,inf,,0.0,,0.3441651917742619,0.21989780256849,555287.5572820196,Valid (Non-binding),1388.218893205049,101.0884190441738,-2.828412728229523,44.14881965310299,0.0,0.0,400.0,40435.36761766952,TWNAGWHDVSYLSTASSG
S55A_V99T_S103P_L108G,19.77683827538521,8.418629596451364,1.998897607541456,0.8336192308140689,0.3435887016685602,0.2184078929746305,554357.428988272,Valid,13858.9357247068,468.3260630262776,2796.752267313116,945.5641333042727,0.2018013737034115,0.06856770821125559,40.0,18733.04252105111,TWNAGHIDTSYLPTASSG
T52V_V99T_S103P_L108G,inf,,0.0,,0.3417004776355554,0.2170852012373859,551310.9055862884,Valid (Non-binding),13782.77263965721,361.1532686903923,-267.0295070233669,185.0109628112058,0.0,0.0,40.0,14446.13074761569,VWNSGHIDTSYLPTASSG
S55G_I58H_S100K_S103P_L108G,40.14030288338847,5.889849244501756,1.097165051795314,0.3014657464190566,0.3406835096885751,0.2162797671458853,549670.0957060052,Valid,13741.75239265013,132.1859191412168,1522.115661047886,198.0632635236539,0.1107657609856222,0.01445257545885693,40.0,5287.436765648672,TWNGGHHDVKYLPTASSG
T52V_H57W_I58T_V99T_S100A_L108G,inf,,0.0,,0.3406347449677218,0.1399554255863167,732856.3882275833,Valid (Non-binding),18321.40970568958,206.9139241462586,-42.44398885165401,118.0014933444762,0.0,0.0,40.0,8276.556965850345,VWNSGWTDTAYLSTASSG
S55G_H57Y_I58D_V99T_S100L_S103P_L108G,32.66489570294907,2.299000934515465,0.817778587097271,0.08060198874144724,0.3388342320132217,0.2441066680518167,526017.68602864,Valid,13150.442150716,269.4499402872046,1745.715991679535,100.3724645700424,0.1327496042849393,0.008102809223595906,40.0,10777.99761148818,TWNGGYDDTLYLPTASSG
S55A_S100L_L108G,399.6986193371086,208.2441059003937,0.1206095214063996,0.07278457387778653,0.3381909015714223,0.1391384533202712,727598.5973789849,Valid,14551.9719475797,351.2172395895906,179.7877636871563,92.41083020819272,0.01235487288834822,0.006357396183761022,50.0,17560.86197947953,TWNAGHIDVLYLSTASSG
T52V_S55A_H57Y_L108G,inf,,0.0,,0.3372205813640027,0.2164931886142195,544082.8920713745,Valid (Non-binding),1360.207230178436,130.6404483380042,-122.561100786801,38.28449216138223,0.0,0.0,400.0,52256.17933520168,VWNAGYIDVSYLSTASSG
S55G_H57Y_I58H_S103P_L108G,9979.698200389013,93042.24065647883,0.004888531011400792,0.04557975906481862,0.3362900216638944,0.1388006723866129,723508.9617676286,Valid,14470.17923535257,591.5684420988619,7.246177573393652,67.52273286201834,0.0005007662625000718,0.004666381914914748,50.0,29578.42210494309,TWNGGYHDVSYLPTASSG
H57Y_I58D_S103P_L108G,844.8366811066816,662.0585513627701,0.05743516122240915,0.04826973545943364,0.3361674761680933,0.1388618445501155,723245.312064323,Valid,14464.90624128646,638.0736017827787,85.10403565100205,66.19325678487229,0.005883483392937166,0.004583481248446986,50.0,31903.68008913894,TWNSGYDDVSYLPTASSG
S55G_H57Y_I58D_V99T_L108G,211.5444894673768,53.70042241278694,0.225406367588185,0.09041562358847721,0.3338602712820889,0.1380714010344888,718281.4912426434,Valid,14365.62982485287,696.1705531832508,331.7015792040534,80.67209233886005,0.02308994337513848,0.005726027551114708,50.0,34808.52765916254,TWNGGYDDTSYLSTASSG
S55G_H57W_I58D_V99T_S100T_L108G,397.8847020225774,256.1608545078527,0.07645250622943155,0.04896851939319777,0.3301511984347945,0.2402720592092854,512537.851941348,Valid,10250.75703882696,1077.016856697336,127.2170051055018,79.77468845532673,0.01241049852451286,0.007890803227196016,50.0,53850.84283486679,TWNGGWDDTTYLSTASSG
S55H_I58T_V99T_L108G,404.958403325535,186.4893577393698,0.1190620960471458,0.06589781650255816,0.3299247888652658,0.138023378424994,709814.5234052921,Valid,14196.29046810584,1129.588707804304,173.1430597951789,77.54821174402073,0.01219635933655849,0.005548102444011271,50.0,56479.4353902152,TWNHGHTDTSYLSTASSG
T52V_S55G_H57W_I58H_V99T_S100K_L108G,64.9384491886318,7.452453255289423,0.4404093248914995,0.0579992140061644,0.3296076133565944,0.2375427425388023,511693.972138249,Valid,10233.87944276498,286.4884123900299,731.6347132006795,75.22254725918089,0.07149143365353215,0.007617935107762951,50.0,14324.4206195015,VWNGGWHDTKYLSTASSG
I58H_S100T_S103P_L108G,392.80294173506,276.0105798185338,0.07742915388402997,0.05405637668501274,0.3288497150210664,0.2369886688859146,510517.3852086148,Valid,12762.93463021537,349.3365471684467,160.4178010166097,111.2172379656993,0.01256903726803016,0.008720868802474243,40.0,13973.46188673787,TWNSGHHDVTYLPTASSG
T52V_S55G_I58T_S100K_L108G,12.15551587591217,0.9706307709364868,2.886906060379588,0.716940408432415,0.3278965228084863,0.2081449398069357,529039.1461522835,Valid,10580.78292304567,54.17235990111828,3083.78453891381,173.7595998224574,0.29145145130963,0.01648984203806011,50.0,2708.617995055914,VWNGGHTDVKYLSTASSG
S55A_V99T_S100A_L108G,119.2886065285389,18.72834579890974,0.3927190766345233,0.1372311366489619,0.3277378864585402,0.1346216951274001,705109.5265637308,Valid,17627.73816409327,111.7596025725204,709.145377699831,106.762473349848,0.04022894889284893,0.006061872339190983,40.0,4470.384102900815,TWNAGHIDTAYLSTASSG
S55A_H57W_I58D_V99T_S100K_L108G,90.08872230660417,19.40252647247565,0.3239242724474437,0.0706896099456244,0.3275809514710866,0.2385880433725588,508547.7138955586,Valid,10170.95427791117,1108.034428196626,534.8139101667566,92.27182318057844,0.05258247117758082,0.01072927224452086,50.0,55401.72140983131,TWNAGWDDTKYLSTASSG
T52V_I58T_S100K_L108G,119.406093200122,25.5348513735439,0.398102387729836,0.1262693420212698,0.3275164542421867,0.2080808943971626,528425.9308974455,Valid,10568.51861794891,282.2939392248865,424.7588822256557,86.44208120164222,0.0401909574634492,0.008249355791108423,50.0,14114.69696124433,VWNSGHTDVKYLSTASSG
H57W_I58D_L108G,630.4796430928951,2060.79524373719,0.0779354040517538,0.2534381673773231,0.327013993613505,0.2078391629783649,527615.2442219784,Valid,1319.038110554946,42.01605629431844,10.37828768310465,33.65409787683138,0.007868072650863962,0.02551535186455825,400.0,16806.42251772738,TWNSGWDDVSYLSTASSG
T52V_S100T_L108G,3778.74598630405,42677.95725340123,0.008140489690009717,0.09182108136304089,0.3268259149149533,0.2364105157474355,507375.5696887455,Valid,10147.51139377491,691.1254033766812,13.40934543506046,151.2450994782131,0.001321441771751698,0.01490492111569191,50.0,34556.27016883406,VWNSGHIDVTYLSTASSG
S55A_H57Y_V99T_S100K_S103P_L108G,49.7700309153394,4.249362887549782,0.9042602664888811,0.2296397791920399,0.3259182931439993,0.2071448770155309,525847.4046735103,Valid,13146.18511683776,420.4431892644089,1200.125771077109,84.83335665337101,0.09129080112678288,0.007082846874460908,40.0,16817.72757057636,TWNAGYIDTKYLPTASSG
H57Y_V99T_S103P_L108G,1428.811092441045,5755.195342212107,0.03454176286695557,0.1388990535588749,0.3253072278999123,0.2068343085360103,524861.4917025336,Valid,13121.53729256334,477.9828403959623,45.75755258743357,183.6593468493802,0.003487209735201284,0.01399736222655312,40.0,19119.31361583849,TWNSGYIDTSYLPTASSG
T52V_I58T_S100L_S103P_L108G,1694.505206042644,2740.853526441689,0.02914163638629439,0.04752312663960286,0.3242753812469297,0.206019469758095,523196.6760235552,Valid,13079.91690058888,347.1859202075077,38.48154408142682,62.05217197385358,0.002942032764726076,0.004744722669536868,40.0,13887.43680830031,VWNSGHTDVLYLPTASSG
H57W_V99T_S103P_L108G,402.2998803761776,466.3849750430864,0.1215968016130206,0.142307087322745,0.3242738678972982,0.2059303089152281,523194.23433497,Valid,13079.85585837425,247.8363923504315,160.5678823953231,183.8355424595304,0.01227596726859349,0.01405678460525172,40.0,9913.45569401726,TWNSGWIDTSYLPTASSG
S55A_H57Y_I58H_L108G,60.86561729286043,22.95847577060898,0.7519304424172994,0.3189909696155484,0.3239119844054317,0.2065667602837383,522610.3594835264,Valid,1306.525898708816,80.14572998979152,99.18117770760182,34.03156476638453,0.0759121405902618,0.02646034626362644,400.0,32058.29199591661,TWNAGYHDVSYLSTASSG
T52V_S55G_H57Y_I58H_V99T_S100K_L108G,59.86564543476921,6.558136869412343,0.4748514407691927,0.06045870354454202,0.3235618116888574,0.2331482251566745,502308.2657869291,Valid,10046.16531573858,249.5499410668186,774.3825910004471,75.89287094776769,0.07708240574015633,0.007793292792806377,50.0,12477.49705334093,VWNGGYHDTKYLSTASSG
T52V_H57Y_I58T_V99T_L108G,257.1224698307875,86.59749946372742,0.1862126006350729,0.08503741153570503,0.3229679094421827,0.1346502598571751,694847.1907927055,Valid,13896.94381585411,995.7986653061881,265.0849395861646,85.4914391349371,0.0190750529827822,0.006301832465997298,50.0,49789.93326530941,VWNSGYTDTSYLSTASSG
S55G_H57Y_I58T_S100L_S103P_L108G,300.5465349192129,97.5211825800789,0.1620910633602962,0.0649056772122253,0.3219739726071847,0.2057859607829494,519483.5068466156,Valid,12987.08767116539,969.0664439161744,212.5222541731523,65.95092221386635,0.01636411946652254,0.005222930388259561,40.0,38762.65775664698,TWNGGYTDVLYLPTASSG
S55H_I58T_V99T_S103P_L108G,inf,,0.0,,0.3208104208951872,0.2036493580603667,517606.1938487624,Valid (Non-binding),12940.15484621906,78.15640493785251,-148.8506560461983,188.0183908019276,0.0,0.0,40.0,3126.256197514101,TWNHGHTDTSYLPTASSG
I58H_V99T_S100L_L108G,74.53273079267598,11.57232207224275,0.6137159670691736,0.2131042687701867,0.320406107903169,0.1316073273132594,689335.6196715172,Valid,17233.39049178793,99.15857700942499,1083.414986511121,157.5177953361645,0.06286719882703237,0.009147422266973593,40.0,3966.343080377,TWNSGHHDTLYLSTASSG
H57Y_V99T_L108G,563.1449134917375,383.3148603033659,0.08591207213683737,0.0639795119632528,0.3185378753723944,0.1309176385159164,685316.22304478,Valid,13706.3244608956,209.4555080554224,120.623490023509,81.3611334455703,0.00880057161696778,0.005937551846086943,50.0,10472.77540277112,TWNSGYIDTSYLSTASSG
I58H_V99T_S100A_L108G,161.492222997522,35.36770304382114,0.2931698905408083,0.1114536686588248,0.3182746413996054,0.1309045634092664,684749.8900402732,Valid,17118.74725100683,374.764402533628,514.100507002709,108.6281489157474,0.03003143275992187,0.006379533990901225,40.0,14990.57610134512,TWNSGHHDTAYLSTASSG
S55A_S100K_L108G,117.6278035204587,19.75997648271029,0.4038754779037227,0.1173590848278222,0.317534118584581,0.2018640302931629,512320.0988267905,Valid,10246.40197653581,357.1083002768639,417.7846166357513,65.72739861397211,0.04077378748095917,0.006570199078876615,50.0,17855.41501384319,TWNAGHIDVKYLSTASSG
T52V_H57W_I58T_V99T_S100K_S103P_L108G,192.747513961737,39.38907614238122,0.2504525177529774,0.0784635623306153,0.3169544151316627,0.2012086221693971,511384.7860118616,Valid,12784.61965029654,102.8292663986,323.2561409791047,64.3364647054902,0.02528476793375755,0.005036440809960953,40.0,4113.170655944,VWNSGWTDTKYLPTASSG
T52V_I58T_S100K_S103P_L108G,1423.824668935255,6010.389534706144,0.03466230939868613,0.1460486525560815,0.3163171159380768,0.2010157998117903,510356.5463149888,Valid,12758.91365787472,385.9554669903919,44.64828307934567,187.8093515772771,0.003499379671073252,0.01472023503671406,40.0,15438.21867961568,VWNSGHTDVKYLPTASSG
S55A_H57Y_I58T_S100A_S103P_L108G,inf,,0.0,,0.3148349042731318,0.2269967628684812,488760.3204753496,Valid (Non-binding),12219.00801188374,430.921720935312,-53.250941152427,103.2054374568864,0.0,0.0,40.0,17236.86883741248,TWNAGYTDVAYLPTASSG
S55G_H57W_S100A_L108G,inf,,0.0,,0.3126575345449855,0.2277844344986422,485380.0982964298,Valid (Non-binding),9707.601965928596,1071.090760548445,-3.73351824511883,157.0419911379754,0.0,0.0,50.0,53554.53802742225,TWNGGWIDVAYLSTASSG
S55G_H57Y_V99T_S100T_S103P_L108G,79.58343405190621,10.0181477513744,0.5770693438874317,0.194353083067086,0.3124289388015237,0.1286253950745604,672173.1915208995,Valid,16804.32978802249,477.9320611902083,993.3582134836352,114.2119327460055,0.05911323010285508,0.007001430952401119,40.0,19117.28244760833,TWNGGYIDTTYLPTASSG
I58D_S100T_S103P_L108G,223.9795267060707,128.337273530124,0.1345165903441758,0.07610844936027418,0.3123167863025612,0.2254423052411617,484851.1092361056,Valid,12121.27773090264,599.973957559616,264.6803822435641,147.7670736678108,0.02183601334113265,0.01223853703115407,40.0,23998.95830238464,TWNSGHDDVTYLPTASSG
T52V_S55A_H57Y_V99T_S100K_L108G,1442.124137818229,2855.664020024071,0.02128465995844837,0.04203409879192143,0.3113484764153093,0.2247693950127076,483347.8723192671,Valid,9666.957446385342,490.1464561592215,33.40058117253102,65.88885185165867,0.003455128602538757,0.006818134102649679,50.0,24507.32280796107,VWNAGYIDTKYLSTASSG
S55A_H57Y_I58T_V99T_S100A_S103P_L108G,119.0280274010013,51.70086958439101,0.3935441675151992,0.2056862019104905,0.3105719589376837,0.1282207748213091,668178.0043706456,Valid,16704.45010926614,701.6609997822301,673.4143265561315,279.2828024587582,0.04031346869554126,0.01680459998596883,40.0,28066.4399912892,TWNAGYTDTAYLPTASSG
S55A_H57W_I58T_V99T_S100A_L108G,176.2690783220909,45.07387586265634,0.269271004431046,0.1081222467289821,0.3104759670403092,0.1315187364343505,667971.4832325401,Valid,16699.2870808135,1731.919967788764,460.6215035512319,104.0986459637842,0.02758330348607868,0.006858789202890591,40.0,69276.79871155057,TWNAGWTDTAYLSTASSG
T52V_S55H_I58T_V99T_S100K_L108G,333.4352242781863,157.2260278670387,0.09101164116949476,0.04286366556057353,0.3104469482816846,0.2236136839390177,481948.309648396,Valid,9638.96619296792,144.6977300930026,142.4048902345476,66.12214509788109,0.01477387588914241,0.006863463539306874,50.0,7234.886504650131,VWNHGHTDTKYLSTASSG
S100L_S103P_L108G,5736.787997812935,5492.185892154624,0.008625599337693034,0.04255096876957611,0.3096257958994361,0.1966497858669987,499560.5482069463,Valid (Non-binding),12489.01370517366,229.0556518013529,-114.133939501397,63.9416023779856,0.0008708088842542628,0.0008329538239109308,40.0,9162.226072054114,TWNSGHIDVLYLPTASSG
H57Y_V99T_S100T_L108G,230.6534908007016,123.4307573316251,0.1307069336697136,0.06920497919780136,0.309541113439456,0.2240091030414016,480542.0610978818,Valid,9610.841221957635,687.2687526075067,203.9189232737863,105.8086954438378,0.02121759360750837,0.01111336665894876,50.0,34363.43763037534,TWNSGYIDTTYLSTASSG
S55H_I58D_L108G,inf,,0.0,,0.3089873008131603,0.1964103433978698,498530.3790170672,Valid (Non-binding),1246.325947542668,41.91918872196216,-121.4289320661137,32.23256338932447,0.0,0.0,400.0,16767.67548878486,TWNHGHDDVSYLSTASSG
T52V_H57Y_I58H_V99T_S100K_L108G,878.4411600430317,1448.54917130562,0.03486541785037892,0.05723130621259563,0.308368872848933,0.2229139227034259,478722.2352814875,Valid,9574.44470562975,602.1753506587689,54.18835536915321,88.78546103761808,0.005659686492031291,0.009280000240742922,50.0,30108.76753293845,VWNSGYHDTKYLSTASSG
T52V_H57W_I58T_V99T_S100T_L108G,615.5559444273911,536.9230417871015,0.04963540429790814,0.043117432034479,0.3081062684996638,0.2222505774149618,478314.5594356236,Valid,9566.291188712472,398.5940767368391,77.07839458003764,66.61309301227905,0.008057291280343269,0.006971402629618649,50.0,19929.70383684196,VWNSGWTDTTYLSTASSG
S55H_I58T_V99T_S100L_L108G,154.3430577745383,40.30726806129259,0.3063233972900379,0.1238204967841998,0.307248226953147,0.126211756243203,661027.182989066,Valid,16525.67957472665,125.0992045766355,518.5566225956823,131.1148397012832,0.03137883802302028,0.007937560966323205,40.0,5003.96818306542,TWNHGHTDTLYLSTASSG
S55G_I58D_S100T_S103P_L108G,inf,,0.0,,0.3071087853248017,0.2211705366334244,476766.0329234824,Valid (Non-binding),11919.15082308706,78.98913287154234,-237.7579560154818,100.1480316402995,0.0,0.0,40.0,3159.565314861693,TWNGGHDDVTYLPTASSG
S55H_I58T_V99T_S100A_L108G,464.1785997123799,287.2681879824619,0.1040339581174453,0.07164662264260689,0.3069609337657827,0.1263159601343473,660409.087945138,Valid,16510.22719862845,421.7653786258417,175.9482125649988,107.6355837359964,0.01065692255159367,0.006525009522477096,40.0,16870.61514503367,TWNHGHTDTAYLSTASSG
S55G_H57Y_S100L_L108G,3779.413207042679,12042.67795185016,0.01289777413873424,0.04124396964791726,0.3067838760505526,0.1285880180355267,660028.158284825,Valid,13200.5631656965,1104.574456997204,17.44070010791984,55.48022846321667,0.001321208791549282,0.004204322074072526,50.0,55228.7228498602,TWNGGYIDVLYLSTASSG
T52V_S55A_I58H_L108G,inf,,0.0,,0.3054004525430151,0.1955680478728601,492743.2388242944,Valid (Non-binding),1231.858097060736,104.077929863581,-118.0166881616915,30.33973602798557,0.0,0.0,400.0,41631.1719454324,VWNAGHHDVSYLSTASSG
S55G_H57W_I58T_S100T_L108G,141.0524634026565,66.62807816857695,0.2108937054091724,0.0975826535542578,0.3049518721416382,0.2198297212707523,473417.568174714,Valid,9468.35136349428,306.5485986658531,324.142131632203,147.4984297837002,0.03423427365422346,0.01561742820310806,50.0,15327.42993329265,TWNGGWTDVTYLSTASSG
S55G_H57Y_V99T_S100A_S103P_L108G,106.5952663491588,18.08200466624424,0.4373886849229006,0.1550453845968045,0.3035814648437537,0.1247539873939505,653138.3516949055,Valid,16328.45879237264,224.1790305361905,731.5928052577174,118.1151440838164,0.04480476783267869,0.007259806329828191,40.0,8967.16122144762,TWNGGYIDTAYLPTASSG
T52V_H57W_I58T_S100K_L108G,385.2314578097062,262.3422583829528,0.1269153517993936,0.09067338773614139,0.3029733836459234,0.1929838099834551,488827.3252123648,Valid,9776.546504247297,516.9327894975287,125.2659967384634,83.9521348835941,0.01281290859548852,0.008613778592483322,50.0,25846.63947487644,VWNSGWTDVKYLSTASSG
H57Y_S103P_L108G,476.5629694822213,239.7699527273552,0.1013585136011613,0.05973322507326174,0.3026759774521962,0.1264717159181165,651190.246784394,Valid,13023.80493568788,1001.297550605004,135.2243191548878,66.52061211914052,0.01038285814496082,0.005169619684978705,50.0,50064.8775302502,TWNSGYIDVSYLPTASSG
H57W_I58T_S100K_S103P_L108G,44999.94651393062,6126040.60258774,0.001100464873028544,0.1497947148833936,0.3022737900414124,0.1920856443250203,487698.5776428144,Valid,12192.46444107036,363.8834249754794,1.354569373535014,184.3829939731147,0.0001110988988388715,0.01512270134526315,40.0,14555.33699901917,TWNSGWTDVKYLPTASSG
S55G_H57W_S100T_S103P_L108G,inf,,0.0,,0.2998617024009361,0.2159521719450898,465515.4170473372,Valid (Non-binding),11637.88542618343,80.29528161657014,-124.6608941634231,115.8548260704727,0.0,0.0,40.0,3211.811264662806,TWNGGWIDVTYLPTASSG
S55G_H57Y_I58H_S100L_L108G,2633.552809157451,6696.242608612085,0.0184989690646615,0.04730844136228225,0.2991852812680471,0.1234379092091742,643680.2113704855,Valid,12873.60422740971,504.9666879406946,24.39519910825766,61.90388081894042,0.001894978179950324,0.004809164170197336,50.0,25248.33439703473,TWNGGYHDVLYLSTASSG
H57W_S100K_L108G,400.2269566879218,314.2088582988202,0.1222188256080182,0.09926863132838942,0.2950580646426384,0.1873160946010359,476056.4865003403,Valid,9521.129730006807,94.14505894669442,117.4789778032873,91.08459676833982,0.01233876453054099,0.009567352447742079,50.0,4707.252947334721,TWNSGWIDVKYLSTASSG
S55H_I58T_V99T_S100T_L108G,314.7743495694108,162.77399772957,0.0963227514420694,0.04959433930196512,0.292629179509266,0.2117966635217561,454287.4046560831,Valid,9085.748093121663,657.9660906095876,142.0649921633176,71.57945857665257,0.01563602586240173,0.007959170088699142,50.0,32898.30453047938,TWNHGHTDTTYLSTASSG
T52V_S55G_I58T_V99T_S103P_L108G,156.4224530378617,83.11114520456609,0.3068121058691423,0.1745221744974813,0.2896811252778361,0.1847088090805346,467381.1538493471,Valid,11684.52884623368,704.8883170247835,361.9239029744231,185.0592514611228,0.03097462531329051,0.01594782221198252,40.0,28195.53268099134,VWNGGHTDTSYLPTASSG
I58H_V99T_S103P_L108G,51.35000806483674,11.1329281665368,0.8789060454813719,0.274446217205132,0.2893921168733735,0.1840497702265928,466914.858085616,Valid,11672.8714521404,459.5447007302913,1035.7470968513,200.5261359233363,0.08873113193252719,0.01753038467720735,40.0,18381.78802921165,TWNSGHHDTSYLPTASSG
S55H_H57Y_I58D_V99T_S100K_L108G,615.8765681574339,683.9166128543142,0.04960977232968069,0.05478154117910624,0.2891225257927273,0.2089035446997643,448843.5571949878,Valid,8976.871143899756,528.6379479750319,72.29191440208706,79.51811952844068,0.008053130455282642,0.008870796525943723,50.0,26431.8973987516,TWNHGYDDTKYLSTASSG
S55G_S100L_S103P_L108G,inf,,0.0,,0.2882694777250008,0.1830270685137297,465103.5547774712,Valid (Non-binding),11627.58886943678,159.7828813896046,-125.3739489774312,74.79730652508165,0.0,0.0,40.0,6391.315255584184,TWNGGHIDVLYLPTASSG
S55H_H57Y_L108G,inf,,0.0,,0.2881421296555461,0.1849327295944291,464898.0871703388,Valid (Non-binding),1162.245217925847,110.2043790031389,-106.0302766667355,41.84389452743591,0.0,0.0,400.0,44081.75160125556,TWNHGYIDVSYLSTASSG
S55G_H57Y_S100T_S103P_L108G,inf,,0.0,,0.287336445026896,0.2070606024674045,446070.7851939988,Valid (Non-binding),11151.76962984997,293.6393736795013,-269.8013796833593,109.9202400009759,0.0,0.0,40.0,11745.57494718005,TWNGGYIDVTYLPTASSG
S55H_H57Y_I58T_S103P_L108G,inf,,0.0,,0.2869639671526441,0.1186866668060858,617386.745262506,Valid (Non-binding),12347.73490525012,601.9411785409701,-116.7061213778397,88.42451420604381,0.0,0.0,50.0,30097.0589270485,TWNHGYTDVSYLPTASSG
S55G_H57W_S100L_L108G,299.1380711041817,101.3962847935535,0.1604879869687852,0.07364102218254255,0.2861439461617537,0.1177237612700786,615622.5164792335,Valid,12312.45032958467,296.033140206336,202.4154734210679,67.30737105067787,0.01643990172571083,0.005480882256227633,50.0,14801.6570103168,TWNGGWIDVLYLSTASSG
T52V_S55A_I58H_V99T_S100K_L108G,58.49558107842802,8.814546339902902,0.4850974613978024,0.07709876423461053,0.2854062544077596,0.2056181214189365,443074.2921978817,Valid,8861.485843957635,184.4103828977074,697.8033505207368,95.77542379082723,0.07874563733536252,0.0109315807111112,50.0,9220.51914488537,VWNAGHHDTKYLSTASSG
S55H_I58D_S103P_L108G,457.7791071463829,218.342316527379,0.1054725808454443,0.05985074812552199,0.2852058884746393,0.1178156236021785,613604.3384199375,Valid,12272.08676839875,543.217027057131,132.5911928486967,62.28149878329928,0.01080429069244571,0.005097537511514329,50.0,27160.85135285655,TWNHGHDDVSYLPTASSG
T52V_H57W_S100A_S103P_L108G,inf,,0.0,,0.2839871950131913,0.2045145215679159,440871.29654826,Valid (Non-binding),11021.7824137065,50.3834601591928,-148.9700852674114,107.4662459668838,0.0,0.0,40.0,2015.338406367712,VWNSGWIDVAYLPTASSG
S55A_H57Y_I58T_S100A_L108G,369.8875158000444,629.8368582215297,0.08216209901092716,0.1381843487235147,0.2834337425583486,0.2044329278613473,440012.0982969693,Valid,8800.241965939385,355.6116130775314,117.3717661304199,197.1356077214561,0.01333733397157689,0.02240764008313843,50.0,17780.58065387657,TWNAGYTDVAYLSTASSG
T52V_H57W_L108G,52.62242732686958,23.32481221868208,0.859498029650249,0.4052651779071058,0.2832986083405837,0.1803591170308339,457083.3889268484,Valid,1142.708472317121,55.74474894354677,99.15483652180956,39.84405711035225,0.08677176981172535,0.03512408849526946,400.0,22297.89957741871,VWNSGWIDVSYLSTASSG
S55G_H57Y_I58D_S103P_L108G,880.1448848376477,1393.954564622973,0.0551440872880739,0.0885658942755797,0.282525197489474,0.11635626110382,607836.983379486,Valid,12156.73966758972,371.0416034930622,68.67090278570322,108.1248286661645,0.005648792740769319,0.008895900050361559,50.0,18552.08017465311,TWNGGYDDVSYLPTASSG
S55G_I58D_S100A_L108G,220.5915727348729,182.3723379623347,0.1365367722637555,0.1108833981416298,0.2819038137730384,0.2030413721417371,437636.9852670494,Valid,8752.739705340988,110.6821692438294,193.9952720580495,156.810125247288,0.02216394849942495,0.01791773982207831,50.0,5534.108462191471,TWNGGHDDVAYLSTASSG
S55A_I58H_V99T_S100L_S103P_L108G,12.15729439947017,0.6266528503259742,1.795244895493251,0.1536253434457167,0.2818423110015019,0.2029898920902836,437541.5062908676,Valid,10938.53765727169,121.4113352697229,3187.722202170022,110.9219646589647,0.2914212394790173,0.01064386645779616,40.0,4856.453410788916,TWNAGHHDTLYLPTASSG
S55H_H57W_I58T_S103P_L108G,719.3021041626723,466.2744494144208,0.06738970729417754,0.04830598119375489,0.2815078084736052,0.1159123154756434,605648.1284531845,Valid,12112.96256906369,354.9311802997144,83.61816498563712,53.77397681043337,0.006903196844609803,0.004443980335582305,50.0,17746.55901498572,TWNHGWTDVSYLPTASSG
H57Y_I58H_V99T_S100T_L108G,384.4342459819511,239.4230735356016,0.07909305745173555,0.04900990195364351,0.280871542221543,0.2029418444570892,436034.4521060859,Valid,8720.689042121718,513.548879912685,111.9661294826892,68.51995066602045,0.01283913793300996,0.00789346570617532,50.0,25677.44399563425,TWNSGYHDTTYLSTASSG
H57Y_S100A_L108G,inf,,0.0,,0.2806695038323246,0.2037640296238747,435720.8008986676,Valid (Non-binding),8714.416017973352,801.7534538744306,-90.37528700406074,146.7647715063456,0.0,0.0,50.0,40087.67269372154,TWNSGYIDVAYLSTASSG
T52V_S55G_H57W_L108G,inf,,0.0,,0.2803450312584166,0.1791074344701259,452317.9895128472,Valid (Non-binding),1130.794973782118,81.85717448702597,-86.93299137756367,30.35844883307009,0.0,0.0,400.0,32742.86979481039,VWNGGWIDVSYLSTASSG
T52V_H57Y_I58T_V99T_S103P_L108G,412.2913439347327,574.127666451904,0.1186853345293818,0.1657953238273486,0.2802782217903516,0.1779908324603752,452210.1968969412,Valid,11305.25492242353,214.1900745821459,135.4599740294607,186.3540804377066,0.0119820362264261,0.0164854090505557,40.0,8567.602983285837,VWNSGYTDTSYLPTASSG
H57W_V99T_S100A_L108G,872.1851849756049,1130.42486788004,0.05564447237379736,0.07382363544774008,0.2794533562717469,0.1159704808452659,601228.090736296,Valid,15030.7022684074,893.4496187377172,85.67576451274317,110.2924840971503,0.005700050668478918,0.007345631383416504,40.0,35737.98474950869,TWNSGWIDTAYLSTASSG
H57Y_I58D_V99T_S100K_S103P_L108G,221.1111330664159,59.06103973649113,0.2190354896703014,0.07796556512714646,0.2784388751621455,0.1768881688536016,449242.5339240936,Valid,11231.06334810234,287.9616974958461,248.3527280543817,64.55734075538338,0.0221130199658561,0.005776000204791468,40.0,11518.46789983385,TWNSGYDDTKYLPTASSG
S55H_I58D_V99T_S100K_S103P_L108G,1325.680384534491,2402.407612216933,0.03721882679471132,0.06779483004679247,0.2782525452574539,0.1766477993282664,448941.9030639784,Valid,11223.54757659946,112.5274663379267,42.17221395551633,76.13645375234843,0.003757476294165965,0.006783739924885779,40.0,4501.098653517068,TWNHGHDDTKYLPTASSG
T52V_S55G_H57Y_V99T_S100K_L108G,68.80319785501703,17.10059032784338,0.4173470267729046,0.1019524653055764,0.2775622248352029,0.2007589844783837,430896.9562174501,Valid,8617.939124349003,581.4859767951484,583.8459155441033,129.4171977810537,0.06774774190438562,0.01569750923556508,50.0,29074.29883975742,VWNGGYIDTKYLSTASSG
S55G_H57W_I58H_S100K_L108G,157.3845229510119,34.19125629202465,0.3049943544561213,0.09779200920616335,0.2775321544590283,0.1763073594940982,447779.6006106595,Valid,8955.59201221319,225.7627732266661,275.7526348405418,57.64410846611827,0.03079111179523186,0.006483295179706013,50.0,11288.13866133331,TWNGGWHDVKYLSTASSG
T52V_H57W_I58T_S100A_L108G,319.350920631884,387.9692424965156,0.09496364348563513,0.1138273342647266,0.2772272686632383,0.1999802900581281,430376.958962595,Valid,8607.5391792519,360.8384543195118,132.6886811741297,158.6167891468752,0.0154154025222412,0.01843898586038077,50.0,18041.92271597559,VWNSGWTDVAYLSTASSG
T52V_H57Y_I58T_V99T_S100L_L108G,2834.439901652125,12446.16369252015,0.01719018837612271,0.07554469729128174,0.2770867097232087,0.1141984017559746,596136.384539568,Valid,14903.4096134892,510.9181804982542,26.24357290467333,115.030367138141,0.001760910663082094,0.007718628715427924,40.0,20436.72721993017,VWNSGYTDTLYLSTASSG
S55A_H57Y_I58T_V99T_S100T_S103P_L108G,71.41407304687536,9.526705385036536,0.638763317355654,0.2165629853347944,0.2769022926280596,0.1140150107060337,595739.62158959,Valid,14893.49053973975,435.6797648102848,974.5253685537418,118.1042750442959,0.0654329732814112,0.008157668267945594,40.0,17427.19059241139,TWNAGYTDTTYLPTASSG
S55H_I58T_V99T_S100L_S103P_L108G,58.57947733708802,12.81806612811028,0.484457351352843,0.1046183269593341,0.2763903868201827,0.1999338585792472,429077.75537284,Valid,10726.943884321,733.0727025651522,843.5854094434035,160.0037178936986,0.07864172857997583,0.01585472104500944,40.0,29322.90810260609,TWNHGHTDTLYLPTASSG
H57W_I58H_S103P_L108G,435.0110111228317,189.7707452859272,0.110930193922928,0.0592630342104952,0.2755520744789115,0.1133268656561277,592834.70360714,Valid,11856.6940721428,254.5495805298509,134.7317882101015,58.0359439582673,0.01136335199258052,0.004900858665049067,50.0,12727.47902649255,TWNSGWHDVSYLPTASSG
S55G_H57Y_I58D_S100K_L108G,102.42839652101,14.74715066195948,0.4610174251406899,0.128190137660578,0.275389030708508,0.1750798570453199,444321.8135339232,Valid,8886.436270678463,314.654820573463,413.5981062018609,54.855112261496,0.0465426289688885,0.0063891036619321,50.0,15732.74102867315,TWNGGYDDVKYLSTASSG
S55H_I58T_S100T_S103P_L108G,inf,,0.0,,0.2751421597295672,0.1981528707464448,427139.9655517152,Valid (Non-binding),10678.49913879288,85.08853573409677,-135.2176699676611,103.137369744535,0.0,0.0,40.0,3403.541429363871,TWNHGHTDVTYLPTASSG
T52V_S55G_I58T_S100A_S103P_L108G,inf,,0.0,,0.2749445149403973,0.1981206707763465,426833.1351171484,Valid (Non-binding),10670.82837792871,270.0905338778145,-68.01175215551939,110.3155508401995,0.0,0.0,40.0,10803.62135511258,VWNGGHTDVAYLPTASSG
S55A_S100A_L108G,202.3940193045686,150.9280420576111,0.1485170367709116,0.1086905410764233,0.2749321616918413,0.1992132122358322,426813.9575175836,Valid,8536.279150351671,684.5203025748572,205.7985851996946,148.8549800044636,0.02410869906840104,0.01754476218336045,50.0,34226.01512874286,TWNAGHIDVAYLSTASSG
S55G_H57Y_I58H_V99T_S100T_S103P_L108G,42.37461711100993,5.315267285671003,1.030309261976826,0.344791275900461,0.2745722494347816,0.1128115349033988,590726.6654414972,Valid,14768.16663603743,164.7762768425003,1558.658152469298,174.0091512556163,0.1055417500954956,0.01184141731933236,40.0,6591.051073700011,TWNGGYHDTTYLPTASSG
T52V_S55H_I58T_L108G,52.08040021944996,37.50078251444876,0.8676596968609398,0.607422369003912,0.2745062434541435,0.1834032635766364,442897.4952420336,Valid,1107.243738105084,230.8141310847116,96.98983660312479,60.42787460195824,0.08759574180939723,0.05754880572240084,400.0,92325.65243388464,VWNHGHTDVSYLSTASSG
S55A_H57Y_I58D_V99T_S100K_S103P_L108G,156.1967717888032,29.52050642128002,0.3072416537968734,0.09319634212660034,0.2743206649471382,0.174226954337288,442598.0767119152,Valid,11064.95191779788,234.4911310217803,343.2125778639961,62.43141170650072,0.03101799089718063,0.005680428890071786,40.0,9379.645240871212,TWNAGYDDTKYLPTASSG
T52V_S55G_I58T_V99T_S100A_L108G,36.99949614520193,2.941506142534519,1.162168865629488,0.375340217950241,0.274295775947229,0.1127386546329815,590131.8483697752,Valid,14753.29620924438,231.6208060632296,1756.365857133005,119.8796846616265,0.1190490472246107,0.008337802493234904,40.0,9264.832242529184,VWNGGHTDTAYLSTASSG
T52V_S55G_I58D_L108G,152.8865647563373,314.6847026815087,0.3136831992484096,0.6297884799107739,0.2723804810310051,0.177890598380379,439467.7195078256,Valid,1098.669298769564,168.7956059708148,34.79299522619658,69.13980521601754,0.03166830570869906,0.06311829877196114,400.0,67518.24238832592,VWNGGHDDVSYLSTASSG
T52V_H57W_I58T_V99T_S100A_S103P_L108G,inf,,0.0,,0.272249330765514,0.1122135321551371,585729.0373038648,Valid (Non-binding),14643.22593259662,507.6608344316278,-81.73606433215627,135.7098238772122,0.0,0.0,40.0,20306.43337726511,VWNSGWTDTAYLPTASSG
I58H_S100A_S103P_L108G,335.0845511384726,249.48884239961,0.09057025697877782,0.06681175316060664,0.2720794379196137,0.1964345159706738,422385.2929501632,Valid,10559.63232375408,543.260495622642,155.250103075904,113.6123524143926,0.01470222620598883,0.01078567486982331,40.0,21730.41982490568,TWNSGHHDVAYLPTASSG
S55H_I58H_S103P_L108G,1064.372447260687,2322.672352423291,0.04564406621576307,0.1001777217960634,0.2716388089541434,0.1128843233068454,584415.534156505,Valid,11688.3106831301,740.4112195592137,54.65032652127411,118.649780094231,0.004675639448919825,0.01015546875714328,50.0,37020.56097796068,TWNHGHHDVSYLPTASSG
T52V_H57W_I58T_S100L_L108G,796.5960488342057,694.4290432619235,0.06089165092950059,0.05613572665689827,0.2706380150943731,0.1112553024988721,582262.382769963,Valid,11645.24765539926,204.1466342582367,72.63788083995314,62.91388962899839,0.00623755569562962,0.005403644192493932,50.0,10207.33171291183,VWNSGWTDVLYLSTASSG
T52V_S100A_L108G,350.185078790642,608.4156184064832,0.08671970482543617,0.1486983621406987,0.2699222183691064,0.194489140859026,419036.3525864006,Valid,8380.727051728012,200.7333983233884,117.9769020740296,202.069221845794,0.01407716792896913,0.02411353782112009,50.0,10036.66991616942,VWNSGHIDVAYLSTASSG
T52V_S55G_I58T_V99T_S100T_L108G,15.21206819414014,1.867528810270189,1.523918527053739,0.1836683584940686,0.2697162639176739,0.1942920936387001,418716.6219519658,Valid,8374.332439039317,148.3441525424011,2071.616906939586,187.859938312381,0.2473769607332709,0.02285681983303413,50.0,7417.207627120055,VWNGGHTDTTYLSTASSG
T52V_S55H_H57W_V99T_S100K_L108G,inf,,0.0,,0.2695408738226859,0.1941580035629009,418444.3404549937,Valid (Non-binding),8368.886809099873,138.1211350024952,-110.5668691336741,78.36875850923263,0.0,0.0,50.0,6906.056750124761,VWNHGWIDTKYLSTASSG
I58D_V99T_S100L_S103P_L108G,49.85742828923845,7.744137746094112,0.5614835793745402,0.09039248625058406,0.2690243548319711,0.193761297959815,417642.4789586763,Valid,10441.06197396691,123.7310286015579,951.6543428645527,133.8693782660283,0.09114535908678141,0.01286684844144823,40.0,4949.241144062315,TWNSGHDDTLYLPTASSG
S55A_H57Y_I58H_S103P_L108G,2179.071784296038,5791.09706689658,0.02234839859341519,0.05967452767161398,0.2685297158929969,0.1112815467358772,577726.4962790825,Valid,11554.52992558165,638.36215024946,26.45180897592581,70.1221169006193,0.00228930204398551,0.006070116581098531,50.0,31918.107512473,TWNAGYHDVSYLPTASSG
S55G_I58D_V99T_S100A_S103P_L108G,52.93901619268142,5.717971677804615,0.8424462477884614,0.278314789972549,0.2683562649244356,0.1103577727275391,577353.3263302376,Valid,14433.83315825594,299.7622825603726,1245.605647691266,120.1754712852224,0.0862976337632667,0.008516669045240783,40.0,11990.4913024149,TWNGGHDDTAYLPTASSG
S55H_H57Y_I58T_V99T_S100K_S103P_L108G,935.6778338188018,1266.333715480699,0.05264965429242707,0.07201094230287211,0.2680021571192933,0.1710509313421416,432403.5862136064,Valid,10810.08965534016,719.1723877136029,57.45904318514249,77.25643600176517,0.005315316062781943,0.007155440148314848,40.0,28766.89550854412,TWNHGYTDTKYLPTASSG
S55H_H57Y_V99T_S100K_L108G,858.2066938402908,1327.700583389657,0.03568269964878496,0.05495308207747386,0.2673273726984439,0.1926609529923564,415008.0266785564,Valid,8300.160533571128,234.3830028426044,48.07748012613774,73.93564048581015,0.005792355452847187,0.008909237809233627,50.0,11719.15014213022,TWNHGYIDTKYLSTASSG
S55G_H57Y_I58H_V99T_S103P_L108G,66.5784733394305,17.58073314682157,0.6919170029828846,0.2384849720827425,0.2665106401165692,0.1692049719192069,429997.1231171568,Valid,10749.92807792892,133.940900412854,750.9190666132226,184.1993768889575,0.0698534037781111,0.01715703051386035,40.0,5357.63601651416,TWNGGYHDTSYLPTASSG
S55G_H57W_I58D_L108G,51.12320991212018,21.91036572660642,0.8824577715469109,0.4052422318183463,0.2664602875848058,0.1762726155306429,429915.8826691564,Valid,1074.789706672891,200.2036096701726,95.75269379244673,32.8520900123063,0.08908970117406305,0.03478040436842965,400.0,80081.44386806904,TWNGGWDDVSYLSTASSG
H57Y_S100K_L108G,386.7026799516113,195.0326644272973,0.1264386619903323,0.0699866297022189,0.2660578846019534,0.1722953688687142,429266.6323244625,Valid,8585.332646489249,1100.713505072644,109.5899145692574,52.72594806980369,0.0127647837401002,0.006355712919752114,50.0,55035.6752536322,TWNSGYIDVKYLSTASSG
T52V_H57W_I58T_V99T_S100L_L108G,inf,,0.0,,0.2659779395062566,0.1092715845153196,572236.4937060092,Valid (Non-binding),14305.91234265023,140.9659042910926,-46.65011368572641,106.2765412018884,0.0,0.0,40.0,5638.636171643704,VWNSGWTDTLYLSTASSG
S55H_H57W_I58D_L108G,409.6937122307049,2171.900728250394,0.1194287766860479,0.6261579610242125,0.2659288469790207,0.1699524761326506,429058.4387356036,Valid,1072.646096839009,79.59188951826208,12.93299205176118,67.72795149203385,0.01205709142080835,0.06314734191789924,400.0,31836.75580730483,TWNHGWDDVSYLSTASSG
T52V_H57W_I58T_S100T_S103P_L108G,inf,,0.0,,0.2643538791578381,0.190612181136315,410391.8750507908,Valid (Non-binding),10259.79687626977,371.5092727620112,-120.3078844935999,103.9980027156931,0.0,0.0,40.0,14860.37091048045,VWNSGWTDVTYLPTASSG
H57W_I58H_V99T_L108G,290.1881714430347,124.6997407339914,0.1653538709002735,0.08716177041485851,0.2642374069820085,0.1086487872821611,568491.8364208755,Valid,11369.83672841751,222.8369262728527,192.5862522342236,81.26882480671333,0.01693834809016017,0.007155461565344887,50.0,11141.84631364264,TWNSGWHDTSYLSTASSG
S55A_H57W_I58D_L108G,inf,,0.0,,0.2638033786750239,0.1681357554571597,425629.1375429924,Valid (Non-binding),1064.072843857481,61.01556748708889,-9.63052169067123,34.56979553583415,0.0,0.0,400.0,24406.22699483555,TWNAGWDDVSYLSTASSG
T52V_I58H_L108G,7.951726733771626,9.244893155212827,3.823919680297847,2.881870122541403,0.2633721346562097,0.16762893913644,424933.354112468,Valid,1062.33338528117,49.44298418698056,410.1126464130593,292.1138992296368,0.3860489109118169,0.2755602405322454,400.0,19777.19367479222,VWNSGHHDVSYLSTASSG
H57W_V99T_S100T_L108G,714.0086233754079,1174.285862412702,0.04283890928390397,0.0700430643302856,0.2633442556325836,0.1928791045390607,408824.5014493722,Valid,8176.490028987443,1092.13365533941,56.85947124390987,92.55188096574835,0.006954019517217121,0.01135731414134437,50.0,54606.6827669705,TWNSGWIDTTYLSTASSG
I58D_V99T_S100A_L108G,inf,,0.0,,0.2633086310837874,0.1085935978965753,566493.6276054252,Valid (Non-binding),14162.34069013563,531.0422032341143,-25.58952508815901,101.261201029142,0.0,0.0,40.0,21241.68812936457,TWNSGHDDTAYLSTASSG
S55A_H57Y_I58H_V99T_S100L_L108G,208.1207251459601,71.23959560672566,0.2290274995951262,0.1052373348221072,0.2623605507684996,0.1078245794679862,564453.8864284724,Valid,14111.34716071181,209.137871783036,331.0646383885792,110.5557334214459,0.02346088113474486,0.0078422391040197,40.0,8365.51487132144,TWNAGYHDTLYLSTASSG
T52V_S55G_H57Y_L108G,inf,,0.0,,0.2618784560511937,0.1666803483643527,422523.4034150488,Valid (Non-binding),1056.308508537622,49.27792146934119,-3.664298916350162,37.79123243159593,0.0,0.0,400.0,19711.16858773648,VWNGGYIDVSYLSTASSG
I58D_V99T_S103P_L108G,2890.48933564245,29289.55284138987,0.01710466073608252,0.1730729864675462,0.2618526304654842,0.1662624096267887,422481.7355568612,Valid,10562.04338892153,159.0741674410242,18.23878827475983,184.4957100178995,0.001726823835422831,0.01746782395389701,40.0,6362.966697640968,TWNSGHDDTSYLPTASSG
I58D_V99T_S100L_L108G,127.8386678603894,26.53225089990418,0.3674420074987365,0.1371374468819263,0.2601992389320817,0.1071172690505413,559803.9462515804,Valid,13995.09865628951,393.7876761477104,526.7705134998064,104.1641315591427,0.03763964273757166,0.007517874584120208,40.0,15751.50704590842,TWNSGHDDTLYLSTASSG
T52V_H57Y_L108G,17.07685712157229,9.788823003465051,2.243361112425493,1.133006277764417,0.2600596995435351,0.1689806056697408,419588.961226918,Valid,1048.972403067295,145.6482341539454,237.5728567909009,100.0411457138233,0.2264815128560249,0.1004213340103698,400.0,58259.29366157816,VWNSGYIDVSYLSTASSG
T52V_S55H_V99T_S100K_L108G,313.4528453699654,234.5384105054473,0.09672246814230788,0.07162762819290246,0.2598003043485521,0.1878098643841549,403322.7519869634,Valid,8066.455039739268,509.1930300506056,126.6506981648727,92.9341519892319,0.01570091168188875,0.01156361741744985,50.0,25459.65150253028,VWNHGHIDTKYLSTASSG
T52V_H57W_V99T_S100K_L108G,229.4951958747593,128.0078447438464,0.131352563860517,0.07242057527150643,0.2591053347854669,0.1868717129171046,402243.8578053975,Valid,8044.877156107949,317.3444127793426,171.5360761677312,93.3944876257915,0.021322398445512,0.01163961700621486,50.0,15867.22063896713,VWNSGWIDTKYLSTASSG
S55G_H57W_I58D_V99T_L108G,150.0560334695719,61.74426184992289,0.3147926959040773,0.1598854267381585,0.2588534908868435,0.1081091809291229,556908.645444873,Valid,11138.17290889746,844.1953798889223,359.1660595098097,140.4075355574518,0.03224640723820139,0.01284071678916947,50.0,42209.76899444612,TWNGGWDDTSYLSTASSG
T52V_V99T_S100K_S103P_L108G,inf,,0.0,,0.2587463218483281,0.164258001703647,417469.9140089224,Valid (Non-binding),10436.74785022306,86.9830032272653,-29.9553331343709,61.97330153739826,0.0,0.0,40.0,3479.320129090612,VWNSGHIDTKYLPTASSG
S55A_H57Y_I58T_S100T_S103P_L108G,inf,,0.0,,0.2584780029793203,0.1866585532421219,401269.9667582008,Valid (Non-binding),10031.74916895502,539.5020703994198,-49.47646424412687,111.0651936416365,0.0,0.0,40.0,21580.08281597679,TWNAGYTDVTYLPTASSG
S55G_H57Y_I58H_V99T_S100A_S103P_L108G,61.81206941482649,7.531830127390002,0.7305642112209095,0.2446134256358713,0.2583569855001939,0.1065700814073864,555840.442186776,Valid,13896.0110546694,531.9685331574248,1039.932693028192,110.2666561920686,0.07483677790244338,0.008436468191738636,40.0,21278.74132629699,TWNGGYHDTAYLPTASSG
S55G_H57W_I58D_V99T_S100L_S103P_L108G,33.81367849801711,3.441283276795298,0.7935744918559403,0.09339161109929973,0.2559667143671683,0.1843614047537358,397371.357645227,Valid,9934.283941130674,128.3400881523637,1279.740071742774,112.2528522662115,0.1288205651586318,0.01142143887780093,40.0,5133.603526094548,TWNGGWDDTLYLPTASSG
S55H_H57Y_I58H_V99T_S100K_L108G,391.7063061118482,267.0110805118804,0.07764319527212032,0.05260359031382295,0.255467845386291,0.1846303176873439,396596.8966192752,Valid,7931.937932385504,483.4796805855429,99.97242053103582,67.01193774924502,0.01260378250349842,0.00848322684300111,50.0,24173.98402927714,TWNHGYHDTKYLSTASSG
S55A_H57W_I58T_S100T_S103P_L108G,222.9621373090386,113.3118401785736,0.1351169345695659,0.0679709007356402,0.2525444112228488,0.182416963974758,392058.4588564374,Valid,9801.461471410936,549.2338875551151,214.9800310505843,106.1776980493471,0.02193346693017583,0.01090234338338769,40.0,21969.3555022046,TWNAGWTDVTYLPTASSG
T52V_S100K_S103P_L108G,inf,,0.0,,0.2521831115054322,0.1601442181095804,406880.612341178,Valid (Non-binding),10172.01530852945,186.1173226536458,-103.7221191206127,183.7718903988134,0.0,0.0,40.0,7444.692906145832,VWNSGHIDVKYLPTASSG
S55H_I58H_V99T_S100K_S103P_L108G,56.56898230030894,5.921034559376112,0.8044044403647803,0.2093325649564053,0.2513293400494703,0.1595701217089478,405503.1091026484,Valid,10137.57772756621,133.5195688742855,823.2698794759303,78.42711853292143,0.08120972303248403,0.00780986721994733,40.0,5340.78275497142,TWNHGHHDTKYLPTASSG
S55G_H57W_I58D_V99T_S100A_L108G,205.2464397409464,65.54785357446217,0.2321585414346178,0.1029381563236542,0.2513056670657068,0.1038228516497371,540669.9293824217,Valid,13516.74823456054,603.8382773792022,321.4501099570366,99.18328015761553,0.02378161554678744,0.007414317481645263,40.0,24153.53109516809,TWNGGWDDTAYLSTASSG
S55A_I58H_V99T_S100T_L108G,78.36815761642373,15.66531754132485,0.3694641464051712,0.07508145480520247,0.2510001037446848,0.181110994015453,389661.0238589343,Valid,7793.220477178686,352.3557640229077,467.3979070663427,85.24621711989293,0.05997493698979126,0.0112696077174787,50.0,17617.78820114538,TWNAGHHDTTYLSTASSG
H57Y_I58H_S103P_L108G,1639.451643775513,5225.783973166096,0.02968193499446104,0.09478715902324905,0.2504843872990131,0.1047519562110597,538902.992414202,Valid,10778.05984828404,849.0349847626355,32.7709844466408,104.1085407260792,0.003040527229198696,0.009662271629855673,50.0,42451.74923813178,TWNSGYHDVSYLPTASSG
T52V_V99T_S100T_L108G,inf,,0.0,,0.2499291852160715,0.1801643351407323,387998.4938276583,Valid (Non-binding),7759.969876553166,250.3024796376664,-8.99270457102648,62.81310225856328,0.0,0.0,50.0,12515.12398188332,VWNSGHIDTTYLSTASSG
T52V_S55H_H57Y_I58T_V99T_S100K_L108G,532.6819510264479,578.59728125175,0.05728580833394699,0.06180421826000227,0.2497628334886661,0.1800944735229366,387740.2437972622,Valid,7754.804875945244,282.7473984708269,72.11330844508666,77.55627040058118,0.009299177683861022,0.0100068059109804,50.0,14137.36992354135,VWNHGYTDTKYLSTASSG
H57Y_S100L_L108G,349.0732814977364,156.663124371226,0.1378542503563388,0.0748958410689941,0.2494712474558517,0.1032073572130892,536723.2793426565,Valid,10734.46558685313,533.2296979474685,151.5853659085224,66.6463712773061,0.01412137052208489,0.00624813602719609,50.0,26661.48489737342,TWNSGYIDVLYLSTASSG
T52V_S55G_L108G,103.5350024238631,88.266364206457,0.4563169636067558,0.3871580843302061,0.2490067131616856,0.159077655108765,401755.7056992228,Valid,1004.389264248057,72.41116358004368,46.27029261609096,37.48127937012367,0.04606808760618478,0.03746498832756689,400.0,28964.46543201747,VWNGGHIDVSYLSTASSG
S55G_H57Y_I58D_V99T_S100A_L108G,145.7139393276317,35.67033272608957,0.3238619268385782,0.1276759059558104,0.2485709928665904,0.102144120647742,534786.4325103292,Valid,13369.66081275823,177.2945372434119,443.5442691101848,104.8112579346055,0.03317543169733409,0.007851819760367754,40.0,7091.781489736476,TWNGGYDDTAYLSTASSG
S55H_H57W_V99T_S100K_L108G,1149.826081471469,2696.003092129228,0.02667202073569097,0.06230145664944044,0.2485309350412292,0.1793014265679006,385827.8031123501,Valid,7716.556062247001,334.7701655874758,33.410035441937,77.98404127480279,0.004329656283506383,0.01010781356212237,50.0,16738.50827937379,TWNHGWIDTKYLSTASSG
T52V_S55G_H57Y_I58D_V99T_S100K_L108G,61.28091582562966,7.631959951862084,0.4647121242584484,0.06447173779200187,0.2481840529537276,0.1789474795921009,385289.291664117,Valid,7705.785833282339,275.631926062608,581.2974773579281,63.62238642096165,0.07543649537302544,0.008686185222762653,50.0,13781.5963031304,VWNGGYDDTKYLSTASSG
T52V_S55G_I58T_V99T_S100L_S103P_L108G,5.98613025802877,0.4992480861541945,2.803675586188659,0.2516121688013132,0.2476301216390943,0.1785595454369831,384429.3500147418,Valid,9610.733750368545,352.6269430171126,4374.030493287173,117.2766339251585,0.4551193079424806,0.02068220912418658,40.0,14105.0777206845,VWNGGHTDTLYLPTASSG
I58H_S100K_L108G,97.32906941731446,17.66151622251704,0.4839911379349359,0.1437884173449744,0.247144404550997,0.157374087727109,398750.9951007937,Valid,7975.019902015873,402.365809902233,389.6751894367599,64.3183715616799,0.04886197078182342,0.008433346404314208,50.0,20118.29049511165,TWNSGHHDVKYLSTASSG
T52V_V99T_S100A_L108G,6085.973806632744,62288.56481819776,0.008013580150176865,0.08198878994257537,0.2450637646766908,0.1008259599232141,527240.8294210632,Valid,13181.02073552658,319.8298373269329,10.82012593878926,110.6503229365459,0.0008208868004907965,0.008394693903476339,40.0,12793.19349307731,VWNSGHIDTAYLSTASSG
T52V_H57Y_S103P_L108G,364.3232611467882,255.3148807302674,0.1321620161170394,0.1004173520570058,0.2432689824273442,0.1001773943219261,523379.456920628,Valid,10467.58913841256,312.7759169743177,141.7131039337946,97.87536900900157,0.01353827534305439,0.009359072439067547,50.0,15638.79584871588,VWNSGYIDVSYLPTASSG
T52V_S55G_I58H_S103P_L108G,inf,,0.0,,0.2420630188357468,0.1006182459090652,520784.8944600201,Valid (Non-binding),10415.6978892004,666.7232838556716,-36.91122210260801,64.13984840916521,0.0,0.0,50.0,33336.16419278358,VWNGGHHDVSYLPTASSG
S55H_H57W_I58D_S103P_L108G,4620.501831973329,24359.48641223752,0.01055247810187459,0.05567248478193609,0.2414155706973376,0.099878958205446,519391.9464085104,Valid,10387.83892817021,517.5391524072866,11.22887775804702,59.13249297846553,0.00108096379195831,0.005692727785840174,50.0,25876.95762036433,TWNHGWDDVSYLPTASSG
H57W_S100L_L108G,449.2217040609177,262.8283988034494,0.1074596531951128,0.0708108936867192,0.2413579528830002,0.09955404550814186,519267.9849397035,Valid,10385.35969879407,395.6781917981465,114.3203815003217,66.00617985338438,0.0110078403460206,0.006369517410908631,50.0,19783.90958990733,TWNSGWIDVLYLSTASSG
T52V_S55H_H57Y_V99T_S100K_L108G,inf,,0.0,,0.2411868282579034,0.1737463389660831,374426.564125489,Valid (Non-binding),7488.53128250978,139.5855379403185,-98.05169457542615,66.75920119443954,0.0,0.0,50.0,6979.276897015924,VWNHGYIDTKYLSTASSG
H57Y_I58H_S100K_L108G,354.2709812581282,196.3666341931188,0.1378523881268481,0.0823904350224013,0.2408710220769059,0.1529551394325511,388629.3113477814,Valid,7772.586226955627,135.8624193309384,108.1716396873589,59.09309875883245,0.0139170716835814,0.007606649762691937,50.0,6793.12096654692,TWNSGYHDVKYLSTASSG
S55A_H57W_I58T_V99T_S100T_S103P_L108G,117.5339956154304,27.76388818707132,0.3983425705407486,0.1546577246171169,0.2402828040215504,0.09874385865800855,516954.8629724076,Valid,12923.87157431019,180.4199079686732,527.358612171246,119.2624853737235,0.04080500252103394,0.009245642580878066,40.0,7216.796318746928,TWNAGWTDTTYLPTASSG
T52V_H57Y_S100A_S103P_L108G,inf,,0.0,,0.2402073245550639,0.1729986312054593,372905.9495519178,Valid (Non-binding),9322.648738797945,90.86992490888588,-196.1599576708659,108.2339614852423,0.0,0.0,40.0,3634.796996355435,VWNSGYIDVAYLPTASSG
S55H_I58T_V99T_S100A_S103P_L108G,1172.47829871736,2422.947975168947,0.0414534236811406,0.08629591869508126,0.2400198189930433,0.09874559267163258,516389.0655574436,Valid,12909.72663893609,308.5150624458821,54.8193824591026,112.7966045056591,0.004246362761374501,0.008737924143241342,40.0,12340.60249783528,TWNHGHTDTAYLPTASSG
S55A_I58T_S100L_S103P_L108G,inf,,0.0,,0.2399543704655504,0.1523373196416607,387150.3551769839,Valid (Non-binding),9678.758879424598,104.4267826849931,-29.35459295450028,61.78208676732509,0.0,0.0,40.0,4177.071307399724,TWNAGHTDVLYLPTASSG
T52V_H57Y_I58H_L108G,23.27501336919904,6.498134050811379,1.751594671394917,0.5843332893400004,0.2393964683071623,0.152480143397598,386250.2172951237,Valid,965.6255432378093,50.70034698451305,170.7559834949006,38.2050851393384,0.1768345759810206,0.04063993762050034,400.0,20280.13879380522,VWNSGYHDVSYLSTASSG
S55A_I58H_V99T_S100L_L108G,63.48878911157606,7.913054109503748,0.7126787818158309,0.2393056747615364,0.2391940824204257,0.09873938350785452,514612.540023346,Valid,12865.31350058365,533.6056627900326,939.2276945957233,101.2831261046332,0.07300464886091691,0.00843480727540144,40.0,21344.2265116013,TWNAGHHDTLYLSTASSG
S55G_H57Y_I58D_S100A_S103P_L108G,319.4008282267395,301.957176897555,0.09494903376015758,0.08868491336808386,0.2383578344757746,0.1717069748184672,370034.7387947864,Valid,9250.868469869662,170.304895987519,142.5839218789506,132.6933017707629,0.01541303093253898,0.01434668133637193,40.0,6812.19583950076,TWNGGYDDVAYLPTASSG
T52V_H57Y_I58T_S100L_L108G,632.6775151625459,652.040302788199,0.07654418672679314,0.08190428068375352,0.237251547542301,0.0976498327260277,510433.2860986665,Valid,10208.66572197333,274.0600424579879,80.04567731521092,81.82037953837994,0.007840953900852982,0.00801756034060142,50.0,13703.00212289939,VWNSGYTDVLYLSTASSG
T52V_H57W_I58T_V99T_S100L_S103P_L108G,247.2224208096915,233.790575743261,0.1221205676015787,0.1135900958691915,0.2369364257516448,0.1706405217294338,367828.0959667427,Valid,9195.702399168567,82.4939244143654,182.2935163663933,168.9640040094585,0.0198237729379841,0.01837509636810566,40.0,3299.756976574616,VWNSGWTDTLYLPTASSG
S55A_H57W_I58T_V99T_S103P_L108G,228.4817190506023,212.9318309528189,0.212120944425526,0.2001357893187477,0.2364336051471636,0.1500953290647438,381469.8354145655,Valid,9536.745885364138,85.2436772171498,204.2289632812162,186.2448097003491,0.02141495282941769,0.01953011625183336,40.0,3409.747088685992,TWNAGWTDTSYLPTASSG
T52V_H57Y_I58T_V99T_S100A_S103P_L108G,8180.013613402022,132067.0789864487,0.005963399585818374,0.09623919227196483,0.2361927985025034,0.09704645469306222,508155.4474201164,Valid,12703.88618550291,148.722538957061,7.760455135164193,125.2166972411227,0.0006108725331639123,0.009856568956209484,40.0,5948.90155828244,VWNSGYTDTAYLPTASSG
S55G_H57Y_S100K_S103P_L108G,inf,,0.0,,0.2354754225779433,0.1495252756755064,379923.8718162434,Valid (Non-binding),9498.096795406085,160.6433652816421,-86.75508017700213,186.0031885052447,0.0,0.0,40.0,6425.734611265684,TWNGGYIDVKYLPTASSG
T52V_S55G_H57Y_I58T_L108G,inf,,0.0,,0.235354410754964,0.1504181695675089,379728.6273197329,Valid (Non-binding),949.3215682993323,70.63223069783629,-43.00156724866793,53.80324238103833,0.0,0.0,400.0,28252.89227913452,VWNGGYTDVSYLSTASSG
S55G_H57W_I58H_S100T_S103P_L108G,178.1207452268292,110.8908371353546,0.1682034722661833,0.1026858861197389,0.2351642171846867,0.1694065457208409,365076.8596350043,Valid,9126.921490875107,168.2845246002129,249.2050116869532,150.8389421078973,0.02730438866337382,0.01653448118398659,40.0,6731.380984008516,TWNGGWHDVTYLPTASSG
T52V_H57Y_I58T_V99T_S100K_S103P_L108G,inf,,0.0,,0.2348690293482571,0.149165174964475,378945.4968285552,Valid (Non-binding),9473.637420713882,194.3837480421628,-84.86829527081181,67.27569394660256,0.0,0.0,40.0,7775.349921686512,VWNSGYTDTKYLPTASSG
S55A_H57W_I58T_S103P_L108G,677.887525624837,643.4457935887301,0.07147664140945922,0.07101853675123342,0.2347015278902274,0.09693968677316622,504947.0630408715,Valid,10098.94126081743,441.730900632753,73.94293263430882,69.59707860049575,0.007321849956806631,0.006898959754293837,50.0,22086.54503163765,TWNAGWTDVSYLPTASSG
S55A_I58H_V99T_L108G,328.4826245217823,229.6359733098841,0.1463659669287843,0.1108494644872181,0.2345311458494822,0.1009253849158576,504580.495716651,Valid,10091.60991433302,1296.23752864684,151.3063825859667,102.3608250795854,0.01499328490403377,0.010324368704329,50.0,64811.876432342,TWNAGHHDTSYLSTASSG
S55A_I58H_S100A_S103P_L108G,1313.611813623633,4303.450483928304,0.02335906964649367,0.07625660207092166,0.2338578298950729,0.1688989396734722,363048.7799600055,Valid,9076.219499000139,498.2843774846108,34.41581292244791,112.3043102332832,0.003791866528375526,0.01237521890668183,40.0,19931.37509938443,TWNAGHHDVAYLPTASSG
S55A_H57W_I58D_V99T_S100K_S103P_L108G,118.1864956948615,22.4279689408184,0.4020437668247996,0.1216940907786867,0.2338249336301337,0.1485028974871709,377260.9181008331,Valid,9431.522952520829,194.5494840450659,382.8148085275166,69.24846382570375,0.04058886464621273,0.007389818100542929,40.0,7781.979361802636,TWNAGWDDTKYLPTASSG
S55G_H57Y_I58D_V99T_S100T_L108G,577.6248382314366,722.3015552218117,0.05286685903165777,0.06566856821026525,0.2335574245029008,0.1687040171137468,362582.4205006262,Valid,7251.648410012524,407.0184387418893,62.23257175256185,77.07290955841087,0.00858185177133462,0.01063923896539362,50.0,20350.92193709447,TWNGGYDDTTYLSTASSG
T52V_H57W_S103P_L108G,inf,,0.0,,0.2325981245098511,0.09589080404642283,500421.709631975,Valid (Non-binding),10008.4341926395,357.2566013909348,-9.575639697053703,56.88425667979563,0.0,0.0,50.0,17862.83006954674,VWNSGWIDVSYLPTASSG
S55H_S100A_S103P_L108G,56.86471563188545,22.11935572513055,0.4978855051141376,0.1821379945427915,0.2325199460683001,0.167602993960144,360971.8039987729,Valid,9024.295099969322,280.7615847632146,729.3571955997277,259.7881321487928,0.08082151431442076,0.02889724469117259,40.0,11230.46339052858,TWNHGHIDVAYLPTASSG
H57Y_I58T_S100L_S103P_L108G,inf,,0.0,,0.2323537345564111,0.1478413644088388,374887.2366262149,Valid (Non-binding),9372.180915655374,410.4920443077166,-211.2756639766635,66.99496203512125,0.0,0.0,40.0,16419.68177230866,TWNSGYTDVLYLPTASSG
T52V_S55A_H57W_L108G,inf,,0.0,,0.2321142962707852,0.148240084345741,374500.9189394681,Valid (Non-binding),936.2522973486703,65.83920577845423,-22.11110945721339,39.05096706619099,0.0,0.0,400.0,26335.68231138169,VWNAGWIDVSYLSTASSG
S55A_S100K_S103P_L108G,483.628721726941,987.9331300724765,0.1013578624196916,0.2063906696909334,0.2318222251136465,0.1473643425541525,374029.6816287918,Valid,9350.742040719795,318.0074546105268,95.68350799838208,193.4301642076628,0.01023271817163899,0.02068900341496122,40.0,12720.29818442107,TWNAGHIDVKYLPTASSG
S55H_H57W_I58H_V99T_S100K_L108G,283.4816840164172,216.9004406486795,0.106771233314663,0.0807020914093364,0.2315909870748067,0.1672877734843553,359529.6567361733,Valid,7190.593134723466,405.2505226043703,124.6282438907674,93.44049846127265,0.0173321228938592,0.0130314862306516,50.0,20262.52613021851,TWNHGWHDTKYLSTASSG
T52V_S55G_I58H_V99T_S100K_S103P_L108G,4.718678359461601,0.3183182587696611,5.095997718958646,1.243522440050572,0.2308216796390943,0.1466396845816149,372415.3683112554,Valid,9310.384207781384,240.7339404765368,4789.943582564021,96.30247399004416,0.5144732457507722,0.01685066854913739,40.0,9629.357619061471,VWNGGHHDTKYLPTASSG
S55G_H57Y_I58D_L108G,115.295406018635,115.3378734067315,0.4117061855499032,0.4070998636616872,0.2307482109059476,0.1514965395450887,372296.8314157741,Valid,930.7420785394352,156.078716328841,38.68568673334266,36.51967484233127,0.04156434701442755,0.03985142536067316,400.0,62431.48653153641,TWNGGYDDVSYLSTASSG
T52V_S55G_H57W_I58T_V99T_S100K_S103P_L108G,2.802906555477546,0.4064101799369418,3.947445092688116,0.3682272071352619,0.2298667950383516,0.1657189390710671,356852.9628853297,Valid,8921.324072133244,301.9912924000442,5716.667250020175,226.2915567922962,0.6407868612100782,0.03337503809818185,40.0,12079.65169600177,VWNGGWTDTKYLPTASSG
T52V_H57W_I58T_V99T_S100T_S103P_L108G,1772.670704751891,6203.526853255938,0.02745756380054193,0.09620875640812575,0.229678258526671,0.09445334673874241,494139.7831105196,Valid,12353.49457776299,258.0073599679999,34.7462962199379,121.2517710326407,0.002812669403075892,0.009815355636266692,40.0,10320.29439872,VWNSGWTDTTYLPTASSG
S55G_H57Y_I58D_V99T_S103P_L108G,57.76531521988147,15.98834828856836,0.7890721583665553,0.2771443516443745,0.2288377267763678,0.145592386967613,369214.3928342563,Valid,9230.359820856409,397.2929309454839,735.3073738672638,184.6132546787719,0.07966183205618962,0.02029243558736014,40.0,15891.71723781936,TWNGGYDDTSYLPTASSG
H57W_I58D_V99T_S100K_S103P_L108G,85.06598911588506,11.51670251064366,0.5498897334862449,0.1504160434269971,0.2284336181322952,0.1450492702502069,368562.3905190692,Valid,9214.05976297673,148.8562602543229,511.5171583316146,64.8833678200026,0.05551485137821179,0.007098662153399909,40.0,5954.250410172916,TWNSGWDDTKYLPTASSG
H57W_I58H_S100K_L108G,227.3211920896529,100.2788473056243,0.2131805639667896,0.105472639839675,0.2278924634941971,0.1454969716073984,367689.273642978,Valid,7353.785472859559,503.2235422984338,158.2676424547126,67.45049400406774,0.02152192813331681,0.009289699857302079,50.0,25161.17711492169,TWNSGWHDVKYLSTASSG
S55G_H57W_I58H_V99T_S103P_L108G,56.63283507565212,15.53425863318207,0.8035710622481868,0.2806747016703806,0.22785908938584,0.1447206787985971,367635.4267475074,Valid,9190.885668687684,197.7392588230436,745.6160062575573,187.242999520249,0.08112558823332851,0.02044731299215223,40.0,7909.570352921744,TWNGGWHDTSYLPTASSG
H57W_I58H_V99T_S100L_S103P_L108G,105.9557487153634,28.19468868869926,0.2776020670198845,0.07373951329758242,0.226042749259799,0.162875265256437,350916.3852858641,Valid,8772.909632146602,213.5286619438608,395.3337133820751,99.99537175271868,0.04506300987456344,0.01145084909524091,40.0,8541.146477754432,TWNSGWHDTLYLPTASSG
T52V_S55G_H57W_I58T_V99T_S100L_L108G,65.46631102051404,13.56543733812938,0.4371102267884702,0.09069246358399667,0.2256822721185262,0.1631098129992176,350356.7684177811,Valid,8758.919210444528,536.6233281158162,621.4969311998357,113.4234624610836,0.07095589264697577,0.0136596864733471,40.0,21464.93312463265,VWNGGWTDTLYLSTASSG
T52V_I58D_V99T_S100K_L108G,67.76366774462252,15.75497434783891,0.4233094090202745,0.09733431625247257,0.2251865272909185,0.1627575956964822,349587.1574327001,Valid,6991.743148654002,430.5760627170814,480.4419132081694,99.7301632656135,0.06871561254372745,0.01487847914321873,50.0,21528.80313585407,VWNSGHDDTKYLSTASSG
S55G_I58D_S100K_S103P_L108G,79.24821967313842,41.47814189920143,0.5878624253813163,0.3224488677864447,0.2251221041474435,0.1433719405980251,363219.4838117587,Valid,9080.48709529397,468.7038740340727,538.9126993142372,263.8620695934898,0.05934843512894069,0.02921916716251543,40.0,18748.15496136291,TWNGGHDDVKYLPTASSG
I58D_V99T_L108G,234.3454037651125,86.91543524410127,0.203933336609968,0.0980727960303099,0.2249999388611526,0.09288205830458116,484074.6429458815,Valid,9681.49285891763,402.4172064155714,202.249399959625,72.96175612982883,0.0208903113297587,0.007586067971426894,50.0,20120.86032077857,TWNSGHDDTSYLSTASSG
T52V_S55A_I58D_L108G,17.9642749565599,10.42037799043366,2.156669994798226,1.108904124205166,0.2242648119868597,0.1469070533014694,361836.3001513964,Valid,904.5907503784911,146.348792865892,196.9560876817686,83.49827690555725,0.217729495464507,0.09879796539182568,400.0,58539.5171463568,VWNAGHDDVSYLSTASSG
S55H_S100T_S103P_L108G,77.2854784981026,18.57035992631263,0.3743254065397945,0.08930719361006875,0.2237258251973513,0.1617196027537053,347319.514253113,Valid,8682.987856327823,542.7567114010332,527.6136211888252,114.4145128461515,0.06076406300675877,0.01371336159449651,40.0,21710.26845604133,TWNHGHIDVTYLPTASSG
T52V_S55G_I58D_V99T_S100K_L108G,7.377510729746386,1.735167947825546,2.488508866092083,0.398482109573816,0.2235106333372029,0.1625459350403078,346985.443153936,Valid,6939.708863078719,703.5337735379936,2803.354008169345,271.4327007441292,0.4039584460212744,0.05662978308756379,50.0,35176.68867689968,VWNGGHDDTKYLSTASSG
T52V_S55G_H57Y_S103P_L108G,inf,,0.0,,0.223490104250622,0.09208267699201707,480826.3191743317,Valid (Non-binding),9616.526383486635,315.7009816995077,-133.48278422984,103.0200958566232,0.0,0.0,50.0,15785.04908497538,VWNGGYIDVSYLPTASSG
I58H_S103P_L108G,inf,,0.0,,0.2234148737363641,0.09200737832877663,480664.4649777823,Valid (Non-binding),9613.289299555647,290.6933995003932,-2942.649324803529,76.82295198775134,0.0,0.0,50.0,14534.66997501966,TWNSGHHDVSYLPTASSG
S55A_H57W_S103P_L108G,inf,,0.0,,0.2232397336417765,0.09523607386540661,480287.6609698251,Valid (Non-binding),9605.753219396502,1108.265512460933,-39.72746667732281,60.57154231498716,0.0,0.0,50.0,55413.27562304665,TWNAGWIDVSYLPTASSG
T52V_S55A_I58T_S100A_S103P_L108G,834.1239021368931,1771.544459637724,0.03670679039494083,0.07754681265639624,0.2230896380751992,0.1610557857717778,346331.8759147806,Valid,8658.296897869515,440.3341349836404,51.5912898906854,108.8870682314898,0.005958595610573264,0.0125796881893738,40.0,17613.36539934562,VWNAGHTDVAYLPTASSG
S55G_H57W_V99T_S100T_S103P_L108G,70.05964614529069,12.07884055653459,0.6502895936599321,0.2301857364072485,0.2213620028615552,0.09107187757984196,476247.829396604,Valid,11906.1957349151,286.5831831023421,793.1156317915911,126.1949312950576,0.06661369000223703,0.01071969002973945,40.0,11463.32732409368,TWNGGWIDTTYLPTASSG
S55H_I58T_V99T_S100T_S103P_L108G,337.9083145917973,223.5449258487249,0.142342733363535,0.1030768243720604,0.2212738311214455,0.09094522012162214,476058.1328845624,Valid,11901.45332211406,185.6929849373514,173.536960401233,113.0978542421356,0.01458115708262154,0.009505583679717558,40.0,7427.719397494056,TWNHGHTDTTYLPTASSG
T52V_S55G_I58D_S103P_L108G,1163.902495677357,2092.053287835037,0.04175755203926961,0.0758866654815388,0.220785180886614,0.09102291260008852,475006.8295413315,Valid,9500.13659082663,340.1584553034076,40.63699335897763,72.71585207509423,0.00427751674625572,0.007655722359963011,50.0,17007.92276517038,VWNGGHDDVSYLPTASSG
S55A_I58D_V99T_S100L_L108G,108.0680207105802,23.71266564097669,0.4316915294468579,0.1634647015228044,0.2205396715450372,0.09078718149981699,474478.6300784108,Valid,11861.96575196027,331.1804439028945,524.5499866988607,109.0296146658704,0.0442211685371099,0.00927407924171475,40.0,13247.21775611578,TWNAGHDDTLYLSTASSG
S55A_H57Y_S100A_S103P_L108G,215.3082856384083,139.4514597230727,0.1398111065222409,0.08915703307049194,0.220290394043555,0.1587005904248223,341986.2350997832,Valid,8549.655877494579,170.4391825987869,194.0384550839617,122.7621686763294,0.02269546960302026,0.01436585263268933,40.0,6817.567303951477,TWNAGYIDVAYLPTASSG
T52V_H57Y_I58T_V99T_S100T_S103P_L108G,inf,,0.0,,0.2202345331238032,0.09067089720259638,473822.1420231004,Valid (Non-binding),11845.55355057751,338.0397897222411,-175.6440249387206,128.1177901911066,0.0,0.0,40.0,13521.59158888964,VWNSGYTDTTYLPTASSG
S55A_I58D_S103P_L108G,inf,,0.0,,0.2190223370073395,0.09307225200449114,471214.1706377406,Valid (Non-binding),9424.283412754812,1027.796268754883,-11.47954082816432,58.41157011603946,0.0,0.0,50.0,51389.81343774415,TWNAGHDDVSYLPTASSG
S55A_H57Y_V99T_L108G,inf,,0.0,,0.2188351936112353,0.09074251924332322,470811.5422054516,Valid (Non-binding),9416.230844109032,537.6606187349115,-14.51834925509092,92.46497284088036,0.0,0.0,50.0,26883.03093674557,TWNAGYIDTSYLSTASSG
T52V_S55A_I58H_S103P_L108G,1200.955715275056,1908.163019447448,0.04047454328034475,0.06530113685556306,0.2185489952938005,0.08999660018422312,470195.8027122535,Valid,9403.91605424507,280.2911529328386,38.98947504925673,61.68143039292155,0.004146089227546463,0.006560285787549961,50.0,14014.55764664193,VWNAGHHDVSYLPTASSG
T52V_I58D_S100A_S103P_L108G,215.2786186389353,115.961007695136,0.1398299362028025,0.0744016279253881,0.2173923112544845,0.15720228378296,337487.1536652756,Valid,8437.17884163189,554.0317263484371,191.5115251258567,100.0297742125145,0.02269852621599937,0.01194915779600093,40.0,22161.26905393749,VWNSGHDDVAYLPTASSG
I58H_V99T_S100A_S103P_L108G,88.98079231387912,18.15718104559274,0.5193668364601669,0.1920450192100251,0.2171509671503234,0.08932325079927642,467188.0242310353,Valid,11679.70060577588,265.8818844144457,621.3876430604969,119.216418928229,0.05320236057705163,0.01027874812785306,40.0,10635.27537657783,TWNSGHHDTAYLPTASSG
S55H_H57W_S103P_L108G,1405.949521293353,2270.341943739244,0.03459408437754527,0.05672338795008779,0.2168188805261905,0.08921229326554707,466473.5586413204,Valid,9329.471172826408,231.4637998107296,33.06096721403082,53.19168174147462,0.00354371288592715,0.005702145881246526,50.0,11573.18999053648,TWNHGWIDVSYLPTASSG
T52V_H57Y_I58T_S100T_S103P_L108G,inf,,0.0,,0.2167678389614653,0.1561300756014795,336517.7018226704,Valid (Non-binding),8412.94254556676,112.6638510076767,-166.1249982749259,112.694741558756,0.0,0.0,40.0,4506.554040307068,VWNSGYTDVTYLPTASSG
S55H_H57W_L108G,inf,,0.0,,0.2166699695182254,0.1403322084749145,349582.5289300585,Valid (Non-binding),873.9563223251462,112.450681355659,-52.00294199436576,35.34925633234944,0.0,0.0,400.0,44980.2725422636,TWNHGWIDVSYLSTASSG
T52V_V99T_S100L_S103P_L108G,147.745564332912,59.90720122480323,0.2016526327664166,0.08061356633743577,0.216512299009222,0.1559890876602121,336120.9929849352,Valid,8403.024824623379,181.3818952266818,275.0660833040238,107.7181125034542,0.03273417478168073,0.01283842711988651,40.0,7255.275809067271,VWNSGHIDTLYLPTASSG
S55H_I58T_S100A_L108G,138.8791391655184,123.4559881872773,0.2140792985680135,0.1844370497853261,0.2150593801285082,0.156291766733901,333865.4327274031,Valid,6677.308654548062,652.4250487564993,232.0457535844198,197.8125564145143,0.03475138945784217,0.02981854875753267,50.0,32621.25243782497,TWNHGHTDVAYLSTASSG
H57W_I58H_V99T_S100A_L108G,2593.184124961106,12572.79610005795,0.01878639251281318,0.09110142281964101,0.2147136649938574,0.08824073889793273,461944.3064899804,Valid,11548.60766224951,168.1642756559102,22.22438269732402,107.5448673332465,0.001924420964613064,0.009312408680473746,40.0,6726.571026236407,TWNSGWHDTAYLSTASSG
S55H_I58D_V99T_S100K_L108G,87.01184815295176,21.17596000050759,0.3347562929061288,0.08128100938648501,0.2146509042683616,0.1552491554313302,333231.3010297993,Valid,6664.626020595985,447.5288796213222,362.1612952234882,79.72245294298902,0.05434082784304555,0.01250620675378627,50.0,22376.44398106611,TWNHGHDDTKYLSTASSG
H57Y_I58D_V99T_L108G,218.0686954900993,85.04776088009537,0.2188137904551729,0.1082548253108408,0.2142907081080105,0.09015429200840497,461034.3386716149,Valid,9220.686773432299,840.7177483123004,206.6781883754179,76.51222517327096,0.02241461980586119,0.008545857235946142,50.0,42035.88741561502,TWNSGYDDTSYLSTASSG
S55G_I58H_S100L_S103P_L108G,inf,,0.0,,0.2140955253137458,0.1363823250112771,345428.8350997947,Valid (Non-binding),8635.720877494869,461.786030791206,-96.90611903032959,86.17304820703946,0.0,0.0,40.0,18471.44123164824,TWNGGHHDVLYLPTASSG
T52V_S55G_I58T_S100A_L108G,90.3281351348281,41.54914985386123,0.3231107494923651,0.1430317295687965,0.2140292728001077,0.154811196488136,332266.2593793418,Valid,6645.325187586837,450.1102642296078,348.5500465412424,150.0713008957675,0.05245041238799238,0.02286072250467553,50.0,22505.51321148039,VWNGGHTDVAYLSTASSG
I58D_S103P_L108G,inf,,0.0,,0.2136248378753027,0.08787020729897134,459601.7565261362,Valid (Non-binding),9192.035130522723,207.2206462377611,-63.5319218250188,61.98756068207141,0.0,0.0,50.0,10361.03231188806,TWNSGHDDVSYLPTASSG
T52V_H57W_I58D_S103P_L108G,30784.33527350999,1233878.625677373,0.001585305637763286,0.0635328842899366,0.212963985894946,0.08842531016610196,458179.9708667691,Valid,9163.599417335383,558.7271173429501,1.488112577932043,59.63584991337235,0.0001623938924170869,0.006507914218154267,50.0,27936.35586714751,VWNSGWDDVSYLPTASSG
S55A_H57W_V99T_S100T_L108G,342.301430220259,323.5279550614835,0.0886882186796334,0.08290192646940066,0.2128766588192971,0.1580243713795196,330476.9025736027,Valid,6609.538051472054,1190.641886677635,95.15564112823085,86.96888724501862,0.01439671583508595,0.0134112319398532,50.0,59532.09433388175,TWNAGWIDTTYLSTASSG
T52V_H57Y_S100T_S103P_L108G,inf,,0.0,,0.2126269688258592,0.1531488595042818,330089.275409156,Valid (Non-binding),8252.2318852289,113.2002856162901,-165.4564410631547,101.6567351468338,0.0,0.0,40.0,4528.011424651604,VWNSGYIDVTYLPTASSG
H57W_I58T_S100L_S103P_L108G,1276.214040221974,2464.187770468152,0.03865580706759076,0.07493288444675286,0.2119714176204815,0.1348170033414081,342001.7291617534,Valid,8550.043229043835,340.381360728178,33.36695883992388,64.1616730082941,0.00390254855397443,0.007505859379043225,40.0,13615.25442912712,TWNSGWTDVLYLPTASSG
S55A_H57W_I58H_V99T_S100L_L108G,113.4433949820575,29.73097805224294,0.412099862550153,0.1660765473278517,0.2116125132381461,0.08713823136452091,455272.3538820584,Valid,11381.80884705146,337.7655162059689,480.4746118926955,119.7601510297813,0.04221425771152059,0.01059637955922381,40.0,13510.62064823876,TWNAGWHDTLYLSTASSG
S55H_S103P_L108G,536.1766293058616,391.2062063322132,0.0901933013158495,0.07113033557168408,0.2103562452228226,0.08762758486913096,452569.564298914,Valid,9051.39128597828,630.0142530866874,83.62696018107818,60.17143985299771,0.00923912772510748,0.006678788239237293,50.0,31500.71265433437,TWNHGHIDVSYLPTASSG
T52V_S55G_H57W_I58H_L108G,91.51573471073445,215.4498233172037,0.5131428870074256,1.15217798068506,0.2094849330511005,0.1334898200005107,337989.9523297237,Valid,844.9748808243094,47.27518478669335,43.77394439138698,97.68485880582242,0.05180502448627065,0.1156431477827113,400.0,18910.07391467734,VWNGGWHDVSYLSTASSG
T52V_H57W_I58T_S100K_S103P_L108G,889.9280238274928,3500.999988927779,0.05534116871130166,0.2169104153059579,0.2094809562831793,0.1330343344621531,337983.5360802088,Valid,8449.58840200522,164.5439034408261,47.20820097837259,184.6783864179595,0.00558704149034873,0.02185676576781374,40.0,6581.756137633045,VWNSGWTDVKYLPTASSG
S55G_H57Y_I58D_V99T_S100T_S103P_L108G,91.50266235816702,19.80220016792792,0.5057944060747309,0.1902673682210872,0.2093794636108507,0.08608442954627005,450468.0739054292,Valid,11261.70184763573,211.5674145444802,583.4917696797957,119.2287837652948,0.05181204204960311,0.01063175256209405,40.0,8462.696581779208,TWNGGYDDTTYLPTASSG
S55G_H57Y_I58D_S100L_L108G,596.1611129611739,426.4382221302698,0.08119371951996471,0.06302796521511479,0.2093283647012155,0.08623373432883612,450358.1374913938,Valid,9007.162749827876,288.034495224622,74.91471550330971,53.08729865676769,0.008317237912098492,0.005899896170594168,50.0,14401.7247612311,TWNGGYDDVLYLSTASSG
T52V_S55H_I58D_L108G,29.49056150596516,10.67363028634109,1.435939590097524,0.563944954133265,0.2090163032216243,0.1336862002983162,337233.849389918,Valid,843.0846234747951,66.13837758094417,122.2196141006552,36.58730226221456,0.1449671962903604,0.0448623098404221,400.0,26455.35103237766,VWNHGHDDVSYLSTASSG
S55H_H57Y_I58T_S100A_S103P_L108G,218.1923976170241,126.2753466001562,0.138004454990336,0.07880566919502299,0.2085263700396497,0.1504486132101262,323723.3675962478,Valid,8093.084189906194,356.4119700447724,181.302864172666,102.2643231255873,0.02240219672974481,0.0126744691434671,40.0,14256.47880179089,TWNHGYTDVAYLPTASSG
S55G_H57W_I58D_S100K_L108G,163.6244464203002,51.30059814205113,0.2937080820871222,0.1141419805312023,0.2076686048222595,0.1323280135827808,335059.4280073309,Valid,6701.188560146617,373.3054559625186,198.7015733010549,59.42888753015577,0.02965169111682293,0.009020930965281636,50.0,18665.27279812593,TWNGGWDDVKYLSTASSG
T52V_S55A_H57W_I58T_V99T_S100K_L108G,58.91621471924842,5.185966028836152,0.4819050271737676,0.05403361188091296,0.207576741439623,0.1495151224647257,322249.1321395624,Valid,8056.228303489061,117.9845561331539,630.2178828076721,50.29408359940363,0.07822741102492489,0.006347132693652631,40.0,4719.382245326156,VWNAGWTDTKYLSTASSG
T52V_S55G_H57W_I58T_V99T_L108G,154.4907145569547,64.9231014278199,0.1931243789125067,0.08002222351263036,0.2074989835408668,0.1496599928589786,322128.4181558212,Valid,8053.210453895528,323.1366026133504,252.4664359384915,102.2697728928661,0.03134978743991069,0.01276140391843999,40.0,12925.46410453402,VWNGGWTDTSYLSTASSG
T52V_S55G_H57Y_I58T_V99T_S100L_L108G,62.53630644548747,9.581443624994415,0.7227298820594699,0.2498689792509668,0.2067025260255557,0.08520557567888748,444708.7940925144,Valid,11117.71985231286,390.8950566404408,823.092084646843,113.1300514067959,0.07403425302856612,0.01050331383289876,40.0,15635.80226561763,VWNGGYTDTLYLSTASSG
S55A_H57Y_S100T_S103P_L108G,inf,,0.0,,0.2058548230356639,0.1482633817249084,319575.9679524641,Valid (Non-binding),7989.399198811601,92.57564306410548,-126.3301292463484,102.304897924015,0.0,0.0,40.0,3703.025722564219,TWNAGYIDVTYLPTASSG
H57Y_I58H_V99T_S103P_L108G,244.2278565983567,278.7756525928948,0.1987192099112874,0.2274135611211807,0.2058305732547941,0.1307029773894489,332093.8867971828,Valid,8302.347169929571,143.3826482552777,166.5613804822233,186.2862498589864,0.02006196284895133,0.02244045614260479,40.0,5735.305930211108,TWNSGYHDTSYLPTASSG
T52V_S55A_I58T_V99T_S100K_S103P_L108G,9.509172837790832,0.4270271446310288,3.413451842141676,0.8315025776257168,0.2051130239201465,0.130240028035621,330936.1688559474,Valid,8273.404221398685,131.6061918722805,2851.09437798192,70.60001915692449,0.3446095829099863,0.01014238701597461,40.0,5264.24767489122,VWNAGHTDTKYLPTASSG
H57W_S100K_S103P_L108G,419.8468558019101,803.7278367742753,0.1165746246553401,0.2223308447902211,0.2048199901186853,0.1305259078852304,330463.3783829318,Valid,8261.584459573294,466.214892002396,97.23014713124485,183.8587236989177,0.01176894669624508,0.02226456413671847,40.0,18648.59568009584,TWNSGWIDVKYLPTASSG
S55A_H57W_S100A_S103P_L108G,591.5894104287536,966.3263919547048,0.05162938639656289,0.08372215075041525,0.2045600427729576,0.1479982734764481,317565.9074173829,Valid,7939.147685434573,552.6032701914144,66.53778584277006,107.6750995202325,0.008380973434319974,0.01357509147544922,40.0,22104.13080765658,TWNAGWIDVAYLPTASSG
S55G_H57Y_I58H_S100A_L108G,155.4623904773887,167.3622846628496,0.191954919152623,0.2007593323282338,0.2040235654867491,0.1470331858785725,316733.0619902204,Valid,6334.661239804409,174.7442722404235,197.3877249665256,205.803393185754,0.03115994960018103,0.0324998296457537,50.0,8737.213612021174,TWNGGYHDVAYLSTASSG
H57Y_S100K_S103P_L108G,662.5203620865525,2043.661136678632,0.07419453482482284,0.2278592695277739,0.2040024176352648,0.1300215513324693,329144.2797696201,Valid,8228.606994240503,471.8816155199935,61.6356253801705,188.6687512936505,0.00749040820922806,0.0229324182819057,40.0,18875.26462079974,TWNSGYIDVKYLPTASSG
S55A_I58H_V99T_S100A_L108G,226.0409459910322,105.0522827953415,0.2112634476227168,0.1168929504828393,0.2037084073223781,0.08483991186632225,438267.1170435589,Valid,10956.67792608897,756.6847631850127,237.1155008713099,106.5634590538631,0.02164118562860314,0.009840056458090947,40.0,30267.39052740051,TWNAGHHDTAYLSTASSG
T52V_S55H_H57Y_L108G,23.26665628175154,6.575930650913012,1.752112533489942,0.5879210290559249,0.2036310798108865,0.129889341885221,328545.1509839273,Valid,821.3628774598183,51.57486864033541,145.2882982112878,32.54527854550538,0.1768868574394458,0.04115080666016627,400.0,20629.94745613416,VWNHGYIDVSYLSTASSG
I58D_V99T_S100T_L108G,172.8963659473342,71.53580874150204,0.1731431950680908,0.07090205676551131,0.2033194023130007,0.1475422751351921,315639.8953374861,Valid,6312.797906749723,564.3636179839023,177.4290855558738,69.56231716313403,0.028106251487342,0.01130210513369502,50.0,28218.18089919511,TWNSGHDDTTYLSTASSG
S55H_H57Y_S103P_L108G,286.74211580674,123.50507644289,0.1673070295562439,0.08831136542006662,0.2032988515225978,0.08441118332585547,437385.9809039292,Valid,8747.719618078583,533.0644414234444,149.9221254683944,62.80652463402589,0.01713842372800289,0.007255319742864274,50.0,26653.22207117222,TWNHGYIDVSYLPTASSG
S55A_H57W_V99T_S100L_L108G,1477.422810146236,4047.235769033032,0.03292617089942403,0.09049078216180395,0.2024415034624211,0.08329545053350947,435541.445042226,Valid,10888.53612605565,269.1366227960985,36.72547417487976,100.2619225748477,0.003372856897356273,0.009208403287766117,40.0,10765.46491184394,TWNAGWIDTLYLSTASSG
T52V_H57W_S100T_S103P_L108G,inf,,0.0,,0.2022856492670076,0.1457192409585814,314035.0622545137,Valid (Non-binding),7850.876556362842,141.0871493542293,-85.51290133126622,100.0756400667607,0.0,0.0,40.0,5643.485974169172,VWNSGWIDVTYLPTASSG
T52V_S55G_H57W_I58T_V99T_S100T_L108G,127.3354103621708,50.37978869941515,0.2327536152782328,0.09042098110413965,0.2010212016705071,0.1447736229289199,312072.091173157,Valid,7801.802279328924,67.06174743869653,294.773797050133,112.1911033663599,0.03778278229777032,0.01438381899015745,40.0,2682.469897547861,VWNGGWTDTTYLSTASSG
S55A_H57Y_I58D_S103P_L108G,inf,,0.0,,0.2009160670525486,0.08274804932424656,432259.5548817964,Valid (Non-binding),8645.191097635929,265.0258748569953,-25.07984471428063,54.79258206120279,0.0,0.0,50.0,13251.29374284976,TWNAGYDDVSYLPTASSG
T52V_S55H_H57Y_I58T_L108G,31.84787691407605,17.75662884084544,1.344076427160171,0.7246688984710362,0.2005950077566514,0.1277408380269386,323646.6514406202,Valid,809.1166286015505,41.22780970842162,109.7914854753089,52.61083733108596,0.1356930281671121,0.06538913335691739,400.0,16491.12388336865,VWNHGYTDVSYLSTASSG
S55H_H57W_I58T_S100L_L108G,inf,,0.0,,0.2003744644355415,0.08362272030468518,431094.327483188,Valid (Non-binding),8621.886549663759,638.392210355603,-99.93687408277765,59.61024103030777,0.0,0.0,50.0,31919.61051778015,TWNHGWTDVLYLSTASSG
T52V_S55G_I58T_V99T_S100T_S103P_L108G,31.55072421293118,6.159705999193168,1.335418321884053,0.477404257560644,0.2001068534049111,0.08740799280307607,430518.5774862924,Valid,10762.96443715731,1600.616544242998,1472.332582858852,116.7181560520496,0.1367961950869106,0.02305356081687521,40.0,64024.66176971993,VWNGGHTDTTYLPTASSG
S55A_H57Y_V99T_S100T_L108G,793.45073844797,1306.545020748411,0.03857663811670569,0.0631954424451231,0.1996875312481041,0.1447371374790896,310001.6562429286,Valid,6200.033124858573,509.7753869779565,38.82539539577738,63.45169168265195,0.006262127090919859,0.01024703287999805,50.0,25488.76934889783,TWNAGYIDTTYLSTASSG
H57Y_I58H_V99T_S100A_L108G,282.1589459469416,173.4571244695555,0.1699773156330574,0.115818387599558,0.1995587623584368,0.08197939084517836,429339.3905986568,Valid,10733.48476496642,93.28651868508504,186.8910043803694,112.8790201927766,0.01741195971977084,0.01051761927322726,40.0,3731.460747403402,TWNSGYHDTAYLSTASSG
S55A_H57Y_I58D_L108G,836.8342240183682,9212.664148765138,0.05883149121058833,0.6439831629646285,0.1995536952820031,0.1272476405355657,321966.56329041,Valid,804.9164082260249,48.83882706933245,4.780729894680917,52.3174048844519,0.00593941165296566,0.0649983134908052,400.0,19535.53082773298,TWNAGYDDVSYLSTASSG
H57Y_I58H_V99T_L108G,113.7106934499562,30.21401510569547,0.4111719456230453,0.1666037510338342,0.1991018393434158,0.08282873318759626,428356.3465744248,Valid,8567.126931488496,567.1224888071351,360.8405730988366,88.67970455550949,0.04211920472107938,0.01072009817059191,50.0,28356.12444035676,TWNSGYHDTSYLSTASSG
S55A_I58D_L108G,14.32474333325217,5.064172629257869,2.562847117658161,0.9138491171594398,0.1990114812010547,0.1267158700657463,321091.7370740179,Valid,802.7293426850447,40.05875848622379,207.6946971150155,53.43174739970735,0.2587356485814991,0.06780333208902717,400.0,16023.50339448951,TWNAGHDDVSYLSTASSG
S55G_H57W_V99T_S100A_S103P_L108G,98.26808640152244,26.73298294276032,0.4726581898912748,0.1928161509729243,0.1985560515719381,0.08166892090209117,427182.115052676,Valid,10679.5528763169,237.7431083503695,517.0790535806545,133.3602598136959,0.04841766875159494,0.01253386944570636,40.0,9509.72433401478,TWNGGWIDTAYLPTASSG
H57W_I58H_V99T_S103P_L108G,inf,,0.0,,0.1982157519407865,0.1260188675441572,319807.8810428072,Valid (Non-binding),7995.19702607018,284.7448945107957,-167.2642120889077,185.5212662061821,0.0,0.0,40.0,11389.79578043183,TWNSGWHDTSYLPTASSG
S55A_I58D_S100T_S103P_L108G,191.9256429515106,115.1662518409665,0.1564120585286503,0.0922704445697916,0.1979294119454348,0.1426175267510221,307272.2925601107,Valid,7681.807314002768,186.2198035559156,195.0433472976974,113.9674088656962,0.02539029414889944,0.01484877726659691,40.0,7448.792142236624,TWNAGHDDVTYLPTASSG
H57W_I58H_S100A_S103P_L108G,inf,,0.0,,0.1978165444611524,0.1427720258702298,307097.0732720318,Valid (Non-binding),7677.426831800794,368.7619106039563,-226.245946154505,108.2083188137017,0.0,0.0,40.0,14750.47642415825,TWNSGWHDVAYLPTASSG
T52V_S55H_L108G,inf,,0.0,,0.1968224395896498,0.1253445310559704,317559.8645946448,Valid (Non-binding),793.8996614866119,40.75883815901534,-20.25070740304909,48.18875201240974,0.0,0.0,400.0,16303.53526360614,VWNHGHIDVSYLSTASSG
T52V_S55H_H57W_I58H_V99T_S100K_L108G,106.1367782486811,41.57444030734197,0.2771498839223307,0.1058724594751195,0.1963990159998122,0.141679534787609,304896.454294771,Valid,6097.92908589542,258.5039393410298,274.3434343692516,101.9662660788752,0.04498960721006268,0.01682987188291748,50.0,12925.19696705149,VWNHGWHDTKYLSTASSG
T52V_S55A_L108G,55.35916958178412,51.26356803274737,0.8205275701151413,0.7245764767032619,0.1955656576118086,0.1245182177197746,315532.1307877661,Valid,788.8303269694152,39.17916351075927,65.3446967904838,55.40284022269317,0.08283745509827155,0.07035457155082316,400.0,15671.66540430371,VWNAGHIDVSYLSTASSG
T52V_S55A_I58D_S103P_L108G,54.85701837357151,36.75090220267908,0.81545169001653,0.5628215614345404,0.1954702595839842,0.08139864601221854,420543.2081163686,Valid,8410.864162327372,578.1974243416909,702.579613123613,428.6561560874621,0.08353239329086988,0.0512870654102598,50.0,28909.87121708454,VWNAGHDDVSYLPTASSG
H57Y_V99T_S100T_S103P_L108G,159.537486732512,65.46114496687346,0.2966528039378068,0.1505891022338294,0.1947599042745739,0.0802634754748229,419014.9188443448,Valid,10475.37297110862,356.0051787208711,318.327852793157,126.183646884829,0.03038821182511729,0.01208993268994058,40.0,14240.20714883484,TWNSGYIDTTYLPTASSG
T52V_H57Y_I58T_V99T_S100L_S103P_L108G,184.8610224732336,110.9928980344423,0.1622320621151513,0.09566835381417453,0.1947400067724069,0.1402635487845041,302320.9524344221,Valid,7558.023810860552,99.80283639689402,199.0409540727633,116.3298052434792,0.02633505252877744,0.01539549172327016,40.0,3992.113455875761,VWNSGYTDTLYLPTASSG
T52V_S55H_I58T_S103P_L108G,inf,,0.0,,0.1942468993794263,0.08038038889343875,417911.2178268912,Valid (Non-binding),8358.224356537823,422.1531430529061,-25.6116378713923,74.17032851539712,0.0,0.0,50.0,21107.6571526453,VWNHGHTDVSYLPTASSG
S55A_I58D_S100A_S103P_L108G,731.1291300263385,1635.415827851797,0.04184258431672402,0.09301564726698593,0.1927835830125513,0.1394305517664997,299283.7342261671,Valid,7482.093355654177,501.2627671551444,50.82052217785804,112.8536891874752,0.006792286565023043,0.0150900331241427,40.0,20050.51068620578,TWNAGHDDVAYLPTASSG
T52V_S55G_I58T_S100L_L108G,104.0680617120615,54.67798144579553,0.4475233723410119,0.2650317185696399,0.1927818958991095,0.07949809078599897,414759.3456964438,Valid,8295.186913928876,306.7970137259861,380.2757096677888,190.1202394293247,0.04584293441649256,0.0229819717899012,50.0,15339.85068629931,VWNGGHTDVLYLSTASSG
T52V_V99T_S100A_S103P_L108G,inf,,0.0,,0.1917409808478962,0.07888821495053995,412519.8758356808,Valid (Non-binding),10312.99689589202,250.8874346674925,-37.4771685146161,142.2297614890126,0.0,0.0,40.0,10035.4973866997,VWNSGHIDTAYLPTASSG
S55H_I58T_S100K_L108G,152.6420921408196,49.2415276671618,0.3141696616590691,0.1241042673183524,0.1915043406164696,0.1216438678418253,308979.4669868059,Valid,6179.589339736118,145.0404312750756,196.0006130284028,61.05022543895041,0.03171741717011448,0.009907341712503773,50.0,7252.02156375378,TWNHGHTDVKYLSTASSG
S55H_H57W_I58H_L108G,inf,,0.0,,0.1913277167124755,0.124685027184543,308694.496110754,Valid (Non-binding),771.7362402768849,113.8423702865094,-19.33741607786033,33.65192230444443,0.0,0.0,400.0,45536.94811460376,TWNHGWHDVSYLSTASSG
T52V_H57Y_I58T_S100K_S103P_L108G,223.4215544400035,253.592439155039,0.2168200057675271,0.246356131289702,0.1912500458350093,0.1214405765770779,308569.1793359872,Valid,7714.22948339968,127.580218100895,168.8594910036363,187.4461397151413,0.02188935283387752,0.024301447340541,40.0,5103.2087240358,VWNSGYTDVKYLPTASSG
T52V_I58H_S100A_S103P_L108G,496.2169307365691,801.1279329492555,0.06145352102503603,0.09834025882964734,0.1909370594194514,0.1376788946710433,296417.1287422152,Valid,7410.42821855538,271.3002119957545,73.92436053252732,118.1271603904272,0.009975720478261165,0.01594484909894094,40.0,10852.00847983018,VWNSGHHDVAYLPTASSG
S55H_I58T_S100K_S103P_L108G,inf,,0.0,,0.1899266687861604,0.1205917693673425,306433.9988285394,Valid (Non-binding),7660.849970713485,112.7945913290823,-363.6950619279787,183.9183652037491,0.0,0.0,40.0,4511.783653163292,TWNHGHTDVKYLPTASSG
S55G_H57W_I58D_S100T_S103P_L108G,178.3987202911567,94.37470221842074,0.1679485284424255,0.08739606162507389,0.1893912895922725,0.1370762998914691,294017.4235447965,Valid,7350.435588619914,532.4078951166841,200.3949530550335,102.0940900783042,0.0272630037552181,0.01402920291315936,40.0,21296.31580466736,TWNGGWDDVTYLPTASSG
S55H_H57W_I58T_V99T_S100K_S103P_L108G,inf,,0.0,,0.1893362407124524,0.12058297174855,305481.3825540411,Valid (Non-binding),7637.034563851028,395.0547371941254,-109.1167230922661,91.36029213038292,0.0,0.0,40.0,15802.18948776502,TWNHGWTDTKYLPTASSG
T52V_H57Y_I58D_S103P_L108G,inf,,0.0,,0.1890962296102157,0.07819213513251037,406829.8431292678,Valid (Non-binding),8136.596862585357,390.4004198796255,-2.529595933683595,57.81261940116543,0.0,0.0,50.0,19520.02099398127,VWNSGYDDVSYLPTASSG
H57W_V99T_S100A_S103P_L108G,431.4034591443973,453.3934061776678,0.1118472041623505,0.1214343701477317,0.1880773678077141,0.0774460658887476,404637.8195858236,Valid,10115.94548964559,299.590700816049,115.9012981872174,120.3646045092857,0.01145728773507636,0.01190333990923999,40.0,11983.62803264196,TWNSGWIDTAYLPTASSG
T52V_S55G_V99T_L108G,116.8931509849589,35.05130249110658,0.4004368284654678,0.1708748087886154,0.1877579277522256,0.07798349431369077,403950.5623732844,Valid,8079.011247465688,499.5969712405503,331.397259902757,93.06619834236287,0.04101953193922255,0.01179547833842374,50.0,24979.84856202752,VWNGGHIDTSYLSTASSG
T52V_S55G_S103P_L108G,2087.101762986565,5984.602512228839,0.02333084731136609,0.0671436466568572,0.1872492037336873,0.07723524338028966,402856.0714197386,Valid,8057.121428394771,306.8274248547698,19.25604569276038,55.07837590125362,0.002389941105380211,0.006836592653561675,50.0,15341.37124273849,VWNGGHIDVSYLPTASSG
T52V_S55H_S103P_L108G,18.22116481379278,4.819417184578606,2.10198356471279,0.7934146436603433,0.1864268122365815,0.07741671234561659,401086.7426264144,Valid,8021.734852528288,492.0173312630571,1727.246440231022,342.4678566334682,0.2153208092743964,0.04468857685373383,50.0,24600.86656315285,VWNHGHIDVSYLPTASSG
T52V_S55G_H57Y_I58H_L108G,19.19847287295914,12.25725603001474,2.046673069458564,1.148775361246345,0.18614641590536,0.1213996553794405,300334.813209952,Valid,750.8370330248799,112.3733051939423,155.1414085026645,75.0752126178464,0.2066246091747098,0.1046615937316561,400.0,44949.32207757692,VWNGGYHDVSYLSTASSG
T52V_I58H_S100T_S103P_L108G,inf,,0.0,,0.1848010935325093,0.1331389216180199,286891.4484169936,Valid (Non-binding),7172.28621042484,150.3235977322711,-89.7461830520233,108.7674640694911,0.0,0.0,40.0,6012.943909290844,VWNSGHHDVTYLPTASSG
S55A_H57W_I58T_S100A_S103P_L108G,384.1914856789545,447.0910003669025,0.07914239217589687,0.09112236464224989,0.1843896018574808,0.1334902024302559,286252.6348666847,Valid,7156.315871667119,531.3669901529369,91.93823779549984,105.3949203763579,0.01284714641502851,0.01475839979524444,40.0,21254.67960611748,TWNAGWTDVAYLPTASSG
S55H_H57W_I58D_V99T_S100K_L108G,225.7042294461937,182.852775368704,0.1335109688498689,0.1063220396982076,0.1839074689848712,0.1331696668267954,285504.1555394881,Valid,5710.083110789762,432.5270378143964,123.7533252965677,97.63609315300072,0.02167277128816631,0.01717751941299641,50.0,21626.35189071982,TWNHGWDDTKYLSTASSG
T52V_H57W_I58T_S100T_L108G,190.4918114426069,206.5637631091612,0.1575592602259281,0.1669287599547996,0.1835662160758784,0.1322029331065787,284974.3830177675,Valid,5699.487660355349,49.58685523909325,145.7730535692699,154.0238925283828,0.02557651884804349,0.02702508070029984,50.0,2479.342761954663,VWNSGWTDVTYLSTASSG
I58H_V99T_S100T_S103P_L108G,43.43048295942508,6.671775591868037,1.007846790067584,0.3467626027244789,0.1834942859840394,0.07559372117280845,394777.5782514643,Valid,9869.439456286607,317.3006892947201,1018.928457161494,136.4914008370651,0.1032407627276603,0.0142224309724377,40.0,12692.0275717888,TWNSGHHDTTYLPTASSG
T52V_S55A_V99T_S100K_L108G,36.16054683741921,5.442572265736243,0.74832691880376,0.1146505042691295,0.1834505370085355,0.1323456448921481,284794.7989333491,Valid,5695.895978666981,245.1127734158565,691.9120877044352,86.5093687079996,0.1214755484116766,0.01606245547130212,50.0,12255.63867079282,VWNAGHIDTKYLSTASSG
T52V_S55G_I58D_V99T_S100K_S103P_L108G,6.734766306783785,0.7941080750029178,4.22048138465938,1.059770555542582,0.183393268064227,0.1165778726367465,295892.792993853,Valid,7397.319824846325,250.6402874532124,3151.882036444982,184.6311376026727,0.4260843266311606,0.02883372327699305,40.0,10025.6114981285,VWNGGHDDTKYLPTASSG
S55H_I58H_L108G,29.49535556388053,13.22231027061325,1.435740027650773,0.6506879928039537,0.182813523172515,0.117461794059334,294957.4133201968,Valid,737.393533300492,73.38784447277732,106.8830167491597,39.56395026543348,0.1449470491974117,0.05555921444986613,400.0,29355.13778911093,TWNHGHHDVSYLSTASSG
T52V_S55G_H57W_I58T_S100K_L108G,47.73505486611481,7.955492499818154,0.5840810305274845,0.09903038819763128,0.1826812283750465,0.1315629065306256,283600.4982724467,Valid,7090.012456811168,52.42677987319742,672.2295515583974,101.2891504240279,0.09481359245181666,0.01430336662294657,40.0,2097.071194927897,VWNGGWTDVKYLSTASSG
S55A_H57W_I58T_S100A_L108G,157.110349614446,131.5208448181967,0.1900035701877172,0.1548504263610982,0.1823874265269059,0.1318838546037613,283144.3903774692,Valid,5662.887807549385,369.989589859394,174.661513623827,141.2434113368964,0.03084318806227803,0.02502321511541443,50.0,18499.4794929697,TWNAGWTDVAYLSTASSG
T52V_H57Y_I58T_S100K_L108G,464.159986656931,396.060800058039,0.1055639103070501,0.09270000473809342,0.1823410175196386,0.115774939150754,294195.0569981206,Valid,5883.901139962411,86.06263939980981,62.7067664261931,52.92856299853536,0.01065734534530159,0.008996838698952181,50.0,4303.131969990491,VWNSGYTDVKYLSTASSG
S55A_I58H_S100K_L108G,104.2714123736546,23.98613633630799,0.4532417187191945,0.1480215699727355,0.1819320247840665,0.115857568041298,293535.1745274062,Valid,5870.703490548123,299.7398459171836,268.629432118677,57.34952642410543,0.04575762215740795,0.01004424249354238,50.0,14986.99229585918,TWNAGHHDVKYLSTASSG
T52V_S55G_S100A_S103P_L108G,inf,,0.0,,0.181320575061229,0.1306831047531138,281488.1741918221,Valid (Non-binding),7037.204354795553,205.1953529805166,-215.8504831976798,103.7487716867906,0.0,0.0,40.0,8207.814119220664,VWNGGHIDVAYLPTASSG
S55A_V99T_S100T_S103P_L108G,41.45800234533323,5.568283551165757,1.050637227775302,0.3543732172232478,0.1804655145374754,0.07436848379517928,388261.3477849978,Valid,9706.533694624944,327.2178744940267,1044.656808796254,120.154113146088,0.1076240851432618,0.01289942297901421,40.0,13088.71497976107,TWNAGHIDTTYLPTASSG
S55H_H57Y_I58T_V99T_L108G,121.0167953896919,59.73209407874183,0.3873333442668394,0.2205006938573957,0.1803260631087499,0.0742788360873546,387961.3259231684,Valid,7759.226518463368,244.0626997316797,307.8647768525175,145.6065704148899,0.03967725083420903,0.01880705879153532,50.0,12203.13498658398,TWNHGYTDTSYLSTASSG
T52V_S55G_H57W_S103P_L108G,1806.166073568937,4706.579406673402,0.02694976871772854,0.0705464559065537,0.1802251519290473,0.07439170860814297,387744.2212273582,Valid,7754.884424547164,319.3731054199575,21.40854043623403,55.62623031402706,0.002760652417780444,0.00717395826264853,50.0,15968.65527099788,VWNGGWIDVSYLPTASSG
T52V_S100L_L108G,inf,,0.0,,0.1794800631234026,0.07426181352663838,386141.2048026382,Valid (Non-binding),7722.824096052763,387.2370772172765,-44.91352780184752,68.40752342481305,0.0,0.0,50.0,19361.85386086383,VWNSGHIDVLYLSTASSG
S55H_H57Y_I58T_V99T_S100L_L108G,249.9036614713446,138.0046768152035,0.1914860952186302,0.1199679417946893,0.1792629882872184,0.0736351650478583,385674.1805698749,Valid,9641.854514246872,64.70370172726489,189.1274228583566,102.3855978177241,0.0196152537438623,0.01061968564101712,40.0,2588.148069090596,TWNHGYTDTLYLSTASSG
S55H_H57W_S100A_S103P_L108G,inf,,0.0,,0.1791717615205222,0.1291720158510938,278152.2836010937,Valid (Non-binding),6953.807090027343,236.1189190878436,-322.260906652552,115.0322106939756,0.0,0.0,40.0,9444.756763513744,TWNHGWIDVAYLPTASSG
T52V_S55H_H57Y_I58T_S103P_L108G,inf,,0.0,,0.1790704831892904,0.0739652811049904,385260.0167393583,Valid (Non-binding),7705.200334787166,338.2857941747471,-4.970233926553192,78.4704062197282,0.0,0.0,50.0,16914.28970873735,VWNHGYTDVSYLPTASSG
T52V_S55A_H57W_V99T_S100K_L108G,inf,,0.0,,0.178896919978731,0.1290872023607431,277725.6103249653,Valid (Non-binding),5554.512206499306,252.5191988213898,-149.9227525085862,71.6598757289012,0.0,0.0,50.0,12625.95994106949,VWNAGWIDTKYLSTASSG
I58H_S100K_S103P_L108G,392.4461238945857,832.0978517142555,0.1246115127902088,0.2626224991588153,0.1788720471545059,0.1136883254182895,288598.1049344683,Valid,7214.952623361709,232.4081797406977,90.7664232910638,190.0071513079145,0.01258032145591171,0.02633830808251969,40.0,9296.327189627908,TWNSGHHDVKYLPTASSG
S55G_H57W_I58D_S100L_L108G,inf,,0.0,,0.1786832682556554,0.0736165252704567,384426.9457096886,Valid (Non-binding),7688.538914193771,249.8112714018086,-181.6080242341559,65.1034514443737,0.0,0.0,50.0,12490.56357009043,TWNGGWDDVLYLSTASSG
S55G_H57W_S100K_S103P_L108G,131.6092897162365,96.36066862057068,0.3625402258805734,0.2703357884238757,0.1783388357314712,0.1134306139981018,287737.8039055193,Valid,7193.445097637983,289.2200567202163,263.2853560903559,185.4127628942575,0.03660073198818289,0.02581721209230789,40.0,11568.80226880865,TWNGGWIDVKYLPTASSG
H57W_I58D_S100A_S103P_L108G,inf,,0.0,,0.1779705656193601,0.1281930983963816,276287.5065841962,Valid (Non-binding),6907.187664604904,106.65994296016,-203.0378662903504,100.4808831547273,0.0,0.0,40.0,4266.3977184064,TWNSGWDDVAYLPTASSG
T52V_I58D_S103P_L108G,inf,,0.0,,0.1775745437965674,0.07405292907923053,382041.5877430377,Valid (Non-binding),7640.831754860753,552.3438449901897,-77.10264971077413,60.35651550396014,0.0,0.0,50.0,27617.19224950949,VWNSGHDDVSYLPTASSG
S55G_H57Y_I58H_S100T_S103P_L108G,293.7476332689696,270.0328162070625,0.10310222328487,0.09353325195103802,0.177573230205072,0.1280715404700284,275670.6696903581,Valid,6891.766742258953,273.5116296698598,115.3442902098932,104.1571645241138,0.01673653426234303,0.0151278637121036,40.0,10940.46518679439,TWNGGYHDVTYLPTASSG
S55A_H57Y_I58T_S100K_S103P_L108G,244.6948901063035,325.3012171710438,0.1983475221700534,0.2628196078678038,0.177181991946519,0.1125251072940027,285871.3137000707,Valid,7146.782842501767,142.7613180126104,143.1103143412174,186.4214631930178,0.02002443861735149,0.02608773552641817,40.0,5710.452720504416,TWNAGYTDVKYLPTASSG
T52V_S55G_H57Y_I58T_S100A_S103P_L108G,485.6182145046957,864.5937998672377,0.06278108777966898,0.1107428346346209,0.1766014610173717,0.127182633137174,274162.0624388685,Valid,6854.051560971713,43.51560013684713,69.85117305409494,123.0946944369605,0.01019122375032031,0.01795952251076146,40.0,1740.624005473885,VWNGGYTDVAYLPTASSG
I58H_S100T_L108G,inf,,0.0,,0.1764648841021295,0.127474740663548,273950.0358307723,Valid (Non-binding),5479.000716615446,311.4969480868077,-137.3077325066242,144.3451393793872,0.0,0.0,50.0,15574.84740434039,TWNSGHHDVTYLSTASSG
S55A_H57W_S100T_S103P_L108G,186.8647485346032,120.2828799439486,0.1605378029386605,0.1014074461638255,0.1752509219795713,0.1270324525818403,272065.4401013491,Valid,6801.636002533729,561.7702225878012,177.2507991822959,110.1525929274838,0.02606002425243968,0.01633741889760048,40.0,22470.80890351205,TWNAGWIDVTYLPTASSG
S55G_H57W_I58H_V99T_S100T_S103P_L108G,81.54386904587682,21.83168845978716,0.5639972805722954,0.2277301483320982,0.1751578492835494,0.07220227314051844,376842.206181337,Valid,9421.055154533424,331.1398163096563,544.2936200101785,135.9649728915996,0.05777416765767088,0.01457419968891342,40.0,13245.59265238625,TWNGGWHDTTYLPTASSG
T52V_S55G_H57W_I58D_V99T_S100K_L108G,51.74335297248246,10.24858863948622,0.5428220853649747,0.106661269764938,0.1748970154650818,0.1262102611431653,271516.0236958221,Valid,6787.900592395552,314.2575891265535,598.1229727195823,104.4194544886231,0.08811604774967627,0.01591490595139305,40.0,12570.30356506214,VWNGGWDDTKYLSTASSG
S55A_I58H_V99T_S103P_L108G,31.70464401549405,7.192041702764534,1.349321430013124,0.4199547368103658,0.1741167100798049,0.1105582672211756,280925.6860746455,Valid,7023.142151866139,111.5240952604476,956.710293784824,186.8446940593437,0.1362225444248788,0.02669194175938218,40.0,4460.963810417904,TWNAGHHDTSYLPTASSG
S55A_H57Y_V99T_S100L_L108G,203.4362001407467,120.3960059208169,0.2341748062914217,0.1541007692264401,0.1738733870039053,0.07161549111075445,374078.758233114,Valid,9351.968955827851,290.3353835495909,224.336486404783,129.3929592633834,0.02398815559208883,0.0138559334738612,40.0,11613.41534198364,TWNAGYIDTLYLSTASSG
H57Y_I58H_S100A_S103P_L108G,inf,,0.0,,0.1735882305344884,0.1251044976957677,269484.2218421268,Valid (Non-binding),6737.10554605317,190.9208501061522,-294.3924747624378,106.5617421747963,0.0,0.0,40.0,7636.834004246088,TWNSGYHDVAYLPTASSG
T52V_V99T_S100L_L108G,352.4121406149179,295.467481053331,0.1365664487728431,0.1208293278079386,0.1732294474432353,0.0716041867089486,372693.3586881728,Valid,9317.333967204318,434.377404948245,130.3443966840928,107.5823577320341,0.01398945204099009,0.01156487899027792,40.0,17375.0961979298,VWNSGHIDTLYLSTASSG
T52V_H57W_I58H_V99T_S100K_L108G,135.00380119423,113.7957521420523,0.2200050636367522,0.179629836758185,0.1728851511155125,0.124964353410669,268392.7376468416,Valid,5367.854752936831,333.6595199331223,191.7038932925079,155.3615251973425,0.03571331604820789,0.02902795228791356,50.0,16682.97599665611,VWNSGWHDTKYLSTASSG
T52V_H57W_I58H_S103P_L108G,12349.2354098047,293622.09127089,0.003950912798160044,0.09390927940405498,0.1727754442879405,0.07118329831012775,371716.5965770005,Valid,7434.331931540009,241.9682634429286,3.008819115442748,71.51028802858333,0.0004047195017857477,0.009618934928027451,50.0,12098.41317214643,VWNSGWHDVSYLPTASSG
T52V_H57W_V99T_L108G,243.4504707144517,153.2001004410274,0.1964597074488063,0.1360580290636259,0.1725448916919636,0.07225643998716579,371220.5757063164,Valid,7424.411514126327,606.9715618061655,149.4143177265164,91.31885127658316,0.02012473546788561,0.01240936065109192,50.0,30348.57809030827,VWNSGWIDTSYLSTASSG
S55A_H57W_I58H_S103P_L108G,691.865345106445,949.3000044529284,0.07004295325465446,0.09793767544386199,0.172338018162449,0.07150370237994574,370775.4990078888,Valid,7415.509980157775,436.281395830123,53.20618992055824,72.41213604602447,0.007174987298638388,0.009774076903632975,50.0,21814.06979150615,TWNAGWHDVSYLPTASSG
T52V_S55H_H57W_I58H_L108G,inf,,0.0,,0.1723017051146727,0.1098664509712203,277997.2967498936,Valid (Non-binding),694.9932418747339,42.0139928258823,-259.7297563814664,37.77289561708641,0.0,0.0,400.0,16805.59713035292,VWNHGWHDVSYLSTASSG
H57Y_I58D_V99T_S100T_S103P_L108G,544.550841042531,717.6864746294076,0.08881891018396568,0.1193254698644469,0.1720420917269483,0.07071931077445168,370138.8300188736,Valid,9253.470750471839,156.2303695495131,84.19121634785824,109.9404152204623,0.009098339273787113,0.01188198534279234,40.0,6249.214781980525,TWNSGYDDTTYLPTASSG
S55G_H57Y_I58D_S100T_S103P_L108G,1440.146847692834,6529.689536307199,0.0213137822224075,0.09631740352493795,0.1719810336528001,0.1239122681167455,266989.1552141919,Valid,6674.728880354798,152.0268636727205,23.09360080261376,104.3438096778991,0.003459856005624938,0.01563286498747611,40.0,6081.074546908821,TWNGGYDDVTYLPTASSG
T52V_H57Y_V99T_S100K_S103P_L108G,154.441648848228,45.54069016923638,0.310623749245425,0.1162475723891583,0.1719684427141961,0.1093757134007551,277459.6001183993,Valid,6936.490002959983,276.9188800360797,217.5244063601854,61.52076202080401,0.03135943485355878,0.008957071862118698,40.0,11076.75520144319,VWNSGYIDTKYLPTASSG
T52V_S55A_H57Y_S103P_L108G,352.9347520332341,222.2332028794514,0.1363670515780131,0.09495777641173217,0.1717946545979676,0.07103355806990136,369606.4830303848,Valid,7392.129660607695,353.0827137919786,103.2608543682472,63.92221462779692,0.01396902639824074,0.00867303736212908,50.0,17654.13568959893,VWNAGYIDVSYLPTASSG
S55H_H57Y_V99T_S100K_S103P_L108G,inf,,0.0,,0.171721197832332,0.1092668969284679,277060.6870098625,Valid (Non-binding),6926.517175246563,306.074460869465,-187.6347532987534,64.4633299929626,0.0,0.0,40.0,12242.9784347786,TWNHGYIDTKYLPTASSG
S55A_H57Y_V99T_S103P_L108G,203.0385079153208,232.9917857306982,0.238063439540088,0.2727619662296378,0.1715166203056288,0.1089109675830855,276730.6148300114,Valid,6918.265370750285,115.6268461283161,166.2736730828283,186.1967110180047,0.02403401202067447,0.02691678302773303,40.0,4625.073845132644,TWNAGYIDTSYLPTASSG
T52V_I58D_S100T_S103P_L108G,128.9107732021887,59.17951342320902,0.2300154382994805,0.1031980331336481,0.1712527872818111,0.1236465715076662,265858.6009940639,Valid,6646.465024851599,345.3885231720496,248.1676741129804,108.9124867718053,0.03733829534723557,0.01650100360009985,40.0,13815.54092688198,VWNSGHDDVTYLPTASSG
T52V_S55G_I58T_S100T_S103P_L108G,1855.157903507494,11791.6040359148,0.01655856480411942,0.1049731254428952,0.171232376085805,0.1233415185293248,265826.9139651931,Valid,6645.672849129829,106.1319544301278,17.8631954754992,113.2350425804651,0.002687943851740786,0.0170389672353809,40.0,4245.278177205112,VWNGGHTDVTYLPTASSG
H57Y_I58D_V99T_S100L_L108G,358.5378017117237,288.7511832722522,0.1342652856518753,0.1147386084944664,0.1711323180647394,0.07029425178747577,368181.5034394778,Valid,9204.537585986945,58.00214849726513,126.596705248357,100.5501981921393,0.01375372788320064,0.01092432528881268,40.0,2320.085939890605,TWNSGYDDTLYLSTASSG
T52V_S55G_V99T_S100K_S103P_L108G,15.94143344835758,1.163809308108396,2.364993918551139,0.5867913007200758,0.1709095192513561,0.1087163411281549,275751.097814614,Valid,6893.777445365349,284.1471020773028,1645.965989473854,61.35738348179626,0.2387611150082062,0.01326902519572665,40.0,11365.88408309211,VWNGGHIDTKYLPTASSG
S55A_H57Y_I58H_S100A_S103P_L108G,inf,,0.0,,0.1707986631961862,0.1231998765886388,265153.6034521362,Valid (Non-binding),6628.840086303406,273.0263979190348,-274.9452132746346,103.0185822295087,0.0,0.0,40.0,10921.05591676139,TWNAGYHDVAYLPTASSG
I58D_V99T_S100A_S103P_L108G,inf,,0.0,,0.170771890545991,0.07041814913996902,367406.0640178979,Valid (Non-binding),9185.151600447447,337.5435678896254,-92.2897600390761,110.5562718614118,0.0,0.0,40.0,13501.74271558502,TWNSGHDDTAYLPTASSG
T52V_S55G_H57Y_I58T_V99T_S100L_S103P_L108G,17.71346904548266,1.984467250817344,1.356091626930484,0.1582755236265412,0.1707344849662841,0.1229818543117339,265053.971004181,Valid,6626.349275104523,104.0136098488692,1458.682789017294,125.370848085351,0.22013370084454,0.01923299867811667,40.0,4160.544393954768,VWNGGYTDTLYLPTASSG
T52V_S55H_H57Y_I58H_V99T_S100K_L108G,932.277047330391,2854.831671672892,0.03286279684203788,0.100128376862217,0.1707286941309775,0.1230378504964812,265044.9811162053,Valid,5300.899622324106,145.5785563922246,28.27818966346422,86.12841862468015,0.005334601988004829,0.01624854759273432,50.0,7278.927819611231,VWNHGYHDTKYLSTASSG
S55A_V99T_S100A_S103P_L108G,96.35540615847536,27.03965764518131,0.4815777336609077,0.1988941362264798,0.1701296773261729,0.07000911687678009,366024.3785976613,Valid,9150.609464941532,233.6750571823481,451.4120071027091,119.8749901500783,0.04933135971239851,0.01316065051043165,40.0,9347.002287293924,TWNAGHIDTAYLPTASSG
S55H_H57Y_S100A_S103P_L108G,inf,,0.0,,0.1695966501156687,0.1221572723223952,263287.557818455,Valid (Non-binding),6582.188945461376,94.01932691012242,-169.2981443516592,113.1157537344108,0.0,0.0,40.0,3760.773076404897,TWNHGYIDVAYLPTASSG
T52V_H57W_I58D_V99T_S100K_L108G,inf,,0.0,,0.1695609808963683,0.1222739985466677,263232.1837197775,Valid (Non-binding),5264.64367439555,198.0161220828841,-4.203718442147874,83.79398129975314,0.0,0.0,50.0,9900.806104144205,VWNSGWDDTKYLSTASSG
T52V_H57Y_I58T_V99T_S100T_L108G,inf,,0.0,,0.1695498341211581,0.1225775489535717,263214.8790901127,Valid (Non-binding),5264.297581802254,335.7837915709982,-78.95452599982491,94.02158723097449,0.0,0.0,50.0,16789.18957854991,VWNSGYTDTTYLSTASSG
T52V_I58D_V99T_S103P_L108G,inf,,0.0,,0.169060824871122,0.1073479525845385,272768.3528680113,Valid (Non-binding),6819.208821700284,108.2902261789616,-171.8755812017307,192.1359639331194,0.0,0.0,40.0,4331.609047158464,VWNSGHDDTSYLPTASSG
T52V_H57W_V99T_S103P_L108G,530.9838832799776,1590.561695591411,0.09240270891734702,0.2751189735925346,0.1689743875249585,0.1076741274805789,272628.8919813317,Valid,6815.722299533294,380.7746557533081,63.5814108609402,188.6478998765458,0.009328638707198198,0.02768324918443516,40.0,15230.98623013232,VWNSGWIDTSYLPTASSG
S55A_H57W_I58T_V99T_S100A_S103P_L108G,971.7746578074957,2385.569769838513,0.04997110275326065,0.1230567788635095,0.1687298395832794,0.06961883439643178,363012.7068656459,Valid,9075.317671641147,358.3761621500743,46.4555340328543,113.443187185759,0.005118887923672369,0.01250182341269433,40.0,14335.04648600297,TWNAGWTDTAYLPTASSG
T52V_S55H_H57W_I58D_L108G,76.64417306694929,291.4153188813968,0.6066123385253325,2.170165078404549,0.1682725996979237,0.1102404983348326,271496.6041802458,Valid,678.7415104506144,110.0014572454983,41.56705156986754,148.2136698778046,0.06124135761531854,0.2185908569808553,400.0,44000.58289819932,VWNHGWDDVSYLSTASSG
T52V_S55A_S103P_L108G,inf,,0.0,,0.1681741175641954,0.06948205241318191,361817.1023720319,Valid (Non-binding),7236.342047440638,324.7204753450206,-57.78529633213475,76.2653598741867,0.0,0.0,50.0,16236.02376725103,VWNAGHIDVSYLPTASSG
T52V_S55H_H57Y_I58D_L108G,1423.344899647324,34984.41808768045,0.03467395218293406,0.8493096846226145,0.1678779571720688,0.1074201027519017,270859.8748147575,Valid,677.1496870368937,54.60892022585013,2.370399779507352,58.0578314305257,0.003500555083883844,0.08573901347201629,400.0,21843.56809034005,VWNHGYDDVSYLSTASSG
T52V_H57Y_I58D_V99T_S100K_L108G,196.2474162448103,124.5344474245042,0.1530531212070559,0.09544895231558277,0.1678735152170678,0.1210233178751627,260612.5051040592,Valid,5212.250102081184,174.7647983967819,129.4985595179187,80.01762653680481,0.02484503947080582,0.0153744247726042,50.0,8738.239919839096,VWNSGYDDTKYLSTASSG
I58D_V99T_S100T_S103P_L108G,inf,,0.0,,0.1672638114516058,0.06900298814647829,359858.6302557564,Valid (Non-binding),8996.46575639391,349.0518771527173,-37.98623863984267,115.6454383299679,0.0,0.0,40.0,13962.07508610869,TWNSGHDDTTYLPTASSG
S55G_H57W_I58H_S100A_S103P_L108G,136.7270682372384,79.60802833301592,0.217330010238868,0.1232273012216871,0.1667526378418718,0.1204614447520388,258872.4172749183,Valid,6471.810431872958,369.2399530955885,228.3194915539962,127.583668661323,0.03527907591816157,0.0198162405402647,40.0,14769.59812382354,TWNGGWHDVAYLPTASSG
T52V_S55H_I58H_L108G,33.3273045092505,40.92694776641049,1.292195300067492,1.414778696718514,0.1663148773433466,0.1064019574829979,268337.949876755,Valid,670.8448746918875,53.52208637544668,87.51526924231985,93.19000132294154,0.1304552997926902,0.139303749867884,400.0,21408.83455017867,VWNHGHHDVSYLSTASSG
T52V_H57Y_I58T_S100A_L108G,715.5256668604108,3077.989368703103,0.04274871334610073,0.1826467538187362,0.1662687673010791,0.1218231682923732,258121.2403330464,Valid,5162.424806660929,697.044245227895,35.82401740909154,152.9589529175327,0.006939378054062664,0.02964409577369643,50.0,34852.21226139475,VWNSGYTDVAYLSTASSG
S55H_H57Y_S100T_S103P_L108G,inf,,0.0,,0.1660232980483297,0.1195903183660366,257740.1655887528,Valid (Non-binding),6443.50413971882,104.6135153965356,-262.9186474188145,109.7566557928304,0.0,0.0,40.0,4184.540615861424,TWNHGYIDVTYLPTASSG
T52V_S55H_H57W_I58T_V99T_S100K_L108G,546.932130482452,805.9881635326217,0.055806762262961,0.08160913786379626,0.1658776499755338,0.1217178455844872,257514.0566098239,Valid,5150.281132196477,725.3204258489711,46.6568337640947,67.8155354944677,0.009059084847315243,0.01322900906854517,50.0,36266.02129244855,VWNHGWTDTKYLSTASSG
S55H_H57W_I58H_S103P_L108G,7202.328228359665,86586.19730805728,0.006772344098332855,0.08138847009216868,0.1658613952598196,0.0682919475968516,356841.4111367798,Valid,7136.828222735597,207.6951920872628,4.951091442355391,59.48042174968791,0.0006937383509642051,0.008334318048731911,50.0,10384.75960436314,TWNHGWHDVSYLPTASSG
S55H_H57Y_I58H_S103P_L108G,260.2689600772385,196.5567568877068,0.1840038381341985,0.1481705469469284,0.1654378083753766,0.06868240825931103,355930.0879120664,Valid,7118.601758241327,431.2642075185913,134.1770585629129,99.08851746323076,0.01884879406374627,0.01396642046372663,50.0,21563.21037592956,TWNHGYHDVSYLPTASSG
T52V_V99T_S100T_S103P_L108G,inf,,0.0,,0.1652227987785309,0.0680851650404184,355467.5069249343,Valid (Non-binding),8886.687673123357,298.3215176275297,-7.899731788636018,112.7175083576436,0.0,0.0,40.0,11932.86070510119,VWNSGHIDTTYLPTASSG
T52V_S55H_H57W_I58T_S100A_S103P_L108G,244.2517708681227,348.0185885025593,0.123576033517614,0.1728082534405327,0.1651530482358431,0.1192494963530491,256389.160438207,Valid,6409.729010955174,336.8451985482985,128.5794076533666,179.402204954354,0.02006003801933052,0.02800889274519466,40.0,13473.80794193194,VWNHGWTDVAYLPTASSG
S55G_H57W_I58D_V99T_S103P_L108G,133.2363533352929,105.712676845516,0.3582730704056021,0.2873510216352546,0.1647244005846076,0.1046548467309289,265771.8218214423,Valid,6644.295545536059,178.0120306182694,240.3237420991672,183.668545155125,0.03616993561651961,0.02766002301925637,40.0,7120.481224730775,TWNGGWDDTSYLPTASSG
S55A_H57Y_I58D_S100A_S103P_L108G,inf,,0.0,,0.1647106163601343,0.1189010811428796,255702.3142771716,Valid (Non-binding),6392.55785692929,320.1321798837093,-127.0472275604743,105.2563419909468,0.0,0.0,40.0,12805.28719534837,TWNAGYDDVAYLPTASSG
H57W_I58D_V99T_L108G,250.8359867254513,159.9621500046556,0.1907882757888164,0.1335984499546841,0.1641595634123257,0.0678322175821137,353180.0161688554,Valid,7063.600323377107,320.4365331687249,138.0493888640726,86.08827241271614,0.01954377124186879,0.01221979639011231,50.0,16021.82665843624,TWNSGWDDTSYLSTASSG
T52V_S55G_S100T_S103P_L108G,inf,,0.0,,0.1635416499549956,0.1179215567498228,253887.5714165616,Valid (Non-binding),6347.189285414041,229.8047902913854,-15.40807436047635,110.7603624358813,0.0,0.0,40.0,9192.191611655415,VWNGGHIDVTYLPTASSG
T52V_H57Y_V99T_L108G,137.1089554566656,65.13389143045526,0.343472419702385,0.1910753127902767,0.1635021746769222,0.06758445008640421,351765.6814851316,Valid,7035.313629702631,328.3777339651729,247.5323813018936,112.8635910680596,0.03518427099778866,0.0161262777554403,50.0,16418.88669825865,VWNSGYIDTSYLSTASSG
H57Y_I58D_V99T_S103P_L108G,inf,,0.0,,0.1633885326462037,0.1037864106486423,263616.4880977048,Valid (Non-binding),6590.41220244262,156.5811271871327,-381.9601386365694,185.8629601680967,0.0,0.0,40.0,6263.245087485308,TWNSGYDDTSYLPTASSG
S55H_H57Y_I58T_V99T_S100A_L108G,303.8752984064151,239.8860657746325,0.1580265791531668,0.132457661781826,0.1633751428536901,0.06714534518506549,351492.3797020949,Valid,8787.309492552373,132.6752457409461,142.2468798555415,110.4542697045629,0.01618776258832148,0.01257212441733272,40.0,5307.009829637845,TWNHGYTDTAYLSTASSG
T52V_S55A_S100A_S103P_L108G,inf,,0.0,,0.1633719394170043,0.1178095243675875,253624.1070553651,Valid (Non-binding),6340.602676384127,237.4222200403305,-282.9491129876305,100.0525029131506,0.0,0.0,40.0,9496.88880161322,VWNAGHIDVAYLPTASSG
S55G_H57Y_I58D_V99T_S100A_S103P_L108G,97.64736230755678,33.70401428099007,0.4755164253108723,0.2164584968427256,0.1632768344999878,0.06721861976845178,351280.8748392141,Valid,8782.021870980352,248.5071542558755,427.7763048926308,139.9367427887746,0.04871045770293413,0.01599396151197927,40.0,9940.28617023502,TWNGGYDDTAYLPTASSG
H57Y_V99T_S100A_S103P_L108G,229.6085275050324,153.9208120578048,0.2080508637565715,0.1514398760547717,0.162829182024012,0.06695730468524987,350317.775855416,Valid,8757.9443963854,177.6544192882901,186.6501718740283,122.3979834331894,0.02131209829912405,0.01398233692416218,40.0,7106.176771531604,TWNSGYIDTAYLPTASSG
H57Y_I58D_S100A_S103P_L108G,inf,,0.0,,0.162642489896199,0.1172599599806269,252491.6850248965,Valid (Non-binding),6312.292125622413,218.0535614078509,-266.170748949703,118.4357696180058,0.0,0.0,40.0,8722.142456314035,TWNSGYDDVAYLPTASSG
S55A_H57W_I58T_S100K_L108G,340.721643167608,544.4965197746616,0.143255025335797,0.2282642140961431,0.1626137462536393,0.1045945657130117,262366.421985195,Valid,5247.328439703899,544.9933320002966,75.88949872542344,119.2624800178806,0.01446250212797921,0.02277781050606824,50.0,27249.66660001483,TWNAGWTDVKYLSTASSG
H57Y_I58H_V99T_S100T_S103P_L108G,139886.1045616303,55090415.3132805,0.0003489178739780087,0.1374071411334005,0.1624940769215644,0.06682285954254462,349596.8161803257,Valid,8739.920404508142,180.9090180669382,0.3123829936112088,123.0193219576271,3.574208678720671e-05,0.01407556550104336,40.0,7236.360722677528,TWNSGYHDTTYLPTASSG
S55A_I58D_V99T_S103P_L108G,934.7806088270264,5137.957609350257,0.05269991983865754,0.2884020690838239,0.1624398660155926,0.1031800722695031,262085.8778309567,Valid,6552.146945773917,151.5922137701874,34.85998159693827,190.5843791980569,0.005320390688035879,0.02908757806189378,40.0,6063.688550807497,TWNAGHDDTSYLPTASSG
H57W_S100A_L108G,780.0815631337048,4125.225311506278,0.03923356073753328,0.2061758133652109,0.162035988389727,0.1177089821357569,251550.1316372363,Valid,5031.002632744727,480.1957885189875,32.04127360132588,168.333674632378,0.006368765023652028,0.03346479131892544,50.0,24009.78942594938,TWNSGWIDVAYLSTASSG
S55A_H57W_V99T_S103P_L108G,inf,,0.0,,0.1617421885020123,0.1027231973640035,260960.2217461871,Valid (Non-binding),6524.005543654677,134.8989235281155,-125.3042170915187,193.9320322852283,0.0,0.0,40.0,5395.956941124619,TWNAGWIDTSYLPTASSG
S55G_H57Y_I58D_S100A_L108G,893.9633177671421,6111.944376380392,0.03426340606158334,0.2329679011804191,0.1616044980721922,0.1172409930312917,250880.2715200196,Valid,5017.605430400392,440.9147621914731,27.90773177966366,189.7254911373287,0.005561962208223435,0.03781511766756765,50.0,22045.73810957365,TWNGGYDDVAYLSTASSG
T52V_S55A_I58H_V99T_S100K_S103P_L108G,9.118758937142136,0.6265583171171393,3.507841090821401,0.8624017675525523,0.1615138958975373,0.1025668145737594,260591.8868717887,Valid,6514.797171794717,119.765355992789,2307.142292321557,93.187576043522,0.354138775388149,0.01571587107060821,40.0,4790.61423971156,VWNAGHHDTKYLPTASSG
S55A_H57Y_S100L_L108G,157.2580673524889,139.9958030979212,0.3008202155276729,0.2763325431830246,0.1614108553076247,0.06712486603857529,347266.3261426253,Valid,6945.326522852506,453.2365519399042,214.0209924898372,184.1277711543985,0.0308151088052714,0.02658718900781744,50.0,22661.82759699521,TWNAGYIDVLYLSTASSG
T52V_H57Y_V99T_S103P_L108G,inf,,0.0,,0.1610873500651477,0.1022742009907906,259903.6836513659,Valid (Non-binding),6497.592091284148,83.85403895109815,-142.5597932238898,185.6393716978762,0.0,0.0,40.0,3354.161558043926,VWNSGYIDTSYLPTASSG
S55H_I58H_S100T_S103P_L108G,inf,,0.0,,0.1609543316195811,0.1160012917936604,249870.9311977507,Valid (Non-binding),6246.773279943767,178.9942426818101,-240.5724767723632,101.0686317940965,0.0,0.0,40.0,7159.769707272404,TWNHGHHDVTYLPTASSG
S55G_H57W_I58D_S100A_S103P_L108G,37.02673363563574,34.67714840010881,0.7329036193525686,0.6073882282468261,0.1607198228012945,0.1160164506683348,249506.8718014628,Valid,6237.671795036569,310.2640565597474,742.1076128728046,611.2151079455505,0.1189718916380489,0.09816622860921219,40.0,12410.5622623899,TWNGGWDDVAYLPTASSG
S55H_H57W_I58T_V99T_S100A_S103P_L108G,inf,,0.0,,0.1606499018625104,0.06603771343182661,345629.1778433564,Valid (Non-binding),8640.729446083911,147.5202782157507,-0.8663649442796668,113.319678432132,0.0,0.0,40.0,5900.811128630028,TWNHGWTDTAYLPTASSG
S55A_H57Y_V99T_S100L_S103P_L108G,91.33642341940653,29.29775771466592,0.3197289674854064,0.1003344529972127,0.1605113366326546,0.115601664443859,249183.210843875,Valid,6229.580271096875,62.19548825857046,323.3242448692545,98.27611566689224,0.05190144934312325,0.015784228165445,40.0,2487.819530342818,TWNAGYIDTLYLPTASSG
S55A_I58H_S100T_S103P_L108G,inf,,0.0,,0.1601016396129959,0.1153047670661983,248547.1833770714,Valid (Non-binding),6213.679584426785,56.68221758946802,-63.27975630594756,110.2281971916739,0.0,0.0,40.0,2267.288703578721,TWNAGHHDVTYLPTASSG
T52V_I58D_V99T_S100T_L108G,340.5253691574133,313.3853641790512,0.08914409169501909,0.08114588181225597,0.1597811566313819,0.1152164088889595,248049.6547908996,Valid,4960.993095817991,183.5025498670879,71.78912952058636,65.05729376314333,0.01447071748217167,0.01312468337459914,50.0,9175.127493354395,VWNSGHDDTTYLSTASSG
S55H_H57Y_I58T_S100T_S103P_L108G,inf,,0.0,,0.159546253626218,0.1150883875139626,247684.9834456127,Valid (Non-binding),6192.124586140317,258.4545142345442,-100.2289285976776,118.6809653030514,0.0,0.0,40.0,10338.18056938177,TWNHGYTDVTYLPTASSG
H57W_I58H_S100T_S103P_L108G,inf,,0.0,,0.1594125552872732,0.1148302282457275,247477.4256364157,Valid (Non-binding),6186.935640910391,103.462113781177,-210.8299825955228,119.2082555885966,0.0,0.0,40.0,4138.48455124708,TWNSGWHDVTYLPTASSG
H57W_I58D_V99T_S100L_L108G,inf,,0.0,,0.1593393556393154,0.06585193089678941,342809.6117658354,Valid (Non-binding),8570.240294145886,394.362735371571,-32.66227870117336,100.8977422360252,0.0,0.0,40.0,15774.50941486284,TWNSGWDDTLYLSTASSG
H57W_S100T_L108G,inf,,0.0,,0.1590618504909209,0.1153642563970278,246932.9796860751,Valid (Non-binding),4938.659593721502,425.6722806308584,-18.65325572981783,185.1996218354921,0.0,0.0,50.0,21283.61403154292,TWNSGWIDVTYLSTASSG
H57W_I58H_V99T_S100T_L108G,394.7442414971231,437.3775461830354,0.07705313046103116,0.08451779142081704,0.1590002245107915,0.1149133947350176,246837.3094367195,Valid,4936.74618873439,301.5101558884166,61.74880931674306,67.45671761391891,0.0125079975668292,0.01368554369402343,50.0,15075.50779442083,TWNSGWHDTTYLSTASSG
T52V_S55G_H57Y_I58T_V99T_L108G,155.7117313858068,59.71379543286151,0.3037146471585461,0.1479988414278585,0.1585728249901943,0.06604171565748894,341160.4644275806,Valid,6823.209288551613,471.1551954678092,212.2809962196138,77.50073474105751,0.03111160558650774,0.0115597787141049,50.0,23557.75977339046,VWNGGYTDTSYLSTASSG
T52V_S55G_I58T_S100K_S103P_L108G,193.3427803422872,231.8606837159972,0.2497008596211048,0.2980773425359218,0.1585345970423415,0.100662945357655,255784.9870944285,Valid,6394.624677360714,99.58426654482068,161.2013471406744,188.4260053856916,0.02520888328464148,0.02946892699601624,40.0,3983.370661792827,VWNGGHTDVKYLPTASSG
S55A_H57W_V99T_S100L_S103P_L108G,48.41392009322762,10.2893250374945,0.5766576416290614,0.1197124997138027,0.1583461933123593,0.1140398082878915,245821.9693527328,Valid,6145.549233818321,53.90150130147146,575.2759976324523,110.7026605001695,0.09360855730628079,0.01803216971782182,40.0,2156.060052058859,TWNAGWIDTLYLPTASSG
I58D_S100K_S103P_L108G,inf,,0.0,,0.157893208246996,0.1003184340463556,254750.1490981764,Valid (Non-binding),6368.75372745441,174.1041342049226,-25.24152211147612,186.3090990738416,0.0,0.0,40.0,6964.165368196904,TWNSGHDDVKYLPTASSG
T52V_S55G_H57W_V99T_S100K_L108G,232.6059451764667,153.5477995670527,0.1296328893127985,0.08437104103824757,0.1571622896243359,0.1133622113240575,243984.037350542,Valid,4879.680747010841,200.1514714659465,102.6843150617879,66.22375803251654,0.0210432445042003,0.01359875017845915,50.0,10007.57357329733,VWNGGWIDTKYLSTASSG
S55A_H57Y_I58T_S100L_S103P_L108G,inf,,0.0,,0.1570892160582678,0.09973273038196159,253452.9613836049,Valid (Non-binding),6336.324034590123,75.45842719902964,-104.67858639624,63.56952827953802,0.0,0.0,40.0,3018.337087961186,TWNAGYTDVLYLPTASSG
T52V_S55H_S100A_S103P_L108G,inf,,0.0,,0.1566338957052069,0.1128975950372069,243163.7408149754,Valid (Non-binding),6079.093520374385,183.7682960885213,-151.9652642273331,105.2813470384979,0.0,0.0,40.0,7350.731843540852,VWNHGHIDVAYLPTASSG
S55A_H57W_I58H_V99T_L108G,155.880996849555,59.00765593495176,0.3033951041323025,0.1467403145548041,0.1566161760599173,0.06496671191137886,336950.8449179558,Valid,6739.016898359117,392.229043910871,209.4410474302626,75.84506499347802,0.03107887256986393,0.01139905554640286,50.0,19611.45219554355,TWNAGWHDTSYLSTASSG
H57W_V99T_S100T_S103P_L108G,722.8666426431963,1385.270343881893,0.06705968364593198,0.1293668584026333,0.1565468505756722,0.06499586203839487,336801.6950595033,Valid,8420.042376487581,511.7956293175299,57.84055679424182,110.0255587045143,0.006869390224894568,0.01307377203678694,40.0,20471.8251727012,TWNSGWIDTTYLPTASSG
T52V_I58D_V99T_L108G,267.1457702949213,178.6151616153441,0.1793542730397168,0.1305915346822314,0.1564669004611153,0.06484265398262475,336629.686909841,Valid,6732.593738196821,372.3221892510216,123.694623857295,80.89475775576092,0.0183725067436527,0.01205827398213937,50.0,18616.10946255108,VWNSGHDDTSYLSTASSG
S55G_I58D_S100L_S103P_L108G,229.5400245001698,167.8185265087169,0.2111637996826133,0.1594872958316907,0.1562484831792375,0.09928905375395364,252096.4950183785,Valid,6302.412375459464,186.3482508813538,134.3568627335694,96.05316284834798,0.02131832300544669,0.01525372721366094,40.0,7453.930035254152,TWNGGHDDVLYLPTASSG
H57Y_I58D_S100T_S103P_L108G,inf,,0.0,,0.1559449398758845,0.1124567564599434,242094.182556464,Valid (Non-binding),6052.3545639116,228.8107343651916,-297.155357129076,100.9952275384479,0.0,0.0,40.0,9152.429374607664,TWNSGYDDVTYLPTASSG
T52V_S55H_I58T_S100A_S103P_L108G,inf,,0.0,,0.1558914954797773,0.1123431372368268,242011.2136739975,Valid (Non-binding),6050.280341849937,164.0129673866827,-283.8409288049852,112.7337496069413,0.0,0.0,40.0,6560.518695467308,VWNHGHTDVAYLPTASSG
S55H_V99T_L108G,105.8162550626491,37.76322617145403,0.4404634208626227,0.2044850758542914,0.1558687088356805,0.06456688292834145,335342.7114601532,Valid,6706.854229203064,361.8025337352494,302.6114817456787,101.821632233784,0.04511973443944021,0.01537560293360623,50.0,18090.12668676247,TWNHGHIDTSYLSTASSG
T52V_S55G_H57Y_I58T_S100T_S103P_L108G,287.3128574462141,291.5595328124309,0.1053718452900803,0.1054161566289844,0.1558293787797927,0.1125763015496802,241914.7816145935,Valid,6047.869540364836,347.8794247591757,103.4485720744879,103.0102495696344,0.01710496090963089,0.01706087941241007,40.0,13915.17699036703,VWNGGYTDVTYLPTASSG
T52V_S55G_H57Y_I58T_S103P_L108G,inf,,0.0,,0.1558202099092989,0.06483223900745501,335238.3687630384,Valid (Non-binding),6704.767375260767,446.3141411308549,-133.1858170425403,56.9859738270011,0.0,0.0,50.0,22315.70705654275,VWNGGYTDVSYLPTASSG
S55H_V99T_S100K_S103P_L108G,58.05302221823753,11.11417018106447,0.7854716714401044,0.2350421811261176,0.1551054976392353,0.09858245457508645,250252.3641658525,Valid,6256.309104146314,201.3555088058695,496.1149270920064,85.97864571877867,0.07929834009691282,0.01397768442982102,40.0,8054.22035223478,TWNHGHIDTKYLPTASSG
S55A_H57W_V99T_L108G,479.8777918102874,611.9902714851149,0.1006655854660733,0.1309594372651069,0.1548403776406161,0.06385856649069317,333130.3150541787,Valid,6662.606301083574,249.5349851297919,68.70397462635674,86.67678538288749,0.01031187669233631,0.01301517273641823,50.0,12476.74925648959,TWNAGWIDTSYLSTASSG
T52V_S55G_H57Y_I58T_V99T_S100A_S103P_L108G,inf,,0.0,,0.1546197988234353,0.06357672643885857,332655.7522044788,Valid (Non-binding),8316.39380511197,163.4008337794392,-27.34551064784773,133.8416579522899,0.0,0.0,40.0,6536.033351177568,VWNGGYTDTAYLPTASSG
S55H_H57W_I58T_S100A_S103P_L108G,1551.100440688776,10779.53641880021,0.01979405980856229,0.1371274610387396,0.1544868493509506,0.1114888153080123,239830.5936640758,Valid,5995.764841601895,281.8252970823417,19.26535294517362,133.4533346902853,0.003213160197928389,0.02225844583507558,40.0,11273.01188329367,TWNHGWTDVAYLPTASSG
T52V_I58D_V99T_S100K_S103P_L108G,126.137073995903,39.31862035464832,0.377668658007852,0.1454734278275107,0.1543117168212412,0.09799229205078656,248971.6518161551,Valid,6224.291295403878,113.1723595221427,237.3200463355747,71.0243339816276,0.03812804302890127,0.01143187050799914,40.0,4526.894380885708,VWNSGHDDTKYLPTASSG
H57Y_I58H_S100L_L108G,765.3315281899978,1217.706921866589,0.0633629872410474,0.1021342564929312,0.1542205245863934,0.06357310824167073,331796.7362655775,Valid,6635.934725311549,233.9836011636673,43.07194034303393,68.06932906263536,0.006490711877973115,0.01026023795263917,50.0,11699.18005818336,TWNSGYHDVLYLSTASSG
S55H_I58D_S100T_S103P_L108G,inf,,0.0,,0.1540109795355428,0.1109647850291764,239091.8373180465,Valid (Non-binding),5977.295932951163,136.0606672262016,-250.3123301963906,102.1207566037789,0.0,0.0,40.0,5442.426689048063,TWNHGHDDVTYLPTASSG
S55H_H57W_I58T_V99T_L108G,168.529213945236,73.66871966320335,0.2812812072524195,0.1487413696447045,0.1536637707260601,0.06322840502110298,330598.9118238745,Valid,6611.97823647749,165.4019174496768,190.5148443352068,80.73912996504023,0.0288135921688549,0.01223229446914415,50.0,8270.09587248384,TWNHGWTDTSYLSTASSG
T52V_S55H_I58H_S100A_S103P_L108G,inf,,0.0,,0.1534076023088856,0.1109065585416411,238155.1341677101,Valid (Non-binding),5953.878354192753,379.4072509375933,-192.5444579502555,106.1354804372413,0.0,0.0,40.0,15176.29003750373,VWNHGHHDVAYLPTASSG
T52V_S55G_H57Y_I58D_V99T_S100K_S103P_L108G,15.29226169274812,2.412012962832323,2.440652673467561,0.6576247052426354,0.1532821950662276,0.09800382356166572,247310.5872048183,Valid,6182.764680120456,473.3752232315159,1523.42917062074,138.5112818193771,0.2463993455094687,0.02928793371586724,40.0,18935.00892926064,VWNGGYDDTKYLPTASSG
S55G_H57W_I58D_V99T_S100T_S103P_L108G,219.0062545417484,148.26676899066,0.2178979640186006,0.1597498976243209,0.1532336445561587,0.0632165333851751,329673.519696345,Valid,8241.837992408626,320.6574549838796,183.9644613778537,121.5530991867089,0.02232080532853221,0.01477384501652026,40.0,12826.29819935518,TWNGGWDDTTYLPTASSG
T52V_H57Y_I58D_L108G,22.78547253214579,12.57167731359434,1.782455299034797,0.9144330556724457,0.1531921636811529,0.09909033522911921,247165.3275763267,Valid,617.9133189408167,76.84934160677936,111.1935955427671,48.3721395468263,0.1799501518002028,0.08141935460507925,400.0,30739.73664271174,VWNSGYDDVSYLSTASSG
S55H_H57Y_I58T_V99T_S100T_L108G,inf,,0.0,,0.1531115441579966,0.1105854106608893,237695.5235122718,Valid (Non-binding),4753.910470245436,262.533808313076,-162.1535775745124,78.73308620181983,0.0,0.0,50.0,13126.6904156538,TWNHGYTDTTYLSTASSG
I58D_S100L_L108G,inf,,0.0,,0.1529217580953465,0.06333775088041013,329002.5136155368,Valid (Non-binding),6580.050272310736,352.1790381492202,-142.4976871037215,101.9300330173932,0.0,0.0,50.0,17608.95190746101,TWNSGHDDVLYLSTASSG
T52V_S55A_I58D_V99T_S100K_S103P_L108G,14.1085793563929,1.167905949080974,2.591839080624259,0.6464458868351617,0.1527910833081501,0.09717069626481403,246518.2111743154,Valid,6162.955279357886,240.9770274365819,1612.614722531958,75.75356570000224,0.2616625708664845,0.01599267362932187,40.0,9639.081097463275,VWNAGHDDTKYLPTASSG
T52V_S55A_I58T_V99T_L108G,155.3086719642925,64.9970092094103,0.3044782680437371,0.1563816602916306,0.15276073079077,0.06297508320691397,328656.0724770994,Valid,6573.121449541987,233.6397922795686,205.014531310137,82.80291943583893,0.03118982858964555,0.01264588840541748,50.0,11681.98961397843,VWNAGHTDTSYLSTASSG
T52V_S55A_H57Y_I58T_V99T_S100A_S103P_L108G,80.83258594560539,3.86602984235496,0.5686710502117693,0.181110958047129,0.1527163064047255,0.06274647996529785,328560.4959230727,Valid,8214.012398076818,93.65469432593524,478.4903255322097,20.84997480084268,0.05825293441780544,0.002623800510993608,40.0,3746.187773037409,VWNAGYTDTAYLPTASSG
T52V_S55G_V99T_S103P_L108G,60482.93480412848,22191693.04808748,0.0008187808512802582,0.3003927532132816,0.1526854725618437,0.09700129437757127,246347.8152866985,Valid,6158.695382167463,160.3213155873503,0.5090846134944513,186.7719485930138,8.2661112768868e-05,0.03032654441782761,40.0,6412.852623494013,VWNGGHIDTSYLPTASSG
T52V_H57Y_I58H_S103P_L108G,inf,,0.0,,0.1520713462472209,0.062910440977846,327172.9006217644,Valid (Non-binding),6543.458012435288,324.273080664034,-30.65548126046997,53.81708670846266,0.0,0.0,50.0,16213.6540332017,VWNSGYHDVSYLPTASSG
T52V_H57Y_V99T_S100L_S103P_L108G,1476.295983123956,8041.563343535036,0.02079364660543083,0.1128946659097688,0.1520035309513291,0.1095393270573336,235975.4064520875,Valid,5899.385161302187,157.8974657263969,19.91291824359359,108.1006422985899,0.003375422641365251,0.01832427502064563,40.0,6315.898629055875,VWNSGYIDTLYLPTASSG
H57Y_I58H_S100T_S103P_L108G,inf,,0.0,,0.1518344800737793,0.1093693352316675,235712.9661700018,Valid (Non-binding),5892.824154250045,94.88070005296417,-273.2953743225416,113.1707855376302,0.0,0.0,40.0,3795.228002118567,TWNSGYHDVTYLPTASSG
H57Y_I58D_V99T_S100A_S103P_L108G,inf,,0.0,,0.1512479152425925,0.0622530815921082,325401.3353867977,Valid (Non-binding),8135.033384669942,219.4538009571419,-34.17452452024463,115.1528180519515,0.0,0.0,40.0,8778.152038285676,TWNSGYDDTAYLPTASSG
T52V_S55G_V99T_S100A_L108G,114.1096031751834,36.82422964750799,0.4097948905118098,0.18095260502605,0.1512211472086736,0.06220708630030621,325343.7454757638,Valid,8133.593636894096,188.5473807016888,341.4331598826425,105.261198651239,0.041978143379809,0.01297807020413427,40.0,7541.895228067552,VWNGGHIDTAYLSTASSG
H57W_I58D_S100T_S103P_L108G,inf,,0.0,,0.1510894925949843,0.108810950349516,234556.4224896668,Valid (Non-binding),5863.91056224167,42.2129713635304,-166.3335320691667,119.5671019343342,0.0,0.0,40.0,1688.518854541216,TWNSGWDDVTYLPTASSG
S55H_H57Y_I58T_V99T_S100A_S103P_L108G,inf,,0.0,,0.1507715428925242,0.06206233153039976,324376.4472182241,Valid (Non-binding),8109.411180455601,223.0883689236486,-196.1556889017784,115.6406847921259,0.0,0.0,40.0,8923.534756945945,TWNHGYTDTAYLPTASSG
T52V_S55A_V99T_S100K_S103P_L108G,69.82093166211523,11.88350050848591,0.6619319173244967,0.1915013382378578,0.1507181002890287,0.09576252056075225,243173.5914844485,Valid,6079.339787111212,168.8301789411276,406.2592948297529,63.53046550318957,0.0668262194672951,0.01061373328797897,40.0,6753.207157645104,VWNAGHIDTKYLPTASSG
S55A_H57W_I58D_S100A_S103P_L108G,1176.68274157427,6004.423777199329,0.02606583316101334,0.1324623381316336,0.1506970400439114,0.1085290073015469,233947.1659173162,Valid,5848.679147932906,44.70826166871228,24.74724789557786,125.7467764487201,0.004231254146386925,0.02150005421090606,40.0,1788.330466748491,TWNAGWDDVAYLPTASSG
S55H_V99T_S103P_L108G,63.42443172693784,66.59648121730406,0.7238110935104948,0.7258914599379689,0.1506834075787509,0.09576902792807086,243117.6171128208,Valid,6077.94042782052,193.3552492853933,444.1352507007896,432.0392581057018,0.07307331422135235,0.0711211693719131,40.0,7734.209971415732,TWNHGHIDTSYLPTASSG
S55A_H57Y_I58H_V99T_S100A_S103P_L108G,140.1144258954856,78.00593284189186,0.3363587492482223,0.2096135877892038,0.1504328747606731,0.06184093809435605,323647.8218868895,Valid,8091.195547172239,142.0927144188591,278.7867400929417,149.7811899746509,0.03445556821208874,0.01852151309834064,40.0,5683.708576754363,TWNAGYHDTAYLPTASSG
S55H_H57Y_I58H_V99T_S100K_S103P_L108G,135.0703314144854,40.28534052103439,0.3535821058676191,0.132859875683449,0.1500171554928521,0.0952673291002458,242042.6638573636,Valid,6051.06659643409,113.0858578662699,216.0010094688873,61.99231543244604,0.03569635303570735,0.01026655482913932,40.0,4523.434314650796,TWNHGYHDTKYLPTASSG
S55A_H57Y_I58H_V99T_S103P_L108G,108.1596622477716,78.33932171157126,0.437667997299845,0.3209447755089336,0.1496630460402608,0.09503306680084052,241471.3318992241,Valid,6036.783297480602,99.12114895400835,266.7374211608467,184.6077488466024,0.04418535634236981,0.03058908781351977,40.0,3964.845958160334,TWNAGYHDTSYLPTASSG
S55A_H57W_I58H_S100A_S103P_L108G,123.9034836086206,77.9100411121072,0.2389504482644088,0.1456021084093793,0.1494251990356057,0.1076657787112665,231972.7170541943,Valid,5799.317926354857,138.0677812295662,224.9480682757521,135.8544488755911,0.03878871121265506,0.02344413045064909,40.0,5522.711249182648,TWNAGWHDVAYLPTASSG
S55A_I58D_V99T_L108G,283.5347363694506,205.9118732575865,0.1691668303312381,0.131981909015621,0.1484565737256574,0.06123672165072382,319395.9219854003,Valid,6387.918439708005,244.3735977418548,110.6958302505504,78.88413332685144,0.01732893606819601,0.01236673868894003,50.0,12218.67988709274,TWNAGHDDTSYLSTASSG
S55G_H57Y_I58H_S100K_S103P_L108G,102.7764991083517,73.17963787808915,0.4595284051796708,0.3312132331877602,0.1484104203311818,0.09424963404638045,239450.3039544824,Valid,5986.257598862061,115.4506743132163,277.7162762006146,188.4917117726273,0.04639230297296365,0.03150011328980901,40.0,4618.026972528652,TWNGGYHDVKYLPTASSG
T52V_S55G_I58T_V99T_S100A_S103P_L108G,94.73761649286548,27.89681158250048,0.4893891443211993,0.2062615065753944,0.1481780565340702,0.06094735724047713,318796.7080000354,Valid,7969.917700000885,177.0448690889529,399.5442231452862,111.400313228377,0.0501315368846584,0.01402189151885866,40.0,7081.794763558117,VWNGGHTDTAYLPTASSG
S55H_V99T_S100L_S103P_L108G,59.26701100181059,16.35345078503779,0.4792745875524847,0.1274719415032746,0.1480348677054188,0.10661147463413,229814.3198203236,Valid,5745.35799550809,42.84809499086697,446.9912250428315,113.6929924333746,0.07780041302775284,0.01979717440833096,40.0,1713.923799634679,TWNHGHIDTLYLPTASSG
T52V_S55H_H57W_S103P_L108G,291.0287582397947,307.9021564161887,0.1648843412454576,0.1792034175903986,0.1478329246739833,0.061199184073607,318054.1763229761,Valid,6361.083526459523,330.0287179607571,107.4402967516216,111.6104988666016,0.01689025089903531,0.01756770087185516,50.0,16501.43589803785,VWNHGWIDVSYLPTASSG
T52V_S55G_H57Y_S100A_S103P_L108G,inf,,0.0,,0.1477097947095042,0.1064515419330365,229309.665541193,Valid (Non-binding),5732.741638529826,160.0244680474964,-302.9708452200111,103.0255332273147,0.0,0.0,40.0,6400.978721899856,VWNGGYIDVAYLPTASSG
S55H_H57W_I58T_S100T_S103P_L108G,765.5781336040908,2440.732867584381,0.03997199485412475,0.1266452709505422,0.1476707549042596,0.1066342024963077,229249.0588312518,Valid,5731.226470781296,305.3586051642351,37.18783482718118,117.7722602872069,0.006488634678243946,0.0205521325279061,40.0,12214.3442065694,TWNHGWTDVTYLPTASSG
T52V_S100K_L108G,213.8659632915736,112.0225493652437,0.2262862713154258,0.1280957089232226,0.1475663604183428,0.09372095736605476,238088.4696423493,Valid,4761.769392846985,99.34145927965008,108.7827755680619,55.63220768652489,0.02284503229649733,0.01169281289651988,50.0,4967.072963982504,VWNSGHIDVKYLSTASSG
T52V_H57W_V99T_S100K_S103P_L108G,183.0229629493179,89.41874219228984,0.2634059264583498,0.1405321539161731,0.1473136570010575,0.09353551230341062,237680.7495513728,Valid,5942.01873878432,88.15990405152117,158.013113014978,75.11027379089498,0.02659249658430158,0.01264668718661758,40.0,3526.396162060847,VWNSGWIDTKYLPTASSG
T52V_I58H_V99T_S100K_S103P_L108G,19.82295193885344,1.498607681594397,1.995184250169268,0.4972672694483797,0.1471482542232761,0.09345470847406842,237413.8832132391,Valid,5935.347080330977,122.9559697129875,1195.536110079003,67.7945203844253,0.201426486757761,0.01216049086649021,40.0,4918.2387885195,VWNSGHHDTKYLPTASSG
T52V_S55H_I58T_S100T_S103P_L108G,inf,,0.0,,0.1468537488024907,0.1058143155908957,227980.7110124075,Valid (Non-binding),5699.517775310187,137.2700756915777,-307.2667327767313,101.4018002329378,0.0,0.0,40.0,5490.803027663107,VWNHGHTDVTYLPTASSG
H57W_I58H_S100L_L108G,183.7004220229698,68.4659739841784,0.2586666541007409,0.1243340101068266,0.146811057497735,0.06128415139567438,315855.6868878932,Valid,6317.113737757864,471.4038196447203,167.3847273375177,59.43364839463967,0.02649702606065909,0.009613887862457208,50.0,23570.19098223601,TWNSGWHDVLYLSTASSG
S55A_H57Y_I58D_S100T_S103P_L108G,1251.461931452161,5725.751166276877,0.02451450730029262,0.1117297733613963,0.1467825863409263,0.1057521946978767,227870.2360077369,Valid,5696.755900193422,123.9736851308745,22.66983088619872,103.3062182687474,0.003979428166376062,0.01813442563946898,40.0,4958.94740523498,TWNAGYDDVTYLPTASSG
T52V_S55G_H57Y_I58T_V99T_S100T_S103P_L108G,80.50658333669361,23.93721785386921,0.5708391668496621,0.2406824435602463,0.1465527510886417,0.06028653834505966,315299.9552579855,Valid,7882.498881449638,182.5994827768492,460.929356188356,128.5927515254294,0.05847502969814419,0.01636984510753198,40.0,7303.979311073967,VWNGGYTDTTYLPTASSG
T52V_S55A_S100T_S103P_L108G,inf,,0.0,,0.1462443654519498,0.1054627434356647,227034.6837528495,Valid (Non-binding),5675.867093821236,215.5919842197175,-244.2072710734255,105.412673990868,0.0,0.0,40.0,8623.6793687887,VWNAGHIDVTYLPTASSG
S55G_H57Y_I58H_S100A_S103P_L108G,inf,,0.0,,0.1460282296938807,0.1052146285400188,226699.1473147156,Valid (Non-binding),5667.47868286789,130.7268651247068,-125.6657863771588,107.4221658331177,0.0,0.0,40.0,5229.074604988272,TWNGGYHDVAYLPTASSG
S55A_H57W_I58D_S100T_S103P_L108G,11663.46145147583,603725.1393686988,0.00263972635288845,0.1365793553448131,0.1456496927735849,0.1049575355555852,226111.4938367676,Valid,5652.787345919189,148.1480783407506,2.422250512386199,125.3270061912554,0.000428505507842047,0.02217083619104509,40.0,5925.923133630024,TWNAGWDDVTYLPTASSG
S55A_H57Y_I58D_S100L_L108G,783.8126670310087,1042.781373306451,0.06187845204843877,0.08409525991950091,0.145513152129354,0.06206497365158537,313063.316894565,Valid,6261.266337891299,720.444403820668,39.6879170402899,52.26685067191001,0.006338640603756236,0.008379450064562824,50.0,36022.2201910334,TWNAGYDDVLYLSTASSG
T52V_S55A_I58D_S100A_S103P_L108G,inf,,0.0,,0.1450129108141635,0.1044596117529434,225122.9320530026,Valid (Non-binding),5628.073301325066,97.29277932801328,-187.3296406130949,104.568441073302,0.0,0.0,40.0,3891.711173120531,VWNAGHDDVAYLPTASSG
H57W_I58H_S100A_L108G,101.8897292904093,72.23919191869712,0.2881618785602765,0.196020795713074,0.144511970684755,0.1042516061187352,224345.2557062395,Valid,4486.905114124791,191.6139901450578,209.8847636677183,141.5627644558821,0.04677717899738963,0.03161337982086994,50.0,9580.69950725289,TWNSGWHDVAYLSTASSG
S55A_H57Y_I58H_V99T_S100L_S103P_L108G,31.72549712337666,4.786670310691396,0.8386964807487343,0.1271293557621942,0.1444216603489762,0.1040832597544064,224205.0548960421,Valid,5605.126372401053,157.8702498600002,763.1110279557324,97.11108772222182,0.1361451958894623,0.01774467925969999,40.0,6314.809994400008,TWNAGYHDTLYLPTASSG
S55H_I58D_S100A_S103P_L108G,inf,,0.0,,0.1442317321076293,0.1041043441899148,223910.2038904894,Valid (Non-binding),5597.755097262236,272.6915510652797,-131.2378581034545,103.7220870968993,0.0,0.0,40.0,10907.66204261119,TWNHGHDDVAYLPTASSG
S55H_H57Y_I58T_S100L_L108G,inf,,0.0,,0.1441995965821836,0.05955934468052303,310237.2764267119,Valid (Non-binding),6204.745528534238,271.407013087281,-109.879152711419,54.72281472336302,0.0,0.0,50.0,13570.35065436405,TWNHGYTDVLYLSTASSG
T52V_S55G_H57W_S100A_S103P_L108G,inf,,0.0,,0.1440872862720039,0.1038760553834816,223685.9613050792,Valid (Non-binding),5592.14903262698,188.0839316992677,-205.8841215544935,103.5527139303964,0.0,0.0,40.0,7523.357267970709,VWNGGWIDVAYLPTASSG
H57Y_I58H_V99T_S100A_S103P_L108G,inf,,0.0,,0.1440138136897097,0.05918857231572369,309837.5750410361,Valid (Non-binding),7745.939376025904,117.704483832219,-55.71120299275663,143.4076949726329,0.0,0.0,40.0,4708.17935328876,TWNSGYHDTAYLPTASSG
S55A_H57W_I58H_V99T_S103P_L108G,60.50411854575952,28.2513775684838,0.7560801343584407,0.3738471608885477,0.1439832280462515,0.09202604159857168,232307.3248029789,Valid,5807.683120074473,433.6383022355519,443.3067148302571,188.3074905532294,0.07633107827421763,0.03292095459658718,40.0,17345.53208942208,TWNAGWHDTSYLPTASSG
T52V_S55A_H57Y_S100A_S103P_L108G,inf,,0.0,,0.143607450393541,0.1039463486002416,222941.0479090422,Valid (Non-binding),5573.526197726054,406.4679097019236,-132.7675121295733,101.070011925732,0.0,0.0,40.0,16258.71638807694,VWNAGYIDVAYLPTASSG
S55A_I58D_V99T_S100T_L108G,514.5005100696274,846.8499363745653,0.05929069287534581,0.0967599967562635,0.1435923288823483,0.1037076237865223,222917.5727652244,Valid,4458.351455304489,245.1957979123202,42.90998150037376,69.9087441178085,0.00962462962611887,0.0156893339438976,50.0,12259.78989561601,TWNAGHDDTTYLSTASSG
T52V_S55A_I58T_V99T_S103P_L108G,268.3931618034256,490.452390449979,0.1811543581573535,0.3279200435767908,0.1433367537441662,0.09101896804495202,231264.2816811574,Valid,5781.607042028934,99.45844942821515,105.7379600113409,189.6793999022421,0.0182886798156096,0.03280889205337695,40.0,3978.337977128606,VWNAGHTDTSYLPTASSG
S55G_H57W_I58D_V99T_S100A_S103P_L108G,522.1894845836537,941.0466430286317,0.09258626778306728,0.1678269389581582,0.1432153658896246,0.05897119365806058,308119.7597576479,Valid,7702.993993941199,226.8543930876118,73.0571665330599,130.3911512313844,0.009484255938732799,0.01692963815432976,40.0,9074.175723504472,TWNGGWDDTAYLPTASSG
T52V_S55A_H57W_I58T_V99T_L108G,127.4101608270655,18.67299531315104,0.2326222171979095,0.03742005401961481,0.1430675746327678,0.103069187077942,222102.9265753813,Valid,5552.573164384532,112.2298792232819,209.6732278588679,29.26365456174725,0.03776145251065933,0.005325266741955245,40.0,4489.195168931275,VWNAGWTDTSYLSTASSG
H57Y_I58H_V99T_S100L_S103P_L108G,55.86544592683718,17.5669173346924,0.5060596323922202,0.1512175960845024,0.1430577842632559,0.1036127057812224,222087.7276756555,Valid,5552.193191891387,428.9436272018038,456.1038785919154,126.8364766184925,0.0821484164596479,0.02370958462798711,40.0,17157.74508807215,TWNSGYHDTLYLPTASSG
T52V_S55G_I58H_S100T_S103P_L108G,inf,,0.0,,0.1429820973948563,0.1030190758710518,221970.2288292675,Valid (Non-binding),5549.255720731688,127.0416827812677,-142.417950405882,132.5215690459733,0.0,0.0,40.0,5081.667311250708,VWNGGHHDVTYLPTASSG
T52V_S55G_H57W_I58T_S103P_L108G,249.5279321149976,226.6393559731669,0.1210144007975023,0.1081610675604143,0.1428672775485746,0.1029735710170525,221791.9786285945,Valid,5544.799465714863,166.3092634454384,108.9232018592302,96.93346820208498,0.01964420941329521,0.01749179719897985,40.0,6652.370537817536,VWNGGWTDVSYLPTASSG
T52V_S55H_H57W_S100T_S103P_L108G,inf,,0.0,,0.1427913480979144,0.1028857397441353,221674.1031893261,Valid (Non-binding),5541.852579733151,131.7844070570395,-128.5467211108744,106.5313362852143,0.0,0.0,40.0,5271.37628228158,VWNHGWIDVTYLPTASSG
T52V_S55H_H57W_S100A_S103P_L108G,inf,,0.0,,0.1425687822259659,0.1027294520758291,221328.5844256059,Valid (Non-binding),5533.214610640147,136.2905557907278,-218.1979735578179,111.422860590283,0.0,0.0,40.0,5451.622231629112,VWNHGWIDVAYLPTASSG
T52V_H57W_V99T_S100A_L108G,3286.241880715476,30188.14354884809,0.01483042224215637,0.1361089028714062,0.142384075866413,0.05864722166910708,306331.2862886887,Valid,7658.282157217217,238.9233003178551,11.63433505463354,106.7125898968292,0.001519183390712402,0.01393435303086325,40.0,9556.932012714204,VWNSGWIDTAYLSTASSG
S55A_H57Y_I58D_V99T_S100A_S103P_L108G,506.7157257133119,819.7335853358436,0.0953859815897575,0.1557330982733637,0.1420663775416008,0.05860097484494636,305647.7763111909,Valid,7641.194407779773,292.3993623274445,74.66249348823749,119.5700780066077,0.009771050113869754,0.01565255382990918,40.0,11695.97449309778,TWNAGYDDTAYLPTASSG
H57W_I58D_V99T_S103P_L108G,130.5548290270372,119.5488903308478,0.3653603719365154,0.3341121175425723,0.1418502695597617,0.09018466319133546,228865.938701029,Valid,5721.648467525725,204.5368513894506,211.0455418148367,185.9729028752284,0.03688544359421323,0.03253011259502785,40.0,8181.474055578024,TWNSGWDDTSYLPTASSG
S55H_H57Y_I58T_V99T_S103P_L108G,159.6683388186365,176.8503941467795,0.3007643309358744,0.3311010049277627,0.1414386656284567,0.08985119161950342,228201.843240347,Valid,5705.046081008675,143.5154507237964,173.2283850659396,185.9926645073301,0.03036406412957705,0.03261037760955445,40.0,5740.618028951856,TWNHGYTDTSYLPTASSG
T52V_S55A_H57Y_S100T_S103P_L108G,1665.348262722244,10851.10847445096,0.01844019350846336,0.1198018052070185,0.1413908225165791,0.1019997865597997,219499.8800562598,Valid,5487.497001406495,234.2074979593453,16.4262062106236,106.7075067792731,0.002993387733316924,0.01944598963295001,40.0,9368.299918373812,VWNAGYIDVTYLPTASSG
S55H_H57Y_V99T_S103P_L108G,inf,,0.0,,0.1413292572793605,0.08981232932977075,228025.3201741918,Valid (Non-binding),5700.633004354795,171.8081459656389,-78.76643296864222,186.6859355545859,0.0,0.0,40.0,6872.325838625556,TWNHGYIDTSYLPTASSG
H57Y_I58D_S100K_L108G,172.05573448012,83.66790187117553,0.2797218790824871,0.1484839388479347,0.1409249117240401,0.08973219326471175,227372.9356185248,Valid,4547.458712370495,227.5811844903373,128.4188486106641,60.34320475982837,0.02823969534046018,0.01334470225183702,50.0,11379.05922451686,TWNSGYDDVKYLSTASSG
T52V_S55A_H57Y_I58T_V99T_L108G,49.35587512905124,3.604102351856131,0.8979803319548052,0.2893084255901606,0.1406231406224495,0.05776321716047376,302542.733706021,Valid,7563.568342650527,50.73399761565306,695.745246000839,45.89518732214435,0.09198637659920007,0.006099217710188442,40.0,2029.359904626122,VWNAGYTDTSYLSTASSG
S55H_V99T_S100A_L108G,569.1600269654829,902.4970101983926,0.08501202539307695,0.1362881819516006,0.1406054177141633,0.05811334055947573,302504.603871213,Valid,7562.615096780325,349.8228845293625,65.85807737913956,103.4745940860875,0.00870837356342222,0.01368831115989856,40.0,13992.9153811745,TWNHGHIDTAYLSTASSG
S55G_H57Y_S100L_S103P_L108G,inf,,0.0,,0.1398143008959121,0.08878659104148796,225581.0392019729,Valid (Non-binding),5639.525980049324,103.3355563064862,-247.4770206412727,78.40231603149186,0.0,0.0,40.0,4133.422252259448,TWNGGYIDVLYLPTASSG
T52V_S55A_V99T_S100L_S103P_L108G,142.797975423391,81.48741104348143,0.2084030251624747,0.1160279344555132,0.1396477736395375,0.1006547429476382,216793.912210306,Valid,5419.84780525765,164.1153353570586,183.353249248903,100.9379932177522,0.033829962729034,0.01865192043794507,40.0,6564.613414282344,VWNAGHIDTLYLPTASSG
S55G_H57W_I58H_S103P_L108G,inf,,0.0,,0.1395404101557114,0.05845596349720864,300213.3003437467,Valid (Non-binding),6004.266006874933,495.4283361582492,-99.23093030739619,109.0622536529112,0.0,0.0,50.0,24771.41680791246,TWNGGWHDVSYLPTASSG
I58D_S100K_L108G,157.0996077940041,62.00704707843011,0.3055304292533951,0.1382664728506144,0.1394049111039865,0.08862157446109033,224920.5161073433,Valid,4498.410322146865,155.9170650256953,138.7545097537632,52.85864463639535,0.03084523194130112,0.0117990522935744,50.0,7795.853251284765,TWNSGHDDVKYLSTASSG
S55A_I58H_V99T_S100T_S103P_L108G,25.20209305744457,8.165693240706037,1.616129938386769,0.6712302416999711,0.1393198819771167,0.05731254814098834,299738.846440101,Valid,7493.471161002525,174.874524217714,1240.554942127669,334.1551426826514,0.1655514401101264,0.04475988710203617,40.0,6994.98096870856,TWNAGHHDTTYLPTASSG
S55A_H57W_S100L_L108G,inf,,0.0,,0.1392499183260213,0.05754456181026178,299588.3236017632,Valid (Non-binding),5991.766472035263,273.8575604557944,-121.0032641708131,64.45755054087397,0.0,0.0,50.0,13692.87802278972,TWNAGWIDVLYLSTASSG
T52V_S55G_H57W_I58H_V99T_S100K_S103P_L108G,12.45958828351262,1.624295661742909,2.836628329768672,0.7349419222138535,0.1389133749621417,0.08823471083735339,224127.4553619678,Valid,5603.186384049195,127.8696049941735,1604.61584003684,144.719181748202,0.2863755959653174,0.02664201644403965,40.0,5114.78419976694,VWNGGWHDTKYLPTASSG
S55H_H57W_I58H_S100A_S103P_L108G,inf,,0.0,,0.1389046375859172,0.1000720389941767,215640.2427448355,Valid (Non-binding),5391.006068620887,111.5994335179225,-55.16323717352952,100.5883106064539,0.0,0.0,40.0,4463.9773407169,TWNHGWHDVAYLPTASSG
T52V_I58D_S100L_L108G,inf,,0.0,,0.1385542537686746,0.05711752789241639,298091.6406519267,Valid (Non-binding),5961.832813038535,211.4199417766587,-37.77519197127913,128.0668990524427,0.0,0.0,50.0,10570.99708883294,VWNSGHDDVLYLSTASSG
S55A_H57Y_I58H_V99T_S100T_S103P_L108G,88.68510735601593,28.55265343602693,0.5210060400165089,0.2284644350301768,0.1384407760317707,0.05725071543459861,297847.4997190353,Valid,7446.187492975884,359.5090181477263,397.4050787324913,119.5887467788251,0.05337027560847351,0.01626579748094969,40.0,14380.36072590905,TWNAGYHDTTYLPTASSG
T52V_S55A_I58T_V99T_S100T_L108G,119.4159392373247,113.1268631416614,0.247569124823866,0.2259193802217683,0.1383818488970874,0.1000223045515088,214828.6479577732,Valid,4296.572959155464,266.176612124635,172.6697152106735,156.6374215793867,0.04018777682867826,0.03654127563666395,50.0,13308.83060623175,VWNAGHTDTTYLSTASSG
T52V_S55G_I58D_V99T_S100T_S103P_L108G,35.98319384905457,6.669994299282227,1.190988359078446,0.4225724146727203,0.1383654781622762,0.05693448554616141,297685.5006115039,Valid,7442.137515287598,186.9687140592854,907.9499199962038,145.9972045084723,0.1220012285625061,0.01985563892395653,40.0,7478.748562371416,VWNGGHDDTTYLPTASSG
S55H_H57W_I58T_V99T_S100A_L108G,29116.31223582634,2386564.485950247,0.001676109455398459,0.1373623849715703,0.1379575359275946,0.05686879833530636,296807.8359659243,Valid,7420.195899148107,261.4186810681187,1.274014687088766,104.4086853369951,0.0001716955595788289,0.01407088120095356,40.0,10456.74724272475,TWNHGWTDTAYLSTASSG
T52V_S55H_H57W_I58H_S100A_S103P_L108G,423.7855065485486,784.6855239360506,0.07183438973732267,0.1315757694386727,0.1378622940362826,0.09928316370281946,214022.0734743696,Valid,5350.55183685924,30.34104758825606,62.39193903646355,114.1778711759293,0.01166084189796159,0.02133955951051119,40.0,1213.641903530242,VWNHGWHDVAYLPTASSG
T52V_H57Y_I58H_S100T_S103P_L108G,147.357271176367,89.79419157612232,0.2021665585981011,0.1201728546898503,0.1377855196027142,0.09925530829063701,213902.8862551449,Valid,5347.572156378623,95.50769932300193,175.4944846113822,103.3829759464251,0.03281760011448393,0.01934157686729194,40.0,3820.307972920077,VWNSGYHDVTYLPTASSG
H57Y_I58D_S100L_L108G,213.0326838968611,126.7166592831115,0.2238678436631494,0.1480194645453181,0.1377379288323731,0.05696239405701587,296335.3637210614,Valid,5926.707274421228,287.0058650534892,135.9132761312248,78.7156602087201,0.02293234165922214,0.01332786292705628,50.0,14350.29325267446,TWNSGYDDVLYLSTASSG
T52V_S55H_H57Y_I58H_L108G,23.42404754567057,15.48553772758935,1.742410635625774,1.038576449076707,0.1374573125782427,0.08862300343316408,221778.1959257147,Valid,554.4454898142867,62.60071204612417,97.5310586789983,51.98172541353481,0.1759073894020973,0.09583506749948567,400.0,25040.28481844967,VWNHGYHDVSYLSTASSG
T52V_S55A_I58D_V99T_S100K_L108G,24.25367530422436,3.356632725768414,1.052911980146163,0.1457231824214175,0.1371996941598452,0.09918405241973502,212993.4310857433,Valid,4259.868621714865,269.7109001151341,728.0911846826511,69.67294726637294,0.170918694762363,0.01961159677608521,50.0,13485.5450057567,VWNAGHDDTKYLSTASSG
T52V_S55G_I58D_S100T_S103P_L108G,inf,,0.0,,0.1367516086895133,0.09854818536474205,212297.8080937965,Valid (Non-binding),5307.445202344914,142.005706673196,-271.3280887472256,100.0574029395745,0.0,0.0,40.0,5680.228266927839,VWNGGHDDVTYLPTASSG
T52V_S55A_H57W_S100T_S103P_L108G,inf,,0.0,,0.1362934040009705,0.0981527743869121,211586.475686316,Valid (Non-binding),5289.661892157901,27.23371918234768,-115.6759665861873,120.1225637979668,0.0,0.0,40.0,1089.348767293907,VWNAGWIDVTYLPTASSG
S55A_H57Y_I58H_V99T_S100T_L108G,12517.41148213601,891111.7048940014,0.002459713549188514,0.1750366399952156,0.1362236280960935,0.09838513038355214,211478.1532189966,Valid,4229.563064379931,232.38933880855,1.688797349621382,120.1770632609998,0.0003992841160931987,0.02841359668914289,50.0,11619.4669404275,TWNAGYHDTTYLSTASSG
S55G_H57W_I58H_V99T_S100A_S103P_L108G,59.46954778297781,15.76294616343449,0.7571094954223804,0.3020693937077183,0.136204348500762,0.05739716973020781,293035.9523736141,Valid,7325.898809340352,691.055654878643,568.1673798923903,128.16310020002,0.07755599615544648,0.01896261155988161,40.0,27642.22619514572,TWNGGWHDTAYLPTASSG
S55A_I58H_S100L_L108G,191.6503539341033,87.99799175617095,0.2482096056050607,0.1358692791653874,0.1360372857461187,0.0560713789633706,292676.52630571,Valid,5853.530526114199,203.2551592332683,148.830917641666,66.39872253013795,0.02542583778758659,0.01137766914355789,50.0,10162.75796166342,TWNAGHHDVLYLSTASSG
T52V_S55H_S100T_S103P_L108G,inf,,0.0,,0.1359162377089459,0.09793918836528939,211000.9500179088,Valid (Non-binding),5275.023750447721,133.6229870672656,-91.20942310130795,111.9558047767386,0.0,0.0,40.0,5344.919482690624,VWNHGHIDVTYLPTASSG
T52V_S55G_H57W_V99T_S103P_L108G,inf,,0.0,,0.135893872230865,0.08640580504387901,219255.689314933,Valid (Non-binding),5481.392232873326,201.6491892676256,-245.7702500873938,184.8606131354814,0.0,0.0,40.0,8065.967570705024,VWNGGWIDTSYLPTASSG
S55H_I58D_V99T_S100A_S103P_L108G,inf,,0.0,,0.1358710966647388,0.05602857743290666,292318.979896419,Valid (Non-binding),7307.974497410475,269.6702706870846,-128.6350089012894,122.7380337920226,0.0,0.0,40.0,10786.81082748338,TWNHGHDDTAYLPTASSG
T52V_S55A_H57W_S100A_S103P_L108G,inf,,0.0,,0.1358351420424967,0.09788143034479475,210875.0543710638,Valid (Non-binding),5271.876359276595,134.2900301736093,-135.5104906132156,114.5264710643251,0.0,0.0,40.0,5371.601206944371,VWNAGWIDVAYLPTASSG
T52V_S55H_H57Y_I58T_V99T_S100A_S103P_L108G,inf,,0.0,,0.1357605568046544,0.05637866852035725,292081.1596393448,Valid (Non-binding),7302.02899098362,448.5754319737404,-181.4011543539718,117.3166996369085,0.0,0.0,40.0,17943.01727894962,VWNHGYTDTAYLPTASSG
T52V_S55H_H57Y_S103P_L108G,inf,,0.0,,0.1357290328582956,0.05788280135524567,292013.3376516806,Valid (Non-binding),5840.266753033612,670.5653113742787,-68.5312143874944,81.11194765483236,0.0,0.0,50.0,33528.26556871393,VWNHGYIDVSYLPTASSG
S55A_I58H_S100A_L108G,inf,,0.0,,0.1356473133988356,0.09883312400683977,210583.4628517492,Valid (Non-binding),4211.669257034984,466.3806392726125,-61.54421578055008,165.761969696109,0.0,0.0,50.0,23319.03196363062,TWNAGHHDVAYLSTASSG
T52V_S55H_H57Y_I58T_V99T_S100K_S103P_L108G,inf,,0.0,,0.1356306076348218,0.08614087316651094,218830.9294671924,Valid (Non-binding),5470.77323667981,114.6703725888206,-316.0192097211479,66.51454730261844,0.0,0.0,40.0,4586.814903552824,VWNHGYTDTKYLPTASSG
S55A_H57Y_I58H_V99T_S100A_L108G,209.9573305897786,140.4291246837812,0.2270706779720326,0.1647142500577256,0.1354821723729555,0.05575830089596875,291482.231279371,Valid,7287.055781984275,191.8781405236592,169.5000529172644,110.642431195105,0.02326043027368034,0.01519576863993852,40.0,7675.125620946368,TWNAGYHDTAYLSTASSG
T52V_H57Y_I58D_V99T_S100K_S103P_L108G,inf,,0.0,,0.1353818314396745,0.086050215440023,218429.5456869179,Valid (Non-binding),5460.738642172948,178.7460569929156,-297.0877509420611,71.59553024062842,0.0,0.0,40.0,7149.842279716624,VWNSGYDDTKYLPTASSG
S55H_I58T_S100L_S103P_L108G,inf,,0.0,,0.1353589627602813,0.08600850726860303,218392.6485996411,Valid (Non-binding),5459.816214991029,155.9917286671323,-297.0956251284229,62.78520153002061,0.0,0.0,40.0,6239.669146685292,TWNHGHTDVLYLPTASSG
S55A_H57Y_I58D_V99T_S103P_L108G,inf,,0.0,,0.1353526350560969,0.0860024957631772,218382.4392714355,Valid (Non-binding),5459.560981785888,154.1882326001208,-76.1628010587674,184.4693086161083,0.0,0.0,40.0,6167.529304004833,TWNAGYDDTSYLPTASSG
T52V_S55H_I58T_V99T_S100K_S103P_L108G,inf,,0.0,,0.1348577169852516,0.08569867467793757,217583.9220094265,Valid (Non-binding),5439.598050235663,163.0016054088393,-188.9760757660229,67.35822341090254,0.0,0.0,40.0,6520.064216353572,VWNHGHTDTKYLPTASSG
T52V_S55A_I58D_S100T_S103P_L108G,inf,,0.0,,0.1346106767426242,0.09697244026134343,208974.1531550492,Valid (Non-binding),5224.35382887623,99.61355407321065,-130.9277231107017,103.6610393757351,0.0,0.0,40.0,3984.542162928426,VWNAGHDDVTYLPTASSG
H57W_I58H_V99T_S100T_S103P_L108G,146.5985529493204,73.3942927055696,0.3219721154488643,0.1860176885987961,0.1345458615286566,0.05536211073111075,289467.8114535947,Valid,7236.695286339868,181.2048328557549,238.6795634111068,115.3986744793596,0.03298184516095946,0.01596769329666668,40.0,7248.193314230195,TWNSGWHDTTYLPTASSG
S55A_H57Y_I58H_S100K_S103P_L108G,285.7148655546301,582.0396458964295,0.1703606131617038,0.343557384834025,0.1340556356164231,0.08519989176488182,216289.8172751791,Valid,5407.245431879479,171.1184404991859,92.99912169203071,186.1700927416686,0.0171989828950127,0.03443404896028891,40.0,6844.737619967436,TWNAGYHDVKYLPTASSG
S55A_I58D_S100L_L108G,inf,,0.0,,0.1336894202839528,0.05564500873513826,287625.2265540942,Valid (Non-binding),5752.504531081883,388.4654759158054,-107.6011970917789,75.6873041989659,0.0,0.0,50.0,19423.27379579027,TWNAGHDDVLYLSTASSG
H57W_S100L_S103P_L108G,279.2802529080951,200.0347311347325,0.1742166831655396,0.1296247798890221,0.1332735616897525,0.08463123787192212,215027.9932129721,Valid,5375.699830324304,95.99119095345534,94.54930082783858,66.50849966383016,0.01758827758471303,0.01237604913387541,40.0,3839.647638138214,TWNSGWIDVLYLPTASSG
H57Y_S100L_S103P_L108G,inf,,0.0,,0.1332420804510948,0.0846577645815248,214977.200336376,Valid (Non-binding),5374.430008409401,148.3942454861897,-13.09246183848563,71.36511929702948,0.0,0.0,40.0,5935.769819447588,TWNSGYIDVLYLPTASSG
S55A_H57Y_V99T_S100A_L108G,inf,,0.0,,0.1332098197280554,0.05499256729071745,286593.3930832595,Valid (Non-binding),7164.834827081489,299.0476001703037,-12.87398159679697,101.8387942704081,0.0,0.0,40.0,11961.90400681215,TWNAGYIDTAYLSTASSG
S55H_H57W_S100T_S103P_L108G,inf,,0.0,,0.1331249363911282,0.09595177735058763,206667.6397396549,Valid (Non-binding),5166.690993491373,155.0931064428732,-286.9646198256132,104.1980522040969,0.0,0.0,40.0,6203.724257714928,TWNHGWIDVTYLPTASSG
S55A_I58H_V99T_S100A_S103P_L108G,57.14783302435414,13.25977652637153,0.785393543375065,0.2989898953869365,0.1330930088550535,0.05485211747876704,286342.0810965684,Valid,7158.55202741421,244.9043229814284,575.9293348658639,121.289518679547,0.08045332808371015,0.01716541187807463,40.0,9796.172919257137,TWNAGHHDTAYLPTASSG
T52V_H57Y_I58H_V99T_S100K_S103P_L108G,55.29645835616311,11.81953243382151,0.8213809583734334,0.2556830825179088,0.1330325812713216,0.08446662356720094,214639.1873979115,Valid,5365.979684947788,77.4341925650048,444.9664069199275,86.98727209527814,0.0829236100479678,0.01625498951699774,40.0,3097.367702600192,VWNSGYHDTKYLPTASSG
T52V_H57Y_I58D_S100A_S103P_L108G,inf,,0.0,,0.1328453806811932,0.09574941647547636,206233.6480299555,Valid (Non-binding),5155.841200748886,153.9574057365503,-48.74662135191193,109.1481216474772,0.0,0.0,40.0,6158.296229462012,VWNSGYDDVAYLPTASSG
S55A_H57W_I58D_V99T_L108G,1656.267531521472,7666.313675850499,0.02938148483969723,0.1359039118673512,0.1326617568250642,0.05553747448902931,285414.266744736,Valid,5708.28533489472,462.8779141838164,17.18051194820737,79.27131287318757,0.003009750028293607,0.01388920650346225,50.0,23143.89570919082,TWNAGWDDTSYLSTASSG
T52V_S55G_H57Y_I58T_V99T_S103P_L108G,208.0806961543205,312.0395949168691,0.2324300776417604,0.3449843470402345,0.1326553870498277,0.08425954001853798,214030.6097064997,Valid,5350.765242662494,121.8450527637193,125.5572498877909,183.8462945334307,0.02346528845756551,0.03436303352230136,40.0,4873.802110548771,VWNGGYTDTSYLPTASSG
S55A_H57Y_I58D_V99T_S100A_L108G,10547.89532522222,326091.6755253551,0.004625318956345428,0.1429329550522933,0.13258494337847,0.05455262870009964,285249.0069587924,Valid,7131.22517396981,176.2371550495654,3.378800298021361,104.4072042902611,0.0004738036193772928,0.01464085555207244,40.0,7049.486201982616,TWNAGYDDTAYLSTASSG
S55H_H57W_I58D_V99T_S100K_S103P_L108G,inf,,0.0,,0.1325479680470905,0.08423507294700724,213857.2963178676,Valid (Non-binding),5346.432407946691,163.7509403436611,-306.1814680542634,62.65043548183272,0.0,0.0,40.0,6550.037613746445,TWNHGWDDTKYLPTASSG
S55H_H57W_I58T_V99T_S103P_L108G,inf,,0.0,,0.1325176814185066,0.08435098186028349,213808.4308648625,Valid (Non-binding),5345.210771621563,252.7238737716089,-32.5846638009034,184.0707374537144,0.0,0.0,40.0,10108.95495086436,TWNHGWTDTSYLPTASSG
T52V_S55A_H57Y_V99T_S100K_S103P_L108G,92.28529752776642,22.7369814014951,0.5090837362857799,0.1712029434161728,0.1324206263504842,0.08437409646179439,213651.8389929008,Valid,5341.29597482252,295.0786075303701,274.5171218342653,62.34045605682397,0.05139522751187494,0.01201180817409316,40.0,11803.1443012148,VWNAGYIDTKYLPTASSG
T52V_S55G_H57W_I58H_S100A_S103P_L108G,inf,,0.0,,0.132378337654099,0.09533490011918419,205508.5946877114,Valid (Non-binding),5137.714867192784,34.0122675809275,-0.6056784590518873,113.9391165868014,0.0,0.0,40.0,1360.4907032371,VWNGGWHDVAYLPTASSG
T52V_S55G_I58D_S100A_S103P_L108G,inf,,0.0,,0.1323350565051212,0.09531246563889977,205441.4035727562,Valid (Non-binding),5136.035089318904,60.53240859875229,-59.57626314352547,192.1233829133475,0.0,0.0,40.0,2421.296343950092,VWNGGHDDVAYLPTASSG
T52V_S55G_I58H_S100A_S103P_L108G,inf,,0.0,,0.1323224778144202,0.09542092956255202,205421.8759892045,Valid (Non-binding),5135.546899730112,193.458458224065,-111.6524372647518,102.3413375914755,0.0,0.0,40.0,7738.3383289626,VWNGGHHDVAYLPTASSG
T52V_S55H_V99T_S100K_S103P_L108G,inf,,0.0,,0.1322721751984344,0.0840758123492511,213412.322971038,Valid (Non-binding),5335.30807427595,176.3003243043334,-223.4212737298444,63.85153237900087,0.0,0.0,40.0,7052.012972173336,VWNHGHIDTKYLPTASSG
T52V_S55G_I58D_V99T_S103P_L108G,203.6890038237169,300.1921929079046,0.2373213817865785,0.3461687905229875,0.1322524802135423,0.0840136305093972,213380.5464279335,Valid,5334.513660698338,132.2564734438303,127.8101280603287,183.8233100310744,0.02395909659055914,0.03446436378453237,40.0,5290.258937753211,VWNGGHDDTSYLPTASSG
S55H_I58H_S100A_S103P_L108G,inf,,0.0,,0.1321978704754888,0.09531819833358625,205228.4313549435,Valid (Non-binding),5130.710783873588,183.4631063094135,-129.2076620409034,101.5765903611548,0.0,0.0,40.0,7338.524252376539,TWNHGHHDVAYLPTASSG
T52V_S55A_H57W_V99T_S100K_S103P_L108G,70.34629972581294,14.06886074117397,0.6573164565657071,0.2008185721377407,0.1320742255456399,0.08394293703108845,213092.9444232005,Valid,5327.323610580012,170.4764791276663,353.5225770851571,65.03405253676188,0.06636025947120329,0.01239096349317713,40.0,6819.059165106652,VWNAGWIDTKYLPTASSG
S55A_H57Y_I58H_S100K_L108G,251.1599781843616,181.7307246618876,0.1933415325147487,0.1449134557426808,0.1319572633135701,0.0841776395050909,212904.2336712342,Valid,4258.084673424684,269.5238793549008,83.11377724977956,58.72927203574767,0.01951905225570185,0.01384764136960137,50.0,13476.19396774504,TWNAGYHDVKYLSTASSG
S55G_H57W_I58H_S100A_L108G,406.3937250960562,1306.527206470686,0.07487120807185847,0.2378507541558879,0.1317759465365249,0.0951285493461038,204573.4224063636,Valid,4091.468448127271,205.9247724915532,49.72691850333831,157.9056966943935,0.01215380715598555,0.03859874067788853,50.0,10296.23862457766,TWNGGWHDVAYLSTASSG
T52V_S55A_H57W_I58T_V99T_S100K_S103P_L108G,8.80759387756676,0.4087367084537709,2.230768478870684,0.1848325244132505,0.1316084168043763,0.09481698855832817,204313.3436016862,Valid,5107.833590042155,107.634270678193,1849.64651891336,38.45535695474901,0.3621195730650447,0.0107195767541922,40.0,4305.37082712772,VWNAGWTDTKYLPTASSG
S55H_H57Y_I58H_S100A_S103P_L108G,inf,,0.0,,0.1312429535666375,0.0945213346541673,203745.9861493363,Valid (Non-binding),5093.649653733408,48.01748590059717,-218.737358631156,111.5502212994801,0.0,0.0,40.0,1920.699436023887,TWNHGYHDVAYLPTASSG
T52V_S55G_H57W_V99T_S100K_S103P_L108G,27.50049991741051,3.641872727339459,1.523864644450525,0.4061298826792179,0.131139116707861,0.0835523278094582,211584.2087499437,Valid,5289.605218748593,289.7785438566188,813.7729007538978,79.54765045206332,0.1538437874096054,0.01723910386183044,40.0,11591.14175426475,VWNGGWIDTKYLPTASSG
S55A_H57W_I58H_S100T_S103P_L108G,959.8604195728735,3876.177100646089,0.03192331716203994,0.1282707683634257,0.1310936580747319,0.09444424040155168,203514.2147940042,Valid,5087.855369850104,104.6735256318408,26.36575854206149,105.9189570966608,0.005182096703908127,0.02081826984457948,40.0,4186.941025273632,TWNAGWHDVTYLPTASSG
T52V_S55A_I58T_S100T_S103P_L108G,inf,,0.0,,0.1310501974158016,0.09443444977635637,203446.7450017462,Valid (Non-binding),5086.168625043656,130.6551621684703,-252.7207508105103,102.4173351036979,0.0,0.0,40.0,5226.206486738812,VWNAGHTDVTYLPTASSG
S55G_I58H_S100T_L108G,162.1293561224056,218.2550881321641,0.1842976357101783,0.2410974526472943,0.130924993506125,0.09460816192805442,203252.3742309462,Valid,4065.047484618924,242.8600415449712,121.6138079788234,158.6498154118612,0.02991694646593384,0.03906869468691903,50.0,12143.00207724856,TWNGGHHDVTYLSTASSG
T52V_S55G_H57Y_I58H_V99T_S100K_S103P_L108G,9.03908665343551,0.8661600006828871,3.527748205684695,0.8803774053014273,0.1307978605243141,0.08329099097800206,211033.6146832043,Valid,5275.840367080107,267.6386068634871,1878.982763379786,65.97865400957234,0.3561485247173432,0.02197305380524128,40.0,10705.54427453948,VWNGGYHDTKYLPTASSG
S55A_I58D_V99T_S100L_S103P_L108G,32.05923316089649,5.566929628602978,0.8311436196587144,0.1404460268869449,0.1305747507036421,0.09413591740861589,202708.6454954652,Valid,5067.716137386629,171.5895907552229,683.7319211901413,100.0650811721659,0.1349191435854051,0.02026715918892375,40.0,6863.583630208916,TWNAGHDDTLYLPTASSG
T52V_S55G_H57Y_I58T_V99T_S100A_L108G,239.1932051510847,172.1598948663374,0.1998847869738219,0.1543710773571515,0.13024150701093,0.05362292088114218,280207.2361537641,Valid,7005.180903844102,201.6790144278665,143.4352135127988,101.0396389772426,0.02047559020696932,0.01443560010270166,40.0,8067.16057711466,VWNGGYTDTAYLSTASSG
T52V_S55A_V99T_L108G,87.02652542819645,23.91314648183127,0.5303960631455513,0.2167002379580565,0.1302348072153331,0.05421801806791177,280192.8219224634,Valid,5603.856438449267,381.3098167247156,304.4696304883132,76.35593061322346,0.05433216104525474,0.01411824384006939,50.0,19065.49083623578,VWNAGHIDTSYLSTASSG
T52V_S55A_I58D_V99T_S103P_L108G,177.6285715863662,248.5094157585047,0.2711862789097474,0.3747944789130918,0.1301678259068741,0.08268831444281996,210017.0958948928,Valid,5250.427397372319,129.0970265428066,143.7460565935971,195.5686119689413,0.02737797244192686,0.03725421426174919,40.0,5163.881061712264,VWNAGHDDTSYLPTASSG
T52V_S55H_H57W_I58D_S100A_S103P_L108G,77.32282002309643,42.71578288155141,0.3741556130181415,0.1962897372092079,0.13008191062493,0.09369042468306826,201943.5439405073,Valid,5048.588598512682,61.26794045283253,306.6336039688786,159.062962177007,0.06073650050614404,0.0315150424618326,40.0,2450.717618113301,VWNHGWDDVAYLPTASSG
T52V_S55A_H57Y_V99T_S103P_L108G,inf,,0.0,,0.1300083921795779,0.08260330082348993,209759.860221168,Valid (Non-binding),5243.9965055292,144.9028138318803,-112.3473207156358,188.8063751350021,0.0,0.0,40.0,5796.112553275212,VWNAGYIDTSYLPTASSG
S55H_H57Y_I58T_V99T_S100L_S103P_L108G,48.75462676536946,14.26842125646061,0.5730026798542887,0.1584279029049583,0.1297652912170209,0.09345938200573148,201452.0132964205,Valid,5036.300332410512,53.76611330695777,468.4527300685368,124.2436788461524,0.09301524912123785,0.02468960976195381,40.0,2150.644532278311,TWNHGYTDTLYLPTASSG
S55A_S100L_S103P_L108G,inf,,0.0,,0.1294686805940707,0.08222956378553271,208889.0716140805,Valid (Non-binding),5222.226790352013,112.1359813930005,-207.5257225631508,62.14803698537236,0.0,0.0,40.0,4485.43925572002,TWNAGHIDVLYLPTASSG
T52V_S55H_H57Y_S100A_S103P_L108G,817.610914963687,2688.733762089877,0.03744363784971594,0.1224201937259866,0.129409300307754,0.09319681236566096,200899.3610061627,Valid,5022.484025154068,33.76768868394949,30.52770109047106,99.78069274218012,0.006078207703116506,0.01986684344576869,40.0,1350.707547357979,VWNHGYIDVAYLPTASSG
T52V_S55G_H57Y_V99T_S100K_S103P_L108G,38.219036977875,5.186264557725716,1.145938600539919,0.309345260183425,0.1291898904121717,0.08214139133070904,208439.2622701929,Valid,5210.981556754823,190.441628829936,602.8572038084126,68.90598267009355,0.1156897596436412,0.013882717942993,40.0,7617.66515319744,VWNGGYIDTKYLPTASSG
S55A_I58D_S100K_L108G,inf,,0.0,,0.1290286552818139,0.08211121019478115,208179.1201529066,Valid (Non-binding),4163.582403058132,188.4607520031071,-0.3992681294266731,71.94942757806268,0.0,0.0,50.0,9423.037600155356,TWNAGHDDVKYLSTASSG
I58D_S100A_L108G,inf,,0.0,,0.1287655189268398,0.09274266103135195,199899.9330844774,Valid (Non-binding),3997.998661689548,49.17111133527899,-38.06000338752892,153.5720415954703,0.0,0.0,50.0,2458.555566763949,TWNSGHDDVAYLSTASSG
S55A_H57Y_I58D_V99T_S100L_L108G,1494.473296486516,6483.672317119494,0.03255176794841862,0.1411264164145166,0.1287445140536951,0.05288733500801236,276986.5404729834,Valid,6924.663511824586,56.69735739636893,23.09031954103511,99.84158941068452,0.003334504196717426,0.01441828447511134,40.0,2267.894295854757,TWNAGYDDTLYLSTASSG
T52V_S55H_I58D_V99T_S100K_L108G,inf,,0.0,,0.128668124845656,0.09276926417305568,199748.7352290755,Valid (Non-binding),3994.97470458151,140.393115341978,-111.9513690520525,65.43416369100423,0.0,0.0,50.0,7019.6557670989,VWNHGHDDTKYLSTASSG
S55H_I58D_V99T_S103P_L108G,inf,,0.0,,0.1280267527346456,0.0812948556710037,206562.6172893149,Valid (Non-binding),5164.065432232872,85.42269186814661,-122.8217873967087,188.8583721109129,0.0,0.0,40.0,3416.907674725865,TWNHGHDDTSYLPTASSG
H57Y_I58D_V99T_S100A_L108G,227.8762112810678,161.3761140381494,0.2095985095410539,0.1595715436069813,0.1278209926885766,0.05292843806978904,274999.6364883183,Valid,6874.990912207958,362.5242064994028,147.6104165897445,101.9929443265476,0.0214706344306044,0.01487849502224496,40.0,14500.96825997611,TWNSGYDDTAYLSTASSG
T52V_S55A_I58H_V99T_S103P_L108G,inf,,0.0,,0.1277638551373408,0.08135898602578785,206138.4495695343,Valid (Non-binding),5153.461239238359,261.4428156220588,-33.4687602498534,185.8914161697168,0.0,0.0,40.0,10457.71262488235,VWNAGHHDTSYLPTASSG
T52V_S55G_I58H_V99T_S103P_L108G,37.8514480715093,13.23229176072148,1.155768707476603,0.4533011988605463,0.127712252807381,0.08109742469736729,206055.1926555922,Valid,5151.379816389805,88.6598786700464,601.0741816464788,185.3198870379285,0.1166821711988855,0.03603081347453106,40.0,3546.395146801856,VWNGGHHDTSYLPTASSG
T52V_S55H_I58D_S100T_S103P_L108G,163.4882698580313,118.2301744937101,0.182811214199524,0.1290585020367801,0.1275424131633807,0.0920895302803723,198001.1424586296,Valid,4950.028561465739,258.5091709627416,146.8953466504418,102.7923062943728,0.02967565637781795,0.02082375250645707,40.0,10340.36683850966,VWNHGHDDVTYLPTASSG
T52V_H57W_I58D_S100A_S103P_L108G,inf,,0.0,,0.1274048382757272,0.09212566061033758,197787.5665645142,Valid (Non-binding),4944.689164112855,322.8793410292788,-188.4336968151811,102.13773601633,0.0,0.0,40.0,12915.17364117115,VWNSGWDDVAYLPTASSG
S55H_I58H_S100L_L108G,inf,,0.0,,0.1273702892990258,0.05312111486100735,274029.9736365167,Valid (Non-binding),5480.599472730334,397.3213394660017,-17.71309248442412,60.43431667369926,0.0,0.0,50.0,19866.06697330008,TWNHGHHDVLYLSTASSG
T52V_S55H_I58D_V99T_S100K_S103P_L108G,inf,,0.0,,0.1272029159504932,0.08077947380229787,205233.4116450349,Valid (Non-binding),5130.835291125872,96.11458977975839,-54.49988199710106,66.5132821321034,0.0,0.0,40.0,3844.583591190335,VWNHGHDDTKYLPTASSG
T52V_I58D_V99T_S100A_L108G,inf,,0.0,,0.1267566917343463,0.05218262551306212,272709.8531798709,Valid (Non-binding),6817.746329496774,191.9821295361953,-42.16690565539147,103.0010562922988,0.0,0.0,40.0,7679.285181447812,VWNSGHDDTAYLSTASSG
S55H_H57W_I58T_V99T_S100T_S103P_L108G,1973.156809023225,15617.67822945719,0.02467474093531596,0.1949639736532613,0.1267244118834976,0.05214509019473948,272640.4049064489,Valid,6816.010122661223,171.8178269789659,17.22818456952064,136.0169579936907,0.00252760548465766,0.01995561169384072,40.0,6872.713079158637,TWNHGWTDTTYLPTASSG
T52V_S55H_H57W_I58T_S103P_L108G,267.9076347943642,256.2455731880654,0.1788535774342044,0.1771482450629477,0.1263883482203197,0.05219086607425162,271917.3829421616,Valid,5438.347658843232,233.0292898192961,99.6371476184795,93.45644779027423,0.01832121700723946,0.01720263618517117,50.0,11651.46449096481,VWNHGWTDVSYLPTASSG
T52V_S55H_I58T_V99T_S100A_L108G,inf,,0.0,,0.1262666339388755,0.05186363461754557,271655.5215495331,Valid (Non-binding),6791.388038738328,36.74320410485641,-9.83838408305428,100.7091756389042,0.0,0.0,40.0,1469.728164194256,VWNHGHTDTAYLSTASSG
S55A_H57W_I58D_V99T_S100T_L108G,378.6328980718945,545.6491942373536,0.08028911322759245,0.1143658133752772,0.1261259532091,0.09194954198260631,195802.182267754,Valid,3916.04364535508,444.4856922538947,51.03894458786999,72.36225209375388,0.01303329309120663,0.01853752873963228,50.0,22224.28461269473,TWNAGWDDTTYLSTASSG
T52V_H57W_V99T_S100L_S103P_L108G,250.1784072182362,272.6076397734246,0.1207059230712314,0.129288287782266,0.1260312519035691,0.09077010866289972,195655.1647680662,Valid,4891.379119201654,52.35334711256424,95.84233972858055,102.38343820451,0.01959413437252099,0.02093245577839217,40.0,2094.133884502569,VWNSGWIDTLYLPTASSG
T52V_I58H_S103P_L108G,45.99797728524536,23.62653076725135,0.9571067205091119,0.5363498461682283,0.1257480696537705,0.05189832061642256,270539.8598190132,Valid,5410.797196380264,219.8701146406646,530.4913532272294,244.8207724174673,0.0980431041810474,0.04542177044579624,50.0,10993.50573203323,VWNSGHHDVSYLPTASSG
S55A_H57W_I58D_V99T_S100A_S103P_L108G,599.0938514549805,1526.19677991608,0.08079954244612425,0.2057172237960265,0.1255035237047895,0.05180335109740263,270013.7330407751,Valid,6750.343326019377,277.5393664342326,55.87164403147744,141.1367300154122,0.008276859610402143,0.02091085094607126,40.0,11101.5746573693,TWNAGWDDTAYLPTASSG
T52V_S55H_H57W_I58T_L108G,inf,,0.0,,0.125407676257799,0.081291069411651,202336.9122676493,Valid (Non-binding),505.8422806691233,66.44035756480775,-10.12877191684129,34.50782132366948,0.0,0.0,400.0,26576.1430259231,VWNHGWTDVSYLSTASSG
T52V_S55G_H57W_I58H_S103P_L108G,425.4634528868215,435.6263216546422,0.1133905944041032,0.1201904349879654,0.1253450013550989,0.05235794862203837,269672.6811710997,Valid,5393.453623421993,410.6981738056948,62.64705618156222,63.2186990021203,0.0116153879416904,0.01175469993955713,50.0,20534.90869028474,VWNGGWHDVSYLPTASSG
S55A_S100T_L108G,233.2982664771127,432.058069523208,0.1292562704986445,0.2345676385210204,0.1249051543802685,0.09144050124005881,193906.9730050036,Valid,3878.139460100072,510.6708749445711,81.3715415859424,147.1449550305578,0.02098210815343981,0.03804261473372093,50.0,25533.54374722856,TWNAGHIDVTYLSTASSG
T52V_S55G_V99T_S100L_L108G,44.65520532758788,7.881571105438626,0.9829887213246664,0.3469760587278372,0.1247536618953725,0.05124999684421633,268400.4477683897,Valid,6710.011194209742,60.28150360523622,675.6604015573098,107.0729414756163,0.1006943776994525,0.01598281373564669,40.0,2411.260144209449,VWNGGHIDTLYLSTASSG
H57Y_S100T_L108G,69.34841484632818,43.52753052899686,0.4142865083914423,0.2446552038885357,0.1247422851647377,0.0899886310018671,193654.1293434591,Valid,3873.082586869183,164.858300427489,260.4684037228308,152.0885392508158,0.06725092942915559,0.03937228372496433,50.0,8242.91502137445,TWNSGYIDVTYLSTASSG
S55A_H57W_I58H_V99T_S100L_S103P_L108G,23.93363730186474,10.0781551231801,1.064558350191894,0.3798481038863621,0.124607815768726,0.08976964317851127,193445.3745192742,Valid,4836.134362981855,96.7660914836361,835.7287251040107,290.6200666731285,0.1728092444041854,0.06019285973812493,40.0,3870.643659345444,TWNAGWHDTLYLPTASSG
T52V_H57Y_I58H_S100A_S103P_L108G,inf,,0.0,,0.124193129942741,0.08944733314481225,192801.6022613254,Valid (Non-binding),4820.040056533135,54.32461148582269,-101.1852289338613,105.9330920761831,0.0,0.0,40.0,2172.984459432908,VWNSGYHDVAYLPTASSG
H57W_I58D_S103P_L108G,118.6869094115279,75.71022971934842,0.3946295288992817,0.271716811304327,0.1241636571637671,0.05145916921822863,267131.0859577425,Valid,5342.62171915485,296.5976422517957,215.9736121055066,131.6551875378779,0.04042464981774369,0.02474440940101897,50.0,14829.88211258979,TWNSGWDDVSYLPTASSG
S55H_H57Y_I58H_S100T_S103P_L108G,inf,,0.0,,0.1238563538713148,0.08920948236783315,192278.7797331857,Valid (Non-binding),4806.969493329643,64.8037456657579,-90.43499957324548,111.248399061255,0.0,0.0,40.0,2592.149826630316,TWNHGYHDVTYLPTASSG
T52V_S55A_H57Y_I58T_V99T_S100K_L108G,45.28425456999025,4.131605637231089,0.9706916650050051,0.3162616131535942,0.1235534997135741,0.0509552531426155,265818.3667128489,Valid,6645.459167821224,248.8210920367056,660.789269389632,48.32878736369894,0.09943470461594574,0.008170052228890569,40.0,9952.843681468225,VWNAGYTDTKYLSTASSG
T52V_I58H_V99T_S103P_L108G,5114.74768324254,195492.0646308199,0.009673594445525888,0.3693832173220282,0.1235238895410457,0.07859203635014367,199297.5481791614,Valid,4982.438704479036,216.2314488899004,4.865902592023303,185.7991425465727,0.0009766106279740139,0.03729082755932309,40.0,8649.257955596016,VWNSGHHDTSYLPTASSG
S55A_H57W_I58D_V99T_S103P_L108G,238.2510967405788,447.1614154110161,0.2036018065888834,0.3774995283963011,0.1234339414707797,0.07863677759910494,199152.4229735509,Valid,4978.810574338773,269.7469060600168,102.3389131858376,188.0449217993478,0.02055489190797925,0.03778545989042258,40.0,10789.87624240067,TWNAGWDDTSYLPTASSG
T52V_S55G_H57W_I58H_S100T_S103P_L108G,158.3207836569815,113.1099263196238,0.1885953796046894,0.1314270687396941,0.1232669755334023,0.08898253597702067,191363.8089297279,Valid,4784.095223243197,238.8735651474564,146.463148048907,101.1709903926588,0.03061459716297574,0.02120253621046794,40.0,9554.942605898255,VWNGGWHDVTYLPTASSG
T52V_S55A_I58H_V99T_S100T_S103P_L108G,79.2234498523855,45.5477049593679,0.5795358285326386,0.3627828381347492,0.1230437004461303,0.05059566355786986,264721.5624220966,Valid,6618.039060552414,132.7379524480358,392.8857742203354,212.3248773503533,0.059365889295241,0.03210483558924829,40.0,5309.518097921432,VWNAGHHDTTYLPTASSG
S55A_H57W_I58H_V99T_S100T_L108G,387.8081205647026,704.8350018730029,0.07841371799249806,0.1408324010801202,0.1228366003182429,0.0886721758143465,190695.6799350359,Valid,3813.913598700718,190.572595172063,48.5467763906945,87.0760952974277,0.01272886108569237,0.02284002381182281,50.0,9528.629758603149,TWNAGWHDTTYLSTASSG
S55G_H57W_I58D_S103P_L108G,inf,,0.0,,0.1228330629984524,0.05070427956276709,264268.3878666198,Valid (Non-binding),5285.367757332396,218.6846150289605,-160.4322115675241,81.21969555108217,0.0,0.0,50.0,10934.23075144803,TWNGGWDDVSYLPTASSG
T52V_S55G_I58D_S100K_S103P_L108G,inf,,0.0,,0.1227977639912559,0.07800035395233322,198125.9930874213,Valid (Non-binding),4953.149827185533,115.1746004420114,-81.20267693954247,187.897986686761,0.0,0.0,40.0,4606.984017680456,VWNGGHDDVKYLPTASSG
T52V_S55H_H57Y_S100T_S103P_L108G,262.8327358856095,319.4101620575326,0.1150029143721961,0.137437857049381,0.1226292940991781,0.08846218531194637,190373.8507709521,Valid,4759.346269273801,201.1686346816809,88.84922624444425,105.8926389800124,0.01866836771639253,0.02226339636163545,40.0,8046.745387267237,VWNHGYIDVTYLPTASSG
T52V_S55H_H57W_I58H_S103P_L108G,inf,,0.0,,0.1224811831207304,0.05064252194684293,263511.3382112719,Valid (Non-binding),5270.226764225438,251.3842738051589,-11.15515332566065,78.38491732229596,0.0,0.0,50.0,12569.21369025794,VWNHGWHDVSYLPTASSG
S55G_H57W_I58D_S100A_L108G,396.9166254408167,1478.080325729356,0.07663665357794307,0.2818997761962215,0.1222420882233435,0.08860845328954324,189772.7393141402,Valid,3795.454786282804,313.4808386999455,47.2169418485737,173.6002573679119,0.0124403910749302,0.04575052667220672,50.0,15674.04193499727,TWNGGWDDVAYLSTASSG
S55H_H57W_V99T_S100K_S103P_L108G,inf,,0.0,,0.1219970433536744,0.07769644916847976,196834.0838021861,Valid (Non-binding),4920.852095054654,254.517236651222,-140.6934367177132,64.90261360168938,0.0,0.0,40.0,10180.68946604888,TWNHGWIDTKYLPTASSG
T52V_H57W_S100T_L108G,726.405314203183,4027.852217133186,0.04211282662702552,0.2319384152400944,0.1218890761871968,0.08868062804485649,189224.7115269511,Valid,3784.494230539021,392.0347457196145,25.8713886613059,142.4486403924766,0.006836154869133217,0.0376467343230909,50.0,19601.73728598073,VWNSGWIDVTYLSTASSG
S55H_I58D_V99T_S100T_S103P_L108G,inf,,0.0,,0.1215304358914801,0.04997683603988929,261465.8593197638,Valid (Non-binding),6536.646482994095,134.8326966210378,-117.5467874798096,112.8266543514731,0.0,0.0,40.0,5393.307864841512,TWNHGHDDTTYLPTASSG
S55H_H57W_I58H_V99T_S100K_S103P_L108G,inf,,0.0,,0.1214626273371617,0.0772098699441201,195971.8392420901,Valid (Non-binding),4899.295981052253,165.6524796147568,-101.8024430131959,65.24964281895173,0.0,0.0,40.0,6626.099184590272,TWNHGWHDTKYLPTASSG
T52V_I58H_V99T_L108G,inf,,0.0,,0.121433380224464,0.05141305576466664,261257.0495414389,Valid (Non-binding),5225.140990828778,537.2238375819605,-22.39227453978083,86.12076137980196,0.0,0.0,50.0,26861.19187909803,VWNSGHHDTSYLSTASSG
S55A_H57W_V99T_S100A_L108G,inf,,0.0,,0.1213491495187016,0.05018371819251663,261075.8319418991,Valid (Non-binding),6526.895798547476,315.6144166758485,-38.06152384222196,104.865091740937,0.0,0.0,40.0,12624.57666703394,TWNAGWIDTAYLSTASSG
S55H_H57Y_I58D_S100T_S103P_L108G,184.8985581947037,169.7860373331681,0.1621999950075599,0.1455632958698015,0.1213091134188065,0.08753645033660976,188324.3577710781,Valid,4708.108944276953,215.9163051739925,123.9637885888978,110.688648088777,0.02632984709064237,0.02354120243780289,40.0,8636.6522069597,TWNHGYDDVTYLPTASSG
T52V_S55H_H57W_I58T_V99T_S100K_S103P_L108G,inf,,0.0,,0.1213067734002995,0.07704145893461349,195720.3793212108,Valid (Non-binding),4893.009483030271,99.89893884684471,-64.17590164513649,63.71287110724051,0.0,0.0,40.0,3995.957553873789,VWNHGWTDTKYLPTASSG
T52V_S55G_V99T_S100T_S103P_L108G,599.1825248018506,1418.630434328186,0.08078768383459518,0.1913932035745632,0.1212754632665907,0.05009248744011204,260917.3001380189,Valid,6522.932503450472,286.1317959006399,53.98147278084343,126.7272589328938,0.008275644850270726,0.01943134924687814,40.0,11445.27183602559,VWNGGHIDTTYLPTASSG
S55H_H57Y_I58D_V99T_S100K_S103P_L108G,180.3682039887538,111.7754161540177,0.2671783061247862,0.1735777540680932,0.1212565837758605,0.07701342555040169,195639.4017133013,Valid,4890.985042832532,104.5671054085909,131.9262132768267,79.50034242142722,0.02697334220438014,0.01626469095067801,40.0,4182.684216343636,TWNHGYDDTKYLPTASSG
S55A_H57W_I58D_S103P_L108G,57.09147698311868,47.24620870814378,0.7861063895347487,0.6474720592393634,0.1209565025495874,0.05007408188291422,260231.0741951202,Valid,5204.621483902404,270.3969591891353,419.1091705965882,318.1613855828481,0.08052634987825126,0.0612735421624331,50.0,13519.84795945677,TWNAGWDDVSYLPTASSG
T52V_S55H_V99T_S100L_S103P_L108G,153.2400134354864,122.0728722000328,0.194650799898228,0.1509153152894999,0.1208302850136357,0.08716717534901997,187581.0084105479,Valid,4689.525210263699,200.0354415847099,148.1776040222467,114.1354353859603,0.03159757062355454,0.02437566906636574,40.0,8001.417663388396,VWNHGHIDTLYLPTASSG
S55H_I58H_V99T_S103P_L108G,inf,,0.0,,0.1207325211581709,0.07668798271807829,194793.8616709179,Valid (Non-binding),4869.846541772948,112.6385598958431,-51.37851055194278,185.0035463771574,0.0,0.0,40.0,4505.542395833724,TWNHGHHDTSYLPTASSG
S55A_H57W_I58D_S100K_S103P_L108G,119.7082414725896,131.8464917953943,0.3971378488405259,0.4307121157324667,0.1206742650462,0.07688335399282731,194699.8693239687,Valid,4867.496733099217,265.9357121061316,195.1553752832397,206.0503090491564,0.04009358115356781,0.04238852185060875,40.0,10637.42848424526,TWNAGWDDVKYLPTASSG
S55A_I58D_V99T_S100A_S103P_L108G,inf,,0.0,,0.1205593818399484,0.04962382677590602,259376.6914486274,Valid (Non-binding),6484.417286215684,176.5857351199863,-72.25816932693579,112.7534810003059,0.0,0.0,40.0,7063.429404799453,TWNAGHDDTAYLPTASSG
S55H_H57W_I58T_V99T_S100L_S103P_L108G,232.9261410153044,305.8619712881012,0.1294584321827104,0.166724398767247,0.1205045835761468,0.08685259306988562,187075.3785175287,Valid,4676.884462938218,137.6827177097455,98.28437604587089,126.3147018414049,0.02101492496227381,0.02701538531244929,40.0,5507.30870838982,TWNHGWTDTLYLPTASSG
T52V_S55H_H57Y_I58T_S100A_S103P_L108G,1221.895218420874,6502.955036418462,0.02510527771945201,0.1330805516663281,0.1201102304528515,0.08653178072723204,186463.1714327799,Valid,4661.579285819496,96.40201980447982,18.99746292849431,100.6921414731017,0.004075327644063572,0.0216005996519643,40.0,3856.080792179193,VWNHGYTDVAYLPTASSG
S55G_H57W_S100L_S103P_L108G,119.0733627760141,39.47539644646022,0.399169988166739,0.1595180341992766,0.1201010693089919,0.07630249247560036,193775.0562738229,Valid,4844.376406845573,128.1725459130499,195.2222579632576,61.89711377890046,0.04029873848931095,0.01282151658152132,40.0,5126.901836521996,TWNGGWIDVLYLPTASSG
S55H_H57Y_I58T_V99T_S100T_S103P_L108G,511.3208637359993,2832.723465156107,0.09453522067439975,0.519510181679103,0.1200383169916229,0.04933490463405683,258255.6498977652,Valid,6456.39124744413,98.22162958422149,62.52305204874847,343.0228142906261,0.009683900750825666,0.05312939069053949,40.0,3928.86518336886,TWNHGYTDTTYLPTASSG
S55A_I58D_V99T_S100T_S103P_L108G,inf,,0.0,,0.119967466961547,0.04958954343919571,258103.2200651825,Valid (Non-binding),6452.580501629563,301.3615151875279,-19.00328489079857,122.7694300256328,0.0,0.0,40.0,12054.46060750112,TWNAGHDDTTYLPTASSG
T52V_S55H_H57W_I58D_S103P_L108G,4409.073387355244,48094.2104230347,0.01105792824648185,0.1205337756515253,0.1199073552007906,0.05023312958049025,257973.8930117074,Valid,5159.477860234148,426.1161691464575,5.844349886676355,63.67617698134413,0.001132740568909259,0.0123419477872504,50.0,21305.80845732287,VWNHGWDDVSYLPTASSG
S55H_H57W_I58T_V99T_S100L_L108G,inf,,0.0,,0.1198864069455192,0.04927559172486568,257928.8240252794,Valid (Non-binding),6448.220600631986,102.5323312147822,-8.034870204934577,105.4782969152637,0.0,0.0,40.0,4101.293248591288,TWNHGWTDTLYLSTASSG
T52V_S55H_I58D_S100A_S103P_L108G,222.2646156251782,258.4376484319998,0.1355316361343465,0.1544784734259238,0.1198306583800792,0.08668927086117732,186029.15432086,Valid,4650.728858021501,320.6031364590623,102.3196867939141,116.1405011375297,0.02200078523550879,0.02501855022296939,40.0,12824.12545836249,VWNHGHDDVAYLPTASSG
S55A_H57Y_S100K_L108G,1231.709605378426,9847.102274443905,0.04004688128540433,0.3190138934074179,0.1198103282834317,0.07615382030084765,193305.9650416368,Valid,3866.119300832735,127.1916623433125,15.63066739361875,124.4556247734124,0.004042986306773309,0.03219163131250271,50.0,6359.583117165625,TWNAGYIDVKYLSTASSG
T52V_S55G_H57Y_I58T_V99T_S100T_L108G,701.1896348686995,2044.653862897597,0.04361653537558738,0.1263294772425952,0.1197608054209223,0.08637770422331795,185920.7122318785,Valid,3718.414244637571,148.8912144718549,26.32730686658215,76.21901961958807,0.007080251186254865,0.02049968198832729,50.0,7444.560723592745,VWNGGYTDTTYLSTASSG
T52V_S55G_H57W_I58T_S100A_L108G,93.93719810136464,47.32629409932576,0.3113242115424222,0.1508572209298331,0.119594148490763,0.08621765183021107,185661.9883944369,Valid,4641.549709860923,155.5281770150925,234.5705052767662,111.9304253315252,0.05053710935776981,0.02417426555727995,40.0,6221.1270806037,VWNGGWTDVAYLSTASSG
S55A_H57Y_I58H_S100T_S103P_L108G,inf,,0.0,,0.1194630518352361,0.08615736933228121,185458.4695262972,Valid (Non-binding),4636.46173815743,181.7089867162233,-122.2154584200152,108.3460879937194,0.0,0.0,40.0,7268.359468648932,TWNAGYHDVTYLPTASSG
T52V_H57W_S100K_S103P_L108G,578.2543832656127,2603.775766449714,0.08491382863479466,0.3796296918473631,0.1191620854415181,0.07567032191822459,192260.0684988863,Valid,4806.501712472158,86.02638370218348,41.20416280080735,183.9429611011863,0.00857258881108659,0.0382699207112178,40.0,3441.055348087339,VWNSGWIDVKYLPTASSG
T52V_I58D_S100K_S103P_L108G,inf,,0.0,,0.1191535553688989,0.07584214529672714,192246.3057962616,Valid (Non-binding),4806.157644906541,226.0286867864652,-117.2333501139592,183.758703545464,0.0,0.0,40.0,9041.147471458607,VWNSGHDDVKYLPTASSG
T52V_H57W_I58T_S100L_S103P_L108G,inf,,0.0,,0.1191397692238985,0.07565069917657617,192224.0627717937,Valid (Non-binding),4805.601569294844,77.81873653699215,-53.31694685225784,66.29483878771636,0.0,0.0,40.0,3112.749461479686,VWNSGWTDVLYLPTASSG
S55A_H57W_I58D_V99T_S100L_S103P_L108G,68.80645010008952,26.45233439868466,0.4173286365805909,0.1530181841748521,0.1190107626683975,0.08571268198707925,184756.3205741601,Valid,4618.908014354001,46.37388140741325,312.9067993441131,112.1022204469769,0.06774475663332216,0.02427981502689797,40.0,1854.95525629653,TWNAGWDDTLYLPTASSG
T52V_S55A_I58H_S100A_S103P_L108G,inf,,0.0,,0.118889344283053,0.08564166241486011,184567.8265789673,Valid (Non-binding),4614.195664474182,79.89963655174503,-83.90099146227749,109.2791758660513,0.0,0.0,40.0,3195.985462069802,VWNAGHHDVAYLPTASSG
T52V_S55G_H57Y_S100T_S103P_L108G,inf,,0.0,,0.1188110250051203,0.08592965746764943,184446.2410912649,Valid (Non-binding),4611.156027281622,308.7949688425206,-322.6088184027658,106.3632420963609,0.0,0.0,40.0,12351.79875370082,VWNGGYIDVTYLPTASSG
S55G_I58D_S100T_L108G,28.36017520412144,17.1185997514086,0.9233028604513573,0.4791455997457494,0.11873670812974,0.08575756190955629,184330.8690682312,Valid,3686.617381364624,203.3940049071789,552.5476648139975,281.8934086843443,0.1498793087688065,0.07690978485970314,50.0,10169.70024535894,TWNGGHDDVTYLSTASSG
T52V_S55G_V99T_S100T_L108G,221.5043348989889,181.3514283457927,0.1359865593956951,0.1093854802177366,0.1187151700775771,0.08578164921579595,184297.4326698692,Valid,3685.948653397384,218.8817047401455,81.36596270974587,64.96649447856936,0.02207463270947897,0.01767412607735763,50.0,10944.08523700728,VWNGGHIDTTYLSTASSG
T52V_S55G_H57W_I58D_V99T_S103P_L108G,139.6985771510898,110.4378162449306,0.2128669527894649,0.1632987569515385,0.1186991321684116,0.08550264779495212,184272.5348789409,Valid,4606.813371973523,76.4817702270579,159.186547050951,121.4666748174959,0.03455458995135215,0.02637298535065528,40.0,3059.270809082316,VWNGGWDDTSYLPTASSG
S55A_H57Y_I58D_V99T_L108G,96.97709161436713,50.09976110803962,0.4786418794591575,0.279406299927619,0.1185271437859038,0.04884778784666358,255004.4462143754,Valid,5100.088924287508,173.8345978858403,250.0605206301539,122.5548285667453,0.04903061972886831,0.02408798188405445,50.0,8691.729894292015,TWNAGYDDTSYLSTASSG
T52V_H57W_V99T_S100T_L108G,inf,,0.0,,0.1184481704883752,0.086920833415427,183882.9335053423,Valid (Non-binding),3677.658670106845,518.8718926636277,-14.99138155661603,77.54303125021222,0.0,0.0,50.0,25943.59463318139,VWNSGWIDTTYLSTASSG
S55A_H57Y_I58H_S100L_L108G,362.2839127524517,361.4341095328899,0.1328958473195571,0.137327184698421,0.1182997165876438,0.04957627204007795,254515.1494601134,Valid,5090.302989202269,424.0189828640277,69.29656884581709,67.94812145559993,0.01361344678161819,0.013396622733389,50.0,21200.94914320139,TWNAGYHDVLYLSTASSG
T52V_H57Y_S100K_S103P_L108G,46.72130080352812,31.90160238292972,0.9575622032253814,0.6343895897298738,0.1182914334559946,0.0760685094618169,190855.329653009,Valid,4771.383241325226,491.1551072161765,461.2590139070662,280.5136694953529,0.09667196923359148,0.05962709127869574,40.0,19646.20428864706,VWNSGYIDVKYLPTASSG
S55A_H57W_S100K_L108G,inf,,0.0,,0.1180280222245117,0.07496697380724616,190430.3332187772,Valid (Non-binding),3808.606664375544,85.26383865911741,-1.477160561476012,57.91078543867995,0.0,0.0,50.0,4263.19193295587,TWNAGWIDVKYLSTASSG
S55H_H57Y_I58D_V99T_S103P_L108G,inf,,0.0,,0.1178585797201351,0.074980638567736,190156.9490515115,Valid (Non-binding),4753.923726287789,202.2254056997159,-260.1219341392034,185.0360383267392,0.0,0.0,40.0,8089.016227988636,TWNHGYDDTSYLPTASSG
S55H_H57W_V99T_S103P_L108G,inf,,0.0,,0.1177275408855576,0.07479103316376651,189945.5266412832,Valid (Non-binding),4748.638166032079,122.1910857333064,-265.141436042396,184.5679274088913,0.0,0.0,40.0,4887.643429332255,TWNHGWIDTSYLPTASSG
S55A_H57Y_I58D_S100K_L108G,2322.727441922885,21991.80568273511,0.02127670184194608,0.2010829617234836,0.1174102860993961,0.07458183295760168,189433.6572266702,Valid,3788.673144533404,91.19034477458183,8.138137387347342,76.88690351975139,0.002148017809108101,0.02029395255225278,50.0,4559.517238729091,TWNAGYDDVKYLSTASSG
S55H_V99T_S100L_L108G,306.3750685776131,354.7236955775045,0.1567579158313791,0.185293974478898,0.1173255777945297,0.04838610683092726,252419.3449419288,Valid,6310.483623548221,235.88686951706,101.3325127855455,115.3775364194806,0.01605780457260246,0.01829332003642769,40.0,9435.4747806824,TWNHGHIDTLYLSTASSG
S55H_I58H_S100K_S103P_L108G,inf,,0.0,,0.1172915560219618,0.07447412617139024,189242.0941742461,Valid (Non-binding),4731.052354356152,71.70141690864556,-45.19089471489951,184.0506688049867,0.0,0.0,40.0,2868.056676345822,TWNHGHHDVKYLPTASSG
T52V_S55G_H57W_S100T_S103P_L108G,inf,,0.0,,0.1170450426670341,0.08444704483715704,181704.670567153,Valid (Non-binding),4542.616764178825,200.5745079955448,-106.8202111473847,104.0286203842988,0.0,0.0,40.0,8022.980319821791,VWNGGWIDVTYLPTASSG
T52V_S55A_I58H_V99T_S100T_L108G,86.37158096696355,35.83641581658847,0.337102027404565,0.1347623248921917,0.1170363668482202,0.08441482056505704,181691.2019335094,Valid,3633.824038670188,146.6864774865662,198.84870110675,77.57533157276055,0.05472160979471077,0.02146210388397884,50.0,7334.323874328309,VWNAGHHDTTYLSTASSG
T52V_S55H_I58T_V99T_S103P_L108G,inf,,0.0,,0.1169811687501796,0.07443545245105213,188741.3050355454,Valid (Non-binding),4718.532625888636,208.4242339269737,-263.2506461770545,183.9105037022256,0.0,0.0,40.0,8336.969357078948,VWNHGHTDTSYLPTASSG
T52V_S100L_S103P_L108G,inf,,0.0,,0.1167994864162803,0.07421966276441137,188448.172720589,Valid (Non-binding),4711.204318014725,138.1814948108612,-174.2953652588517,62.12578270227158,0.0,0.0,40.0,5527.259792434448,VWNSGHIDVLYLPTASSG
S55A_H57W_I58H_V99T_S100A_S103P_L108G,91.45650018825492,40.47008213779478,0.5060364692562505,0.2655794606371866,0.1165425615434116,0.04792529186783499,250734.7297633678,Valid,6268.368244084194,128.8845814899301,324.9323908627293,136.1675048476519,0.05183683826638392,0.0217490899867792,40.0,5155.383259597204,TWNAGWHDTAYLPTASSG
H57Y_I58H_S100A_L108G,33.3639863826181,43.95672965592467,0.8028765541705876,0.9220166306552986,0.1162554537461591,0.08530423850359649,180478.8861043355,Valid,3609.577722086709,508.0517790698642,470.438301964643,534.9368443662967,0.1303305644552463,0.1493302945769726,50.0,25402.58895349321,TWNSGYHDVAYLSTASSG
S55H_I58H_V99T_S100A_S103P_L108G,inf,,0.0,,0.1159383713649171,0.04771381186360826,249434.8487660373,Valid (Non-binding),6235.871219150932,163.2299702503425,-9.979382614485985,117.3350751762837,0.0,0.0,40.0,6529.1988100137,TWNHGHHDTAYLPTASSG
S55H_H57Y_I58D_S100A_S103P_L108G,116.6749254795046,70.2864013133775,0.2531462014029514,0.1475381368567891,0.1157738624286078,0.0838707814003182,179731.2475054706,Valid,4493.281187636765,353.9992747924513,184.642857594913,105.6636307441957,0.04109310098441128,0.0237377271908664,40.0,14159.97099169805,TWNHGYDDVAYLPTASSG
S55G_H57Y_I58D_S100K_S103P_L108G,43.52413991574337,18.77141401828225,1.020654108184214,0.4656277781024833,0.115770769340826,0.07352446122361307,186788.4064059932,Valid,4669.710160149831,93.94563342748192,481.1739237684842,185.8887660626458,0.1030414966382079,0.03986128549249543,40.0,3757.825337099277,TWNGGYDDVKYLPTASSG
H57W_I58H_S100K_S103P_L108G,5.559275809578287,10.78586039746156,4.690318128273898,4.923381735588135,0.1155652862361207,0.07558926218596625,186456.8731365004,Valid,4661.421828412511,735.4720319204582,2207.263979308197,2227.56912817465,0.473517321658036,0.4836782199164331,40.0,29418.88127681833,TWNSGWHDVKYLPTASSG
T52V_S55G_H57W_I58D_V99T_S100K_S103P_L108G,7.233058328561977,0.8918941043086902,2.517894083706585,0.2677087357968765,0.1154525965353068,0.08327561135440094,179232.5035007989,Valid,4480.812587519973,183.0255168143719,1831.435961135772,110.60440030014,0.40872853424772,0.02979979005798845,40.0,7321.020672574877,VWNGGWDDTKYLPTASSG
S55A_H57Y_V99T_S100A_S103P_L108G,115.8493883374689,53.8857367936995,0.4038953565555273,0.2205656369820379,0.1152505539778926,0.04764773059510375,247955.0485593301,Valid,6198.876213983253,293.2785915187117,256.4711455830065,113.7127827133513,0.04137381304767242,0.01844823900815203,40.0,11731.14366074847,TWNAGYIDTAYLPTASSG
T52V_H57W_I58H_S100T_S103P_L108G,inf,,0.0,,0.1151152346373389,0.08294265471363246,178708.771515784,Valid (Non-binding),4467.719287894599,104.3924411420244,-165.2075409756553,100.3917696103527,0.0,0.0,40.0,4175.697645680976,VWNSGWHDVTYLPTASSG
T52V_S55H_I58H_S100T_S103P_L108G,inf,,0.0,,0.1148959485517903,0.08274955805658983,178368.3444030534,Valid (Non-binding),4459.208610076335,45.8822645141378,-146.9428341671201,104.2183215949075,0.0,0.0,40.0,1835.290580565512,VWNHGHHDVTYLPTASSG
H57W_I58H_V99T_S100A_S103P_L108G,997.2135059609878,3761.431666546224,0.04870270306852099,0.1834311002525945,0.1147471607731371,0.04731920979377693,246872.0265501385,Valid,6171.800663753463,228.5955991674558,30.79084759407397,115.556244712562,0.004988956914131459,0.01872417444809337,40.0,9143.823966698232,TWNSGWHDTAYLPTASSG
T52V_H57Y_I58T_S100L_S103P_L108G,inf,,0.0,,0.1147258418402537,0.07287140753587182,185102.4856528271,Valid (Non-binding),4627.562141320677,105.6993513202731,-269.3806190316868,67.33622930677082,0.0,0.0,40.0,4227.974052810924,VWNSGYTDVLYLPTASSG
S55H_S100L_L108G,579.2427501789152,1236.602504289618,0.08354490796356809,0.1787813343046882,0.1146834900049694,0.04822269838488123,246735.0424935078,Valid,4934.700849870155,444.7786778638501,42.2315967836912,89.30590189631721,0.008558086511931604,0.01811396240576534,50.0,22238.9338931925,TWNHGHIDVLYLSTASSG
T52V_S55G_H57Y_I58H_S100T_S103P_L108G,172.6413433543572,144.4700731001576,0.1733917601021579,0.1416510019547841,0.1145180642199549,0.0824967126579986,177781.7040254342,Valid,4444.542600635856,83.00780016595965,125.0987668948756,101.7120307464547,0.0281466009296386,0.02289073825406935,40.0,3320.312006638386,VWNGGYHDVTYLPTASSG
S55A_H57W_I58T_S100K_S103P_L108G,inf,,0.0,,0.1143738698987369,0.07265027655309089,184534.6024260863,Valid (Non-binding),4613.365060652157,108.0708871553728,-50.65685861586917,184.0805569968564,0.0,0.0,40.0,4322.835486214912,TWNAGWTDVKYLPTASSG
S55H_S100K_S103P_L108G,inf,,0.0,,0.1142126358001065,0.07257824744495936,184274.4619734231,Valid (Non-binding),4606.861549335577,137.1905685958395,-94.16539949619346,240.3202095129575,0.0,0.0,40.0,5487.62274383358,TWNHGHIDVKYLPTASSG
T52V_S55G_I58H_V99T_S100L_L108G,23.34351629043981,2.856332589861195,1.722104847257184,0.5700066939313754,0.1141553528871311,0.04689091017978184,245598.7853547811,Valid,6139.969633869528,40.39547729665221,1083.134776037037,108.9206106569869,0.1764071877590744,0.01777752605988282,40.0,1615.819091866088,VWNGGHHDTLYLSTASSG
T52V_S55A_H57Y_I58T_V99T_S100T_L108G,47.99335569179995,3.322976774366282,0.9210684274449935,0.2960822141985564,0.1139731568212852,0.04691609302535787,245206.8008237323,Valid,6130.170020593308,169.554869298171,578.3904359864755,32.54935273531672,0.09435145094564538,0.005916358306191463,40.0,6782.194771926841,VWNAGYTDTTYLSTASSG
T52V_S55G_V99T_S100L_S103P_L108G,25.22014294935009,5.944223924717435,1.019238897802308,0.2154399323514278,0.113815800822564,0.08206811776873613,176691.4866495707,Valid,4417.287166239268,160.9628145178697,730.8514677847124,141.2682199772666,0.1654525595189989,0.03254409035546006,40.0,6438.512580714788,VWNGGHIDTLYLPTASSG
S55A_H57Y_I58D_S100K_S103P_L108G,inf,,0.0,,0.113692892456128,0.0725892537893676,183435.890790778,Valid (Non-binding),4585.89726976945,314.7591412226657,-151.5332062228454,185.9030417125344,0.0,0.0,40.0,12590.36564890663,TWNAGYDDVKYLPTASSG
S55G_H57W_I58H_S100T_L108G,234.0648008666024,470.7952672507604,0.1288418248084583,0.2539267081270435,0.1136202129193038,0.08186435109685758,176387.8493940407,Valid,3527.756987880814,81.35692157083824,73.78244256563084,145.2913298455116,0.02091483138410655,0.04118801092963666,50.0,4067.846078541912,TWNGGWHDVTYLSTASSG
T52V_S55A_V99T_S100A_L108G,389.9074807729563,533.0647614147439,0.1235998535569447,0.171331375113835,0.1134689059478251,0.04664880309061382,244121.9335888307,Valid,6103.048339720767,111.2033978338416,77.27187552607529,104.2957224624619,0.01266119342741609,0.01709067663241308,40.0,4448.135913353664,VWNAGHIDTAYLSTASSG
T52V_S55H_I58T_V99T_S100A_S103P_L108G,inf,,0.0,,0.1134640051447633,0.04668760400433854,244111.3897882221,Valid (Non-binding),6102.784744705553,152.9242335302434,-141.9546564548409,114.345267343724,0.0,0.0,40.0,6116.969341209737,VWNHGHTDTAYLPTASSG
T52V_S55H_V99T_L108G,65.64435501712452,15.67850740618459,0.6909328676048847,0.2663964409199189,0.113307756767528,0.04672923044155095,243775.2302416733,Valid,4875.504604833465,182.2986612417461,345.0738989443403,75.4895254235109,0.07077706348636033,0.01570796015888185,50.0,9114.933062087304,VWNHGHIDTSYLSTASSG
T52V_S55A_I58D_V99T_S100T_S103P_L108G,156.0775519249502,100.6961909910517,0.3030248858936057,0.2121613080883142,0.1130667269826168,0.04657317417494514,243256.6682915645,Valid,6081.416707289113,190.8667304696418,188.7729430517602,117.8608986729124,0.03104094853843829,0.01940497136451595,40.0,7634.669218785672,VWNAGHDDTTYLPTASSG
T52V_I58D_V99T_S100A_S103P_L108G,inf,,0.0,,0.1127120532284827,0.04632695634678625,242493.6077691318,Valid (Non-binding),6062.340194228294,96.61917516920532,-55.97942408009567,111.2832671368006,0.0,0.0,40.0,3864.767006768213,VWNSGHDDTAYLPTASSG
S55A_H57W_I58T_S100L_S103P_L108G,inf,,0.0,,0.1125052577142682,0.07153281293590172,181519.7214322477,Valid (Non-binding),4537.993035806192,165.7261608539305,-115.4915869211623,68.00451567113652,0.0,0.0,40.0,6629.046434157221,TWNAGWTDVLYLPTASSG
T52V_S55G_H57Y_V99T_S103P_L108G,inf,,0.0,,0.112435308133951,0.0714288807874673,181406.8624548856,Valid (Non-binding),4535.171561372141,116.6442549214214,-199.6038585058568,185.1376226932082,0.0,0.0,40.0,4665.770196856856,VWNGGYIDTSYLPTASSG
T52V_S55H_H57W_I58T_V99T_L108G,269.1333584617791,284.565583510854,0.1780538751867542,0.1931667288177902,0.1123351762899161,0.04652975134554241,241682.7783511567,Valid,4833.655567023135,259.4777053031096,88.16248402138672,91.39507919246607,0.01823929793898878,0.01893339975098401,50.0,12973.88526515548,VWNHGWTDTSYLSTASSG
S55H_H57W_I58H_V99T_S103P_L108G,102.5908078973339,96.01670796573055,0.4603215062607253,0.4256156580331013,0.1122776346492309,0.07141304434968575,181152.4668150274,Valid,4528.811670375684,182.0790323036242,210.4646186269556,187.6331511525699,0.04647237155028278,0.04147309807243299,40.0,7283.161292144968,TWNHGWHDTSYLPTASSG
S55A_H57Y_V99T_S100T_S103P_L108G,95.31969692799954,42.94306967633614,0.4865495838480369,0.2586681223953385,0.1121570148986357,0.0461991227399527,241299.4741942431,Valid,6032.486854856076,189.8012648055677,300.663131946344,128.3543942073875,0.04984066093808626,0.02133490272518472,40.0,7592.050592222708,TWNAGYIDTTYLPTASSG
I58H_S100L_S103P_L108G,390.4999974926895,644.6171222976785,0.1252246853731637,0.2063351012512026,0.1118596865862122,0.07103236154147165,180478.1355214181,Valid,4511.953388035452,79.61572666579606,57.04113042527706,92.96468941504065,0.01264222511175217,0.02060529664384578,40.0,3184.629066631842,TWNSGHHDVLYLPTASSG
S55H_H57Y_V99T_S100A_S103P_L108G,inf,,0.0,,0.1116766137085143,0.04606093291191519,240265.9182041578,Valid (Non-binding),6006.647955103944,227.1894417421441,-193.5754670345459,113.6034776252817,0.0,0.0,40.0,9087.577669685765,TWNHGYIDTAYLPTASSG
T52V_S55A_H57W_V99T_S103P_L108G,104.0370216226773,100.8965583008772,0.4542160269426201,0.4344193192567448,0.1115371310736678,0.07086154785408648,179957.7137387117,Valid,4498.942843467792,118.9246714120311,206.3034543916829,190.8233852677387,0.04585598474344339,0.04243247815518756,40.0,4756.986856481244,VWNAGWIDTSYLPTASSG
H57Y_I58H_S100K_S103P_L108G,inf,,0.0,,0.111387989830688,0.07076324402010759,179717.0843012102,Valid (Non-binding),4492.927107530255,115.2711539802007,-342.0009070802889,185.5016060378422,0.0,0.0,40.0,4610.846159208028,TWNSGYHDVKYLPTASSG
S55H_H57W_I58H_V99T_S100T_S103P_L108G,inf,,0.0,,0.1110519662313276,0.04578526353594196,238922.0244857119,Valid (Non-binding),5973.050612142796,215.0835995575499,-20.43213086959167,130.8312844285056,0.0,0.0,40.0,8603.343982301996,TWNHGWHDTTYLPTASSG
H57W_I58D_V99T_S100T_L108G,inf,,0.0,,0.1108475938958025,0.08075524417050285,172083.5421393822,Valid (Non-binding),3441.670842787645,379.3302601736399,-5.662865322983635,92.685804622657,0.0,0.0,50.0,18966.513008682,TWNSGWDDTTYLSTASSG
H57W_I58D_V99T_S100T_S103P_L108G,385.8046721531176,590.1884877888958,0.1248974494679413,0.1926851913278785,0.1106675051523362,0.04556411413134793,238094.8782185558,Valid,5952.371955463895,171.5104492437641,76.15533256894832,114.987926555929,0.012794115209659,0.01932151800177838,40.0,6860.417969750564,TWNSGWDDTTYLPTASSG
S55A_H57W_I58H_S100K_L108G,445.5877385177344,600.279960299495,0.1099150254599301,0.1488231094400199,0.1106484286322079,0.0702719415672699,178523.8516873962,Valid,3570.477033747924,72.45003858680053,39.62021964349788,52.77654695238038,0.01109661797821693,0.01478308624494573,50.0,3622.501929340026,TWNAGWHDVKYLSTASSG
S55A_H57Y_I58H_V99T_L108G,61.82684574406701,21.57958578206543,0.7304026734856454,0.3296353691177142,0.1106444059052306,0.04584353616817352,238045.1814948521,Valid,4760.903629897041,260.2153944742356,356.2119068233683,113.3675513207072,0.07482023046769205,0.02416079292138087,50.0,13010.76972371178,TWNAGYHDTSYLSTASSG
T52V_S55H_I58H_V99T_S103P_L108G,507.7076092797119,2173.579795643638,0.09659767449265524,0.4101831571086033,0.1103672248354893,0.07009076388238436,178070.1481371525,Valid,4451.753703428813,87.00471402602288,43.41415675186636,184.0486263649374,0.009752147051268374,0.04134338833894384,40.0,3480.188561040915,VWNHGHHDTSYLPTASSG
S55H_H57W_I58D_S100A_S103P_L108G,inf,,0.0,,0.1102900330990449,0.07947019167992107,171217.9659595843,Valid (Non-binding),4280.449148989608,104.9045846800348,-105.4415118254956,106.955614384217,0.0,0.0,40.0,4196.183387201392,TWNHGWDDVAYLPTASSG
S55H_I58D_V99T_S100L_S103P_L108G,121.7511887208614,94.09366398035107,0.2430079394281395,0.1813743591142531,0.1102155031075209,0.07945785237634563,171102.2630878638,Valid,4277.556577196596,144.5297326204907,168.7383219188923,125.1329709426514,0.03944736179959055,0.02928372383359834,40.0,5781.189304819628,TWNHGHDDTLYLPTASSG
S55H_H57Y_I58T_S100A_L108G,1171.392574099045,12844.70670714272,0.02618304966325847,0.2858926927121628,0.1098555588644815,0.07925736313009053,170543.4735089657,Valid,3410.869470179314,149.3154746658863,14.4971565839387,158.289190086969,0.004250281844756894,0.04640765754612742,50.0,7465.773733294316,TWNHGYTDVAYLSTASSG
T52V_S55G_I58D_S100L_L108G,101.1510411882453,44.53997644875022,0.459821272082675,0.2413328907242779,0.1097929131452669,0.04584149791183898,236213.242980394,Valid,4724.264859607881,354.9476972735013,222.5256015732339,91.86057874110564,0.04710269389758637,0.01976384643416485,50.0,17747.38486367507,VWNGGHDDVLYLSTASSG
S55A_I58D_V99T_S100A_L108G,1984.854587213704,13961.77859489083,0.02452968528741908,0.1722857581694818,0.1097271450578956,0.04507073617333444,236071.7466601167,Valid,5901.793666502918,34.46794202426047,14.82971093572951,104.0523615729805,0.002512746424853715,0.01763063968309123,40.0,1378.717680970419,TWNAGHDDTAYLSTASSG
T52V_S55A_I58H_S100T_S103P_L108G,inf,,0.0,,0.1096429367768769,0.0791204726571975,170213.391811329,Valid (Non-binding),4255.334795283225,196.5608506700654,-143.2339588322839,103.7068183771597,0.0,0.0,40.0,7862.434026802616,VWNAGHHDVTYLPTASSG
T52V_S55H_H57Y_I58D_S103P_L108G,inf,,0.0,,0.1095206532497757,0.04554161814477403,235627.4912136804,Valid (Non-binding),4712.549824273608,306.4283660745265,-145.6273970427974,64.95481706705098,0.0,0.0,50.0,15321.41830372632,VWNHGYDDVSYLPTASSG
S55H_I58D_S100L_L108G,165.6073188694279,118.2767996365528,0.2860985514310547,0.2178906040892505,0.1094523681574686,0.04541972819160769,235480.5796996399,Valid,4709.611593992799,279.3570483839521,138.0248990841137,95.33752098867272,0.02930706626851504,0.02031768641548872,50.0,13967.8524191976,TWNHGHDDVLYLSTASSG
T52V_S55G_V99T_S100A_S103P_L108G,411.9102743717996,670.7034708168898,0.1170767663752759,0.1919298821369511,0.1093012901900308,0.0449581523063718,235155.5439973433,Valid,5878.888599933583,131.844319910052,70.50544159402034,113.4144494241842,0.01199298819760199,0.01929369292161954,40.0,5273.772796402081,VWNGGHIDTAYLPTASSG
S55A_H57W_V99T_S100T_S103P_L108G,738.05010994956,2143.601554052203,0.06568938775258742,0.1906335613314507,0.1091617357749813,0.04495213999942161,234855.3005662627,Valid,5871.382514156568,175.2048957523473,39.50865786531631,113.9711688817054,0.006729021277366356,0.01941233878343955,40.0,7008.195830093892,TWNAGWIDTTYLPTASSG
T52V_H57W_I58H_V99T_S103P_L108G,791.6312512434371,5455.654722828813,0.06216974625814002,0.4260290254688255,0.109141899697035,0.06930523948591351,176093.1678402756,Valid,4402.329196006891,75.78288922839081,27.63090946492139,189.2271050870917,0.006276429643195211,0.04298354222477888,40.0,3031.315569135632,VWNSGWHDTSYLPTASSG
T52V_S55A_H57Y_I58H_V99T_S100K_S103P_L108G,14.1296328323765,0.5556135852228784,2.55156527152307,0.8078637586884884,0.1089172306704156,0.04474314812079561,234329.2616624737,Valid,5858.231541561843,49.8728206411827,1531.192886161127,42.51965456697815,0.2613745932194583,0.007591534876667751,40.0,1994.912825647308,VWNAGYHDTKYLPTASSG
T52V_S55A_H57W_I58T_V99T_S100L_L108G,116.5939335792565,42.35357800955879,0.2533148183009223,0.09038602139591478,0.1088321170646743,0.07837754192806551,168954.6479522299,Valid,4223.866198805747,27.63201677296068,173.6873738052309,60.48808518681303,0.04112047248427025,0.01432307589602946,40.0,1105.280670918427,VWNAGWTDTLYLSTASSG
T52V_S55H_S100K_S103P_L108G,251.066754779987,566.1366911183762,0.193411920237995,0.4301634649347459,0.1085583017369708,0.06893235485406599,175151.5714981001,Valid,4378.789287452501,71.87533075010458,85.50093297380135,189.0283697223702,0.01952615834217139,0.04317028457516249,40.0,2875.013230004183,VWNHGHIDVKYLPTASSG
I58D_S100T_L108G,inf,,0.0,,0.1083332117000049,0.07828027407859162,168180.1304428526,Valid (Non-binding),3363.602608857051,199.9132427705334,-192.4242001035582,142.7689587333647,0.0,0.0,50.0,9995.66213852667,TWNSGHDDVTYLSTASSG
S55H_H57Y_I58H_V99T_S103P_L108G,68.41359649167045,46.28026606912098,0.6746211208536605,0.4554979740308568,0.1083146193077004,0.06941832249517647,174758.4061689611,Valid,4368.960154224029,386.2633484263903,297.557970390385,185.7280094494988,0.0681072749319304,0.04293513675563004,40.0,15450.53393705561,TWNHGYHDTSYLPTASSG
T52V_H57W_V99T_S100A_S103P_L108G,710.0983348940558,2221.659543148387,0.06825705558286722,0.2131494025742053,0.1082827326609818,0.04462886012851059,232964.1750810234,Valid,5824.104377025585,200.4745527855085,40.7224020308231,126.5081396996317,0.006992045367775561,0.02172280868161504,40.0,8018.982111420341,VWNSGWIDTAYLPTASSG
T52V_H57W_I58H_V99T_S100K_S103P_L108G,inf,,0.0,,0.1082682777075844,0.06883161956170807,174683.637091367,Valid (Non-binding),4367.090927284176,154.311772871531,-59.07317071152693,68.56885003439373,0.0,0.0,40.0,6172.47091486124,VWNSGWHDTKYLPTASSG
S55H_I58H_V99T_S100T_L108G,inf,,0.0,,0.1082312561606974,0.07820460415945657,168021.8512260635,Valid (Non-binding),3360.437024521271,198.9694405006807,-71.77862161271878,79.45711430984062,0.0,0.0,50.0,9948.472025034034,TWNHGHHDTTYLSTASSG
T52V_S55G_S100K_L108G,26.43911079905668,3.983270259996298,1.575310544488908,0.4300484420676662,0.108171273736735,0.06890518264529713,174527.1276612823,Valid,3490.542553225645,186.0082147417614,555.1274295789526,63.80978349537735,0.1590375768563411,0.02014973178353208,50.0,9300.41073708807,VWNGGHIDVKYLSTASSG
S55H_H57W_I58T_S100K_L108G,inf,,0.0,,0.1081380645053481,0.06870813216839496,174473.5467837944,Valid (Non-binding),3489.470935675887,96.83566676014215,-206.0769482640435,80.33665675836917,0.0,0.0,50.0,4841.783338007107,TWNHGWTDVKYLSTASSG
T52V_S55A_V99T_S103P_L108G,inf,,0.0,,0.1080882898551494,0.06903037870811024,174393.2387091139,Valid (Non-binding),4359.830967727847,306.4669861560834,-301.0669289988373,184.7965216464898,0.0,0.0,40.0,12258.67944624334,VWNAGHIDTSYLPTASSG
T52V_H57W_I58D_S100T_S103P_L108G,inf,,0.0,,0.1080223531690707,0.07780172818963645,167697.5431784173,Valid (Non-binding),4192.438579460433,49.75553640983878,-1.049250708009822,100.2546767686087,0.0,0.0,40.0,1990.221456393551,VWNSGWDDVTYLPTASSG
S55A_H57W_I58H_S100K_S103P_L108G,73.62287330524022,52.52351730031845,0.6299230830553751,0.4475359137733177,0.1079257716362412,0.06855367017683678,174131.0264141224,Valid,4353.27566035306,101.1273026754293,276.8453681063138,184.8329608996205,0.06359472491660706,0.04248405704277127,40.0,4045.092107017172,TWNAGWHDVKYLPTASSG
S55H_H57Y_I58T_S100K_S103P_L108G,73.6172534030757,52.37021928466988,0.6299681126887534,0.4464413270828415,0.1078017412351366,0.0685833222579911,173930.9116433547,Valid,4348.272791083868,185.4273963703732,276.5469793755065,183.8415731847944,0.06359927094329637,0.04236611712404671,40.0,7417.095854814928,TWNHGYTDVKYLPTASSG
S55H_I58D_S100K_S103P_L108G,inf,,0.0,,0.1077772865526942,0.06851399497366903,173891.4556460543,Valid (Non-binding),4347.286391151358,149.5847929007121,-293.0803209537453,185.7704785385369,0.0,0.0,40.0,5983.391716028484,TWNHGHDDVKYLPTASSG
S55A_H57W_I58H_V99T_S100A_L108G,611.7939791610485,1310.792286752433,0.07913583536997312,0.1700177856232986,0.1075647934002264,0.04422289417964187,231419.5693666127,Valid,5785.489234165317,107.0573996159322,46.89968960166107,99.66605214220434,0.008106434512867498,0.01722755440476821,40.0,4282.295984637288,TWNAGWHDTAYLSTASSG
T52V_H57Y_I58D_S100T_S103P_L108G,inf,,0.0,,0.1074765553238101,0.07752655071827055,166850.2282011271,Valid (Non-binding),4171.255705028178,173.123865614185,-296.914834951499,100.7609128265987,0.0,0.0,40.0,6924.9546245674,VWNSGYDDVTYLPTASSG
T52V_S55A_H57Y_I58D_V99T_S100K_L108G,45.81579937691352,3.069568610565638,0.9605380096461656,0.3083466243407651,0.1074095179348458,0.04420254929710225,231085.5029848934,Valid,5777.137574622335,150.1538370106207,568.4391119946631,30.99596549599045,0.09839459501391973,0.005943603446318374,40.0,6006.153480424828,VWNAGYDDTKYLSTASSG
T52V_S55H_H57Y_I58T_V99T_S103P_L108G,inf,,0.0,,0.107365137087183,0.06835845496855317,173226.4800023556,Valid (Non-binding),4330.66200005889,214.1672051431199,-270.8180075505888,185.5805244645852,0.0,0.0,40.0,8566.688205724797,VWNHGYTDTSYLPTASSG
T52V_S55G_I58H_S100L_L108G,158.608032613383,84.79653649139696,0.2983380828704293,0.1809874291865719,0.107114874869437,0.04435600305178208,230451.5950940463,Valid,4609.031901880925,243.5804029364139,140.8559172877649,72.62381108040157,0.03056084667808054,0.01583940537118753,50.0,12179.02014682069,VWNGGHHDVLYLSTASSG
S55H_H57Y_I58T_S100L_S103P_L108G,inf,,0.0,,0.1071083097431126,0.06855149583773873,172812.1062308626,Valid (Non-binding),4320.302655771566,353.521296739351,-70.5425040326013,66.16454567482018,0.0,0.0,40.0,14140.85186957404,TWNHGYTDVLYLPTASSG
S55H_H57W_I58D_S100L_L108G,1889.568518336338,9734.058439849628,0.025763389563203,0.1326180906172953,0.107078001403368,0.04440593196612933,230372.263917283,Valid,4607.445278345659,264.5816886125128,12.1596163816539,62.4707009395704,0.002639123342126792,0.01355948892510463,50.0,13229.08443062564,TWNHGWDDVLYLSTASSG
T52V_S55H_H57Y_I58D_S100A_S103P_L108G,560.4501286134328,1725.355250590839,0.05447261152217563,0.1662654653134782,0.106948866808327,0.0770217058016903,166031.0267579639,Valid,4150.775668949098,28.90374523245288,36.70328698242065,111.9922709342637,0.00884251279995415,0.02698111666404378,40.0,1156.149809298115,VWNHGYDDVAYLPTASSG
S55H_H57W_I58D_V99T_S103P_L108G,135.0185085229981,167.6981585204256,0.3537129717602608,0.4321850921428633,0.1068917543896339,0.06791817416600464,172462.7086272595,Valid,4311.567715681487,121.4054237504372,153.964206631058,184.3497512625116,0.03570956477642202,0.04276883333311772,40.0,4856.216950017488,TWNHGWDDTSYLPTASSG
T52V_S55G_H57Y_I58H_V99T_S100L_S103P_L108G,14.85835794361887,1.883714881567982,1.551062040405073,0.1898817322879072,0.1068152220993435,0.07695185256800907,165823.5522057272,Valid,4145.588805143179,83.37284995305032,1043.789425317336,96.760409884272,0.251783154186052,0.02388352933384383,40.0,3334.913998122013,VWNGGYHDTLYLPTASSG
T52V_S55H_H57W_I58T_V99T_S103P_L108G,445.5704474568325,1768.52584024011,0.1099192435514848,0.432259985569219,0.1068105012452651,0.06823202409533971,172331.6121040306,Valid,4308.290302600764,309.26429337971,47.80928628273523,187.6239722405472,0.0110970438212751,0.04355680417784637,40.0,12370.5717351884,VWNHGWTDTSYLPTASSG
S55H_H57W_I58H_V99T_S100A_S103P_L108G,inf,,0.0,,0.106808253173974,0.04390236373896513,229791.9158581228,Valid (Non-binding),5744.797896453069,94.27807005825089,-145.7802440789574,119.0625804827383,0.0,0.0,40.0,3771.122802330035,TWNHGWHDTAYLPTASSG
T52V_H57Y_I58T_S100T_L108G,170.0411786699079,329.6531162577558,0.1759674233524742,0.3316771709009755,0.106650763140338,0.07692674357029831,165568.2405728123,Valid,3311.364811456246,135.1853981543256,94.58816595667486,178.0949882671858,0.02856470710488635,0.05379559703418899,50.0,6759.269907716281,VWNSGYTDVTYLSTASSG
S55A_H57Y_S100K_S103P_L108G,inf,,0.0,,0.1066053359169463,0.06782036657860266,172000.5915455198,Valid (Non-binding),4300.014788637995,182.2805447948579,-131.9647599111058,186.1189455613641,0.0,0.0,40.0,7291.221791794315,TWNAGYIDVKYLPTASSG
T52V_H57W_S100A_L108G,inf,,0.0,,0.1065994849007035,0.07837217510655135,165488.6345046889,Valid (Non-binding),3309.772690093778,490.0402281046726,-18.03907811733188,168.8729605342896,0.0,0.0,50.0,24502.01140523363,VWNSGWIDVAYLSTASSG
S55H_H57W_I58D_S100T_S103P_L108G,inf,,0.0,,0.1065802987061505,0.07676249613943242,165458.8492093766,Valid (Non-binding),4136.471230234414,47.63136320287258,-155.8925237474878,107.4332218549654,0.0,0.0,40.0,1905.254528114903,TWNHGWDDVTYLPTASSG
T52V_S55G_H57W_I58T_V99T_S103P_L108G,80.16588955854124,38.84104388452429,0.361665278796289,0.1673000521265092,0.1064646761457332,0.0767056168087496,165279.3528482148,Valid,4131.983821205369,91.44564743466766,242.5844338985698,110.5035396609096,0.05870895056597871,0.02677500272899873,40.0,3657.825897386706,VWNGGWTDTSYLPTASSG
S55H_H57W_I58D_V99T_S100A_S103P_L108G,inf,,0.0,,0.1063776990951835,0.04386815694505849,228865.6031088202,Valid (Non-binding),5721.640077720504,212.1193893292674,-36.11731509882975,115.991142970965,0.0,0.0,40.0,8484.775573170697,TWNHGWDDTAYLPTASSG
H57Y_I58D_V99T_S100L_S103P_L108G,67.95051207043444,27.35067902208121,0.422225208801613,0.1616381417789288,0.1063437569410892,0.0766538063902757,165091.633797972,Valid,4127.290844949301,128.4338137797244,282.8829248631155,105.6928046990077,0.06853961484427211,0.02569694101794391,40.0,5137.352551188977,TWNSGYDDTLYLPTASSG
T52V_S55H_H57Y_V99T_S100T_L108G,inf,,0.0,,0.1062749889391642,0.07688096933606144,164984.8760331781,Valid (Non-binding),3299.697520663562,226.9125753828056,-130.4270997666226,65.43078203890553,0.0,0.0,50.0,11345.62876914028,VWNHGYIDTTYLSTASSG
T52V_S55A_H57Y_I58T_V99T_S100L_L108G,57.29960251040002,4.558661847532572,0.7834802282074137,0.2535811736184185,0.1061514044914165,0.04393337733563563,228378.7430675528,Valid,5709.468576688821,291.5999619476266,458.2267259037253,24.01152784035094,0.08025733389174228,0.005872686682646046,40.0,11663.99847790506,VWNAGYTDTLYLSTASSG
S55H_S100A_L108G,259.245588574995,634.5005807785407,0.1165640847865358,0.2800363905894986,0.1061508129475986,0.0767817537974837,164792.1010371112,Valid,3295.842020742224,223.561359720834,62.36323638392241,149.6854429844302,0.01892179175805223,0.04543458199093976,50.0,11178.0679860417,TWNHGHIDVAYLSTASSG
S55A_H57Y_I58D_V99T_S100T_S103P_L108G,159.681543813679,104.7452873364783,0.2963933034736647,0.2104095816350177,0.1061346196061307,0.04362616278993455,228342.6313361776,Valid,5708.565783404439,94.60678366401912,173.3213586418378,110.2031921060956,0.03036162938608961,0.01931143903804877,40.0,3784.271346560765,TWNAGYDDTTYLPTASSG
T52V_H57Y_V99T_S100A_S103P_L108G,324.9455907897125,468.8581359183984,0.1479350176350387,0.2153300468985608,0.1061148782898707,0.04406087717421941,228300.1590107707,Valid,5707.503975269267,348.2394897007235,86.49159338072332,122.7926365751053,0.01515401369065938,0.0215341038311156,40.0,13929.57958802894,VWNSGYIDTAYLPTASSG
T52V_S55H_H57W_I58T_V99T_S100L_S103P_L108G,inf,,0.0,,0.1061108087649253,0.07671092552132155,164729.9971951345,Valid (Non-binding),4118.249929878362,261.4395259485408,-81.77181223833031,102.9933611984081,0.0,0.0,40.0,10457.58103794163,VWNHGWTDTLYLPTASSG
S55A_I58H_S100K_S103P_L108G,123.7322033436157,146.1016005107558,0.3847239576791199,0.4464341627369335,0.1060117827710511,0.067528746922103,171042.9331757059,Valid,4276.073329392648,227.4639414538477,166.084057381463,188.2860538660873,0.03884032021617664,0.04408091216140204,40.0,9098.557658153908,TWNAGHHDVKYLPTASSG
T52V_S55H_H57W_I58T_S100T_S103P_L108G,391.3710360212172,853.6623411666781,0.07770886970024471,0.1674692169456144,0.1058403832257219,0.07642784676067912,164310.1794703147,Valid,4107.754486757867,218.6927537175018,51.81703648167149,111.5639929891485,0.01261444340179376,0.02716766440601728,40.0,8747.710148700073,VWNHGWTDVTYLPTASSG
S55A_I58D_S100A_L108G,194.5209246135214,678.8353221656361,0.1543775183018392,0.5253785671970596,0.105801423905519,0.07778772220875563,164249.697708066,Valid,3284.99395416132,486.7234307246022,82.32204117248511,279.8207471067845,0.02506002821350776,0.08526239720845605,50.0,24336.17153623011,TWNAGHDDVAYLSTASSG
S55A_H57Y_I58D_V99T_S100T_L108G,inf,,0.0,,0.1052343889853533,0.07600266043073889,163369.4135796567,Valid (Non-binding),3267.388271593133,179.1008225397237,-3.152472028150441,206.8871031677836,0.0,0.0,50.0,8955.041126986185,TWNAGYDDTTYLSTASSG
S55A_H57Y_I58D_V99T_S100L_S103P_L108G,38.6180401597747,11.17761001376668,0.7061652719447372,0.1890342640040345,0.1052133585344192,0.07589911950618028,163336.7651985567,Valid,4083.419129963917,172.8781819193766,468.0883316864056,118.3045430825102,0.1146314685777901,0.02937559428104541,40.0,6915.127276775064,TWNAGYDDTLYLPTASSG
T52V_S55H_H57Y_I58T_S100T_S103P_L108G,304.5324381236791,537.7899229109885,0.09950991042436877,0.17306259312779,0.1051990158217199,0.07577351179700872,163314.4990877785,Valid,4082.862477194462,59.56311430892283,65.95209377640549,114.582889256877,0.01615339584538847,0.0280653412582595,40.0,2382.524572356913,VWNHGYTDVTYLPTASSG
T52V_H57W_I58D_V99T_S100K_S103P_L108G,inf,,0.0,,0.1051060578751337,0.06693261140419478,169581.6065306994,Valid (Non-binding),4239.540163267486,216.0515786200392,-172.8136628297766,64.45887134049686,0.0,0.0,40.0,8642.063144801568,VWNSGWDDTKYLPTASSG
T52V_S55H_H57Y_I58D_V99T_S100K_L108G,228.1619261388117,265.9391932948389,0.1321036658994927,0.1510208581415799,0.1050599454945655,0.07598725153394845,163098.6016229611,Valid,3261.972032459221,219.4526704872836,69.95078670171097,79.64536611856208,0.02144432447784497,0.02445890908018866,50.0,10972.63352436418,VWNHGYDDTKYLSTASSG
T52V_S55G_H57W_I58D_V99T_L108G,313.8495679550257,505.2402644445715,0.09660212302833789,0.153255512720091,0.1049885243882843,0.07566360765662634,162987.7250895115,Valid,4074.693127237788,114.185956015901,63.89679549154243,101.233271884186,0.0156813761174839,0.02484827772314839,40.0,4567.43824063604,VWNGGWDDTSYLSTASSG
S55H_I58D_V99T_L108G,71.17091882560895,25.17285063034062,0.6408023894766134,0.2926843306360518,0.1049765666340296,0.0448304916399512,225851.145863694,Valid,4517.022917273879,528.5098709146339,296.5057391269934,91.64190590503597,0.06564184963355045,0.02169321968805113,50.0,26425.49354573169,TWNHGHDDTSYLSTASSG
T52V_H57W_V99T_S100T_S103P_L108G,433.3121169700523,754.8698900804883,0.1113601584402796,0.1949738973288922,0.1048148406705774,0.04312230633825988,225503.2016002002,Valid,5637.580040005006,135.5131970736843,64.31010941445402,110.7453675861451,0.01140739625124629,0.01964604586751868,40.0,5420.527882947372,VWNSGWIDTTYLPTASSG
S55H_H57W_V99T_S100T_S103P_L108G,488.0776449803817,1584.207668410897,0.09899152250964738,0.3195772061433292,0.1046869507067296,0.04306051026669136,225228.0535761637,Valid,5630.701339404091,126.6158720923119,57.0975118901215,183.4439294751393,0.01014039076989373,0.03258003071501628,40.0,5064.634883692476,TWNHGWIDTTYLPTASSG
S55A_H57W_S100K_S103P_L108G,inf,,0.0,,0.1046489320384089,0.0664570604847904,168844.0645150853,Valid (Non-binding),4221.101612877132,79.56803729427054,-170.5946159119021,184.3403213343457,0.0,0.0,40.0,3182.721491770822,TWNAGWIDVKYLPTASSG
T52V_S55G_I58H_V99T_S100T_S103P_L108G,21.53918954742126,3.388272029935659,1.839186034858482,0.6255969255018128,0.1043373149211568,0.04295032048131246,224475.8319581538,Valid,5611.895798953846,155.8118071501277,1057.284697583981,131.7534978116094,0.1884006288536357,0.02405320554444324,40.0,6232.472286005108,VWNGGHHDTTYLPTASSG
S55A_H57W_V99T_S100A_S103P_L108G,inf,,0.0,,0.1042962990272223,0.0429129529655288,224387.5885821247,Valid (Non-binding),5609.689714553117,138.4601588369313,-5.186024310362882,150.6606220097604,0.0,0.0,40.0,5538.406353477252,TWNAGWIDTAYLPTASSG
H57Y_I58D_S100L_S103P_L108G,inf,,0.0,,0.1042098848027057,0.0662335238116258,168135.6911151251,Valid (Non-binding),4203.392277878129,134.8589491528997,-288.3354637139787,63.18300736508976,0.0,0.0,40.0,5394.357966115987,TWNSGYDDVLYLPTASSG
S55H_H57Y_I58D_S103P_L108G,578.3021652670525,979.4821246846852,0.08367962558433589,0.1429702728814791,0.1041814072922456,0.04385115685619757,224140.4055123524,Valid,4482.808110247047,412.8747012461062,38.42612266143988,64.42808875019216,0.008571886575649614,0.01439392852558584,50.0,20643.73506230531,TWNHGYDDVSYLPTASSG
S55G_H57W_I58D_S100T_L108G,inf,,0.0,,0.1041799271635547,0.075089850928601,161732.4314948997,Valid (Non-binding),3234.648629897994,97.55794720784507,-15.08765251959812,188.9755373229705,0.0,0.0,50.0,4877.897360392254,TWNGGWDDVTYLSTASSG
T52V_S55A_V99T_S100T_S103P_L108G,144.4557368561851,90.3994057179632,0.3265883787321435,0.2227643743985684,0.1041650647424311,0.04290462462595517,224105.245440726,Valid,5602.631136018149,174.509959855721,187.4344623321258,113.2206962880005,0.03345472114470444,0.02023533504673428,40.0,6980.398394228841,VWNAGHIDTTYLPTASSG
T52V_H57W_I58D_V99T_S103P_L108G,inf,,0.0,,0.1040877205028753,0.0663537424457373,167938.5871741654,Valid (Non-binding),4198.464679354134,246.580234237104,-43.05692359531258,194.3261293085897,0.0,0.0,40.0,9863.20936948416,VWNSGWDDTSYLPTASSG
T52V_I58H_S100K_S103P_L108G,inf,,0.0,,0.1040166112579607,0.06604394024988132,167823.8571554053,Valid (Non-binding),4195.596428885134,61.3914478036332,-150.5683377223368,185.0502012693859,0.0,0.0,40.0,2455.657912145328,VWNSGHHDVKYLPTASSG
T52V_S55A_H57Y_I58T_V99T_S100K_S103P_L108G,15.69494033777182,0.703814963327834,2.358571998537817,0.7479241961823163,0.1037484812962808,0.04274518370661823,223208.9897173998,Valid,5580.224742934995,182.2474157246989,1348.209913113431,12.7881668736558,0.2416049487648989,0.008216751311161254,40.0,7289.896628987955,VWNAGYTDTKYLPTASSG
S55H_H57W_I58H_S100T_S103P_L108G,inf,,0.0,,0.1036654776968353,0.07466825797188244,160933.7827974096,Valid (Non-binding),4023.34456993524,57.40476841142478,-53.30257954267745,104.4320581559108,0.0,0.0,40.0,2296.190736456992,TWNHGWHDVTYLPTASSG
T52V_S55G_I58H_V99T_S100A_S103P_L108G,88.44342584551724,37.93197321623144,0.5223535668819976,0.2684840478715564,0.1030941737321901,0.04245407518509661,221801.2839994908,Valid,5545.03209998727,165.8522515214999,296.7053085764665,120.1157318385492,0.05350831216597422,0.02172090594453366,40.0,6634.090060859997,VWNGGHHDTAYLPTASSG
T52V_I58H_V99T_S100L_S103P_L108G,82.94793681774676,44.44780383962345,0.350224761439866,0.179062329479104,0.1030723557320892,0.07424703696080856,160013.0002614339,Valid,4000.325006535848,67.8101426265004,227.4257447804412,114.8734993030321,0.0568518168920941,0.02873220790139202,40.0,2712.405705060016,VWNSGHHDTLYLPTASSG
T52V_S55G_H57W_I58T_V99T_S100A_L108G,96.83714509835164,50.96275569991722,0.3024588440826425,0.1531597552593499,0.1030439190202487,0.07421673809579862,159968.8541511908,Valid,3999.221353779769,49.00118973824203,196.3537641357398,98.2326151780089,0.04909799852667837,0.02457030096290971,40.0,1960.047589529681,VWNGGWTDTAYLSTASSG
T52V_S55H_H57W_I58D_V99T_S100K_S103P_L108G,285.6314081148615,336.6097870405076,0.1704095337539554,0.2016243556523224,0.1029712211332871,0.06590409736727036,166137.189989141,Valid,4153.429749728524,339.9996580864985,71.45528036128553,82.55265653436393,0.01720392173864406,0.01992561117282221,40.0,13599.98632345994,VWNHGWDDTKYLPTASSG
T52V_S55G_H57Y_V99T_S100T_S103P_L108G,521.1207029258494,1131.393998271264,0.09277435105791426,0.2016389878603258,0.1028538591785108,0.0423887019231927,221284.2608289254,Valid,5532.106520723136,188.7148325363367,52.57449944431119,113.0443800140128,0.009503522617897612,0.02043680925789376,40.0,7548.593301453468,VWNGGYIDTTYLPTASSG
S55H_V99T_S100T_L108G,2356.598732183227,29437.20167791625,0.01304266672037407,0.1625792750924666,0.1026621139732239,0.07411675374004596,159376.1271231193,Valid,3187.522542462387,162.8021190984392,6.74865399236478,84.12090429215262,0.002117209808703467,0.02639090683947358,50.0,8140.10595492196,TWNHGHIDTTYLSTASSG
S55A_H57W_I58H_S100A_L108G,429.3229959479078,2456.152715447645,0.07091852257074151,0.4010909672408361,0.102293153386022,0.07368141381444936,158803.3402675454,Valid,3176.066805350907,47.77990933768651,36.56341979336321,206.7701362565571,0.01151216962179846,0.06510280814296449,50.0,2388.995466884326,TWNAGWHDVAYLSTASSG
I58H_S100A_L108G,inf,,0.0,,0.1022901863316596,0.074301819646135,158798.7341123149,Valid (Non-binding),3175.974682246298,301.8157634133572,-170.4988089063754,139.6565754032256,0.0,0.0,50.0,15090.78817066786,TWNSGHHDVAYLSTASSG
S55H_I58H_V99T_S100L_S103P_L108G,33.30999399256449,12.08221169606469,0.8040080924341042,0.2610903567374314,0.1022806887458726,0.07385935697107683,158783.9897399153,Valid,3969.599743497882,212.378648290969,518.0893194956298,161.0268389829586,0.1305142465167298,0.04116160279413149,40.0,8495.14593163876,TWNHGHHDTLYLPTASSG
T52V_S55A_H57W_S103P_L108G,212.4696950902938,124.5854077811354,0.2244473960926517,0.1467687168057892,0.1022292373706446,0.04274745145921328,219940.422336571,Valid,4398.808446731419,345.4691480068527,101.1361248496032,57.39246954687282,0.02299170924907027,0.01317163511537276,50.0,17273.45740034264,VWNAGWIDVSYLPTASSG
T52V_S55A_I58H_S100L_L108G,256.9554915171097,183.539875628579,0.186331298150668,0.1431621011611178,0.1021478903053138,0.042280096787131,219765.4087263273,Valid,4395.308174526545,225.7587850420347,83.89417891320409,58.62254089800955,0.01908721199560507,0.01337351049783531,50.0,11287.93925210173,VWNAGHHDVLYLSTASSG
T52V_I58D_V99T_S100L_S103P_L108G,70.8903386865003,31.6380368756933,0.4058691227926076,0.1720939344079615,0.1020480835431694,0.07359638652210786,158422.8855806419,Valid,3960.572139516047,154.3477700549222,260.9404706886999,108.3075144558196,0.0658845392778491,0.02746670418511975,40.0,6173.910802196888,VWNSGHDDTLYLPTASSG
T52V_S55H_H57W_I58H_S100T_S103P_L108G,183.1964832185413,183.6296362633261,0.1636669541553323,0.1601968367668705,0.101953283374444,0.07348811569040531,158275.7146023976,Valid,3956.89286505994,122.2410611700931,105.1266420442362,102.5241728446967,0.02656797786276271,0.02592326927557892,40.0,4889.642446803724,VWNHGWHDVTYLPTASSG
T52V_S55H_H57Y_V99T_S100K_S103P_L108G,796.6037860904571,2003.047256613045,0.06178409285297495,0.1551072685188295,0.1018452364969977,0.06482366129881041,164320.4889596181,Valid,4108.012223990454,192.3162050609862,25.62370771741143,64.01727381729205,0.006237495489368577,0.01558625151841047,40.0,7692.648202439448,VWNHGYIDTKYLPTASSG
T52V_S55G_H57Y_I58D_V99T_S100A_S103P_L108G,inf,,0.0,,0.1017563125950808,0.04183052403918185,218922.9514295564,Valid (Non-binding),5473.073785738909,95.94860512566379,-261.3943648889008,112.0971822222459,0.0,0.0,40.0,3837.944205026552,VWNGGYDDTAYLPTASSG
T52V_S55A_H57Y_I58D_V99T_S100T_L108G,44.6894254819328,1.939621015950506,0.9823117558448525,0.31206788927344,0.1016831998450667,0.04180612091580135,218765.6534830012,Valid,5469.141337075031,102.76217199363,550.3325188438357,18.82972768211217,0.1006250314127301,0.003927886542575885,40.0,4110.4868797452,VWNAGYDDTTYLSTASSG
T52V_S55G_I58H_S100K_L108G,23.93402800800881,3.044210000256647,1.711699551040747,0.4513901087587102,0.1015922897623276,0.06464530770900723,163912.3762922872,Valid,3278.247525845745,145.6590039460851,566.5038281117204,54.02732161892288,0.1728069109014487,0.01818137889871532,50.0,7282.950197304255,VWNGGHHDVKYLSTASSG
T52V_S55A_H57Y_I58D_V99T_S100A_S103P_L108G,53.70594540484804,1.918123910411656,0.8314406054697232,0.2635404405302669,0.101256574618862,0.04160293338088441,217847.7934378295,Valid,5446.194835945738,61.49318065150844,463.8537714014892,14.22197731785041,0.08517024920591929,0.002782803178297883,40.0,2459.727226060338,VWNAGYDDTAYLPTASSG
T52V_S55A_H57Y_I58T_V99T_S100A_L108G,59.53552288453828,5.822810624312242,0.7563354972641527,0.2480299111904437,0.1009962222435691,0.04152348569317319,217287.6600273585,Valid,5432.191500683963,101.8432872865122,420.8683263016865,37.14462700283259,0.07747671013599121,0.006990447907639001,40.0,4073.731491460488,VWNAGYTDTAYLSTASSG
S55H_I58T_S100T_L108G,85.93035443046972,88.23815232093428,0.3387377667671614,0.3297522669578326,0.1009904004283675,0.0729360074863152,156780.9026520164,Valid,3135.618053040329,171.2433508062647,172.4186644096935,167.0486388620291,0.0549871385778362,0.05335911797455389,50.0,8562.167540313234,TWNHGHTDVTYLSTASSG
S55G_H57Y_I58H_S100L_S103P_L108G,inf,,0.0,,0.1009408438572094,0.0641408721679083,162861.3118209222,Valid (Non-binding),4071.532795523055,118.1071698640166,-20.57904890823602,65.5223853836838,0.0,0.0,40.0,4724.286794560664,TWNGGYHDVLYLPTASSG
T52V_S55H_H57Y_I58T_V99T_S100A_L108G,135.0772050514868,84.17605902885306,0.3484543168471884,0.2364651441865213,0.1009389249676783,0.04146257801315945,217164.3881788906,Valid,5429.109704472266,37.36234133862671,193.7899068758811,116.4457907913997,0.03569460140329184,0.02144982028753709,40.0,1494.493653545069,VWNHGYTDTAYLSTASSG
T52V_I58H_V99T_S100T_S103P_L108G,359.5194793949294,606.5379914706413,0.1339036993937898,0.226771864369165,0.100772541989545,0.04153669974732443,216806.4246117012,Valid,5420.16061529253,188.6032029602409,74.34665253403637,123.6812036198443,0.01371668808563966,0.02282372523658576,40.0,7544.128118409636,VWNSGHHDTTYLPTASSG
T52V_S55G_H57W_I58H_V99T_S100A_S103P_L108G,2599.445767609212,36415.93854362412,0.01874122602172118,0.2621105886034771,0.1006845214268623,0.04138403709562638,216617.0533493434,Valid,5415.426333733586,87.1949239853575,10.39650431789323,145.366133552992,0.001919794246508661,0.02684298907918457,40.0,3487.7969594143,VWNGGWHDTAYLPTASSG
T52V_H57Y_V99T_S100T_L108G,135.1889775501682,122.7276866044747,0.2197144577939524,0.1930978991393226,0.1006346757360703,0.07304341066805742,156228.6636459584,Valid,3124.573272919167,283.3657627759614,111.4414744840051,97.03594591711534,0.03566614214167225,0.03122373236217777,50.0,14168.28813879807,VWNSGYIDTTYLSTASSG
T52V_S55H_V99T_S100A_S103P_L108G,inf,,0.0,,0.1005803087641561,0.04234162578105995,216392.8456995758,Valid (Non-binding),5409.821142489395,499.7792089373264,-15.59519392964739,110.2152235564819,0.0,0.0,40.0,19991.16835749306,VWNHGHIDTAYLPTASSG
S55A_H57W_I58D_V99T_S100T_S103P_L108G,325.5713716950929,647.933961713587,0.147654972485338,0.2931302033281264,0.1004678903135098,0.04129659591144511,216150.9837611566,Valid,5403.774594028916,89.1771721335376,81.73385623684862,160.1961594093507,0.01512532671647023,0.02964628428457585,40.0,3567.086885341504,TWNAGWDDTTYLPTASSG
T52V_S55G_I58H_S100K_S103P_L108G,100.5224528401662,104.0670293027752,0.4693443093682268,0.4765816139978356,0.1004227262680916,0.0637708056271404,162025.3636851945,Valid,4050.634092129863,73.00255659199422,191.9323320822214,189.2534867045597,0.04738328067082985,0.04672974447913815,40.0,2920.102263679769,VWNGGHHDVKYLPTASSG
T52V_S55H_H57W_I58D_S100T_S103P_L108G,1208.83634557246,8852.837552207227,0.02537536901368478,0.1850798638579752,0.1004077859403839,0.07235805753803427,155876.4322772405,Valid,3896.910806931012,104.8423428235289,16.052043676008,117.0711098609293,0.004119171433808023,0.03004223401796144,40.0,4193.693712941156,VWNHGWDDVTYLPTASSG
T52V_S55G_I58T_S100T_L108G,121.0666776054317,166.2507871833959,0.2443274128911974,0.322761767937737,0.1003051120200887,0.07258838473632959,155717.0378215851,Valid,3114.340756431702,222.534343847587,123.5195856505034,162.6525131243041,0.0396615512915252,0.05230378279475337,50.0,11126.71719237935,VWNGGHTDVTYLSTASSG
S55G_H57Y_I58D_S100L_S103P_L108G,207.0978112041369,140.3091787446298,0.2335071845858967,0.164468536569905,0.1001907738410002,0.06363250945569185,161651.1239313681,Valid,4041.278098284203,84.66394273586025,95.26920799749814,62.99187902894197,0.02357402922554288,0.01559494019084582,40.0,3386.55770943441,TWNGGYDDVLYLPTASSG
T52V_S55A_H57Y_I58H_V99T_S100K_L108G,47.44258255189219,2.958932540135656,0.9307418593235972,0.298106207799679,0.1000854847807291,0.04118346422780685,215328.2598854156,Valid,5383.20649713539,135.5864391284157,513.2476544045749,25.91314975740367,0.09534236791356482,0.005379438256952387,40.0,5423.457565136628,VWNAGYHDTKYLSTASSG
S55H_H57Y_I58T_S100T_L108G,inf,,0.0,,0.1000774105211284,0.0723528928828856,155363.5463373371,Valid (Non-binding),3107.270926746743,198.5652733817027,-57.03275093829689,168.9216854867168,0.0,0.0,50.0,9928.263669085134,TWNHGYTDVTYLSTASSG
T52V_S55H_I58D_V99T_S100T_L108G,315.0198231308694,946.5052492620252,0.09624886636640549,0.2847674729295225,0.1000666968719445,0.07237138234595605,155346.914107119,Valid,3106.93828214238,207.5566824753506,48.54290355744342,143.5360812847953,0.01562403213364471,0.04621035123529131,50.0,10377.83412376753,VWNHGHDDTTYLSTASSG
T52V_S55A_H57Y_I58T_V99T_S100L_S103P_L108G,39.96122285464725,3.310417405607315,1.085613417363586,0.3514816070142992,0.09983677856272809,0.04119903371293642,214793.1825236766,Valid,5369.829563091916,215.3096563541388,597.1623125611768,36.87649937620827,0.1112069397259108,0.008187975449046914,40.0,8612.386254165553,VWNAGYTDTLYLPTASSG
T52V_S55G_I58D_V99T_S100A_S103P_L108G,176.4420415918785,142.7374556583049,0.269014316438689,0.2279921860484325,0.09983004819330003,0.04105263214400894,214778.7025145074,Valid,5369.467562862686,110.3533623860103,147.9664667503121,116.3630443645394,0.02755700914811468,0.02167864369715395,40.0,4414.134495440412,VWNGGHDDTAYLPTASSG
T52V_H57Y_S100A_L108G,45.90857802599702,31.65383934752635,0.6050364474017449,0.3791010032592096,0.09974494564295969,0.07210996750841528,154847.4166509681,Valid,3096.948333019362,197.0031126392531,304.1676327551195,188.1324211230841,0.09821527518302899,0.06106810802158139,50.0,9850.155631962654,VWNSGYIDVAYLSTASSG
S55H_H57Y_S100K_S103P_L108G,inf,,0.0,,0.09973422631007435,0.06337984726709331,160914.5149735475,Valid (Non-binding),4022.862874338689,121.6246899851732,-302.803316246268,184.0383814477061,0.0,0.0,40.0,4864.987599406928,TWNHGYIDVKYLPTASSG
T52V_H57Y_V99T_S100A_L108G,inf,,0.0,,0.09970205330856127,0.04140499283746695,214503.3287591081,Valid (Non-binding),5362.583218977702,329.6888034067208,-115.3368138451046,110.5909696011332,0.0,0.0,40.0,13187.55213626883,VWNSGYIDTAYLSTASSG
T52V_S55A_H57Y_I58D_V99T_S100K_S103P_L108G,20.80739282366383,0.892647298147142,1.891338157464828,0.5998787768587085,0.09945531556189789,0.04095197173592954,213972.4864521195,Valid,5349.312161302987,157.2907937587908,1036.391432070192,18.87813466728923,0.1937429338238034,0.006701339712794981,40.0,6291.631750351633,VWNAGYDDTKYLPTASSG
T52V_S55A_I58T_S100L_L108G,45.60901068115596,61.0497097789391,0.9644627732320749,1.202512980841622,0.09937423838695077,0.04111050968187694,213798.0534957719,Valid,4275.961069915437,212.0291844872052,422.4505688181307,509.1719011632201,0.0987966358698596,0.1191784993583417,50.0,10601.45922436026,VWNAGHTDVLYLSTASSG
S55H_H57Y_V99T_S100T_S103P_L108G,inf,,0.0,,0.09936736315583845,0.04086699867667325,213783.261824882,Valid (Non-binding),5344.581545622051,114.7212549620202,-249.4024908758047,110.9724741860492,0.0,0.0,40.0,4588.850198480808,TWNHGYIDTTYLPTASSG
T52V_H57Y_V99T_S100T_S103P_L108G,208.20089782623,196.2893189815726,0.2289413754338994,0.2227975941950366,0.09929302069698503,0.0408274408444115,213623.3182293089,Valid,5340.582955732722,104.9718391056986,125.2476657036777,115.2864552680531,0.02345205883736598,0.02159178833127777,40.0,4198.873564227944,VWNSGYIDTTYLPTASSG
T52V_S55H_I58T_V99T_L108G,158.4879555460672,94.06723605189244,0.2985572033673495,0.1958818148895058,0.0992839346107414,0.04155327982345468,213603.7700286453,Valid,4272.075400572906,343.9846465905542,130.6541324803934,74.43565762523853,0.03058329271596472,0.01759692819906929,50.0,17199.23232952771,VWNHGHTDTSYLSTASSG
S55H_H57Y_I58T_S100K_L108G,120.0044115917728,57.57307320403963,0.3961969191363215,0.2060970114759134,0.0992475324876384,0.06357360391577287,160129.2669872202,Valid,3202.585339744404,275.1576241716971,128.0988926296095,57.9626465770292,0.03999858834045402,0.01842208307098473,50.0,13757.88120858485,TWNHGYTDVKYLSTASSG
S55G_H57W_I58D_S100K_S103P_L108G,1345.766494775948,16887.51309727711,0.03666537698606748,0.4584825305778995,0.09904444006265703,0.06299050509616444,159801.5909198381,Valid,3995.039772995953,156.9391865950035,14.7880473362593,184.881777292121,0.003701602030652494,0.04627805991287949,40.0,6277.56746380014,TWNGGWDDVKYLPTASSG
T52V_S55H_H57Y_I58D_V99T_S100K_S103P_L108G,inf,,0.0,,0.09889358394457527,0.06312359870855949,159558.1946458604,Valid (Non-binding),3988.954866146511,267.4206910198267,-404.7791898278306,61.87266985729546,0.0,0.0,40.0,10696.82764079307,VWNHGYDDTKYLPTASSG
T52V_H57W_I58D_S100K_S103P_L108G,inf,,0.0,,0.09889177724996466,0.06325369578663752,159555.2796647378,Valid (Non-binding),3988.881991618446,313.8435328153162,-138.0698028770794,184.8874046160867,0.0,0.0,40.0,12553.74131261265,VWNSGWDDVKYLPTASSG
T52V_S55G_I58H_V99T_S100L_S103P_L108G,4.288993135668993,0.5909204481295954,3.315918608320238,0.3321832527211431,0.09886491376118461,0.07121382301905568,153481.2254862434,Valid,3837.030637156084,60.90375648749158,2065.364125645756,127.2328621540142,0.5382714710812304,0.03424220626079615,40.0,2436.150259499663,VWNGGHHDTLYLPTASSG
T52V_H57Y_I58D_V99T_S103P_L108G,inf,,0.0,,0.09885653443880744,0.06305180265330905,159498.4177420711,Valid (Non-binding),3987.460443551778,248.1494968486735,-112.2957325331963,186.0565948262179,0.0,0.0,40.0,9925.97987394694,VWNSGYDDTSYLPTASSG
T52V_S55G_H57W_I58T_V99T_S100A_S103P_L108G,77.02583509127929,40.83270572757547,0.3755102908351675,0.1891754476328476,0.09849735151026469,0.07101042143659023,152910.6094550602,Valid,3822.765236376505,129.6231073200712,233.0220248365949,115.7296438199363,0.06095640470390753,0.03034428034430675,40.0,5184.924292802848,VWNGGWTDTAYLPTASSG
T52V_S55H_H57W_V99T_S100K_S103P_L108G,inf,,0.0,,0.09846697952854164,0.06356187305958848,158869.8969046397,Valid (Non-binding),3971.747422615992,465.8790703370869,-312.3231397902787,63.53620943036181,0.0,0.0,40.0,18635.16281348348,VWNHGWIDTKYLPTASSG
T52V_S55A_I58T_V99T_S100T_S103P_L108G,84.37532188943115,34.96790720322863,0.5461295776082832,0.2744138737292908,0.0984408496577389,0.04056960541347154,211789.9204353368,Valid,5294.74801088342,180.3691229471118,296.2086121174316,115.4508742645395,0.05594385445890364,0.02188791570149524,40.0,7214.764917884472,VWNAGHTDTTYLPTASSG
S55A_H57W_I58D_V99T_S100L_L108G,491.6396407474502,978.044863440925,0.09828153612268811,0.1960129682844634,0.09839669908624209,0.04045728962806786,211694.932977823,Valid,5292.373324445575,102.2076300006254,53.28182539436921,104.9241855665336,0.0100676619217808,0.01982649837342461,40.0,4088.305200025016,TWNAGWDDTLYLSTASSG
T52V_S55G_H57Y_I58D_V99T_S103P_L108G,inf,,0.0,,0.09835283717548973,0.062733948524239,158685.7358391877,Valid (Non-binding),3967.143395979694,248.2906751286329,-270.2463532866614,184.4641994168958,0.0,0.0,40.0,9931.627005145316,VWNGGYDDTSYLPTASSG
H57W_I58D_V99T_S100L_S103P_L108G,120.3733840838389,85.5031114249438,0.2456785019899147,0.168624979703388,0.09830237109789987,0.07085269209073503,152607.9152888785,Valid,3815.197882221964,114.334309993181,152.1534219603855,103.6665376121669,0.03988087293437361,0.02719826657906512,40.0,4573.37239972724,TWNSGWDDTLYLPTASSG
T52V_S55G_H57W_I58T_V99T_S100L_S103P_L108G,19.6455681612011,3.646265785311913,1.249780284619848,0.2086701505892334,0.09822376699609522,0.07080598912038019,152485.8876309941,Valid,3812.147190774853,123.1832451140818,773.3940572683205,111.6597225053838,0.202876231835928,0.03001515964078715,40.0,4927.329804563272,VWNGGWTDTLYLPTASSG
H57W_I58D_S100K_S103P_L108G,231.0606166820098,533.6306669242354,0.2098035811616326,0.4769806115920155,0.09789284772228468,0.06222910875731272,157943.5735695842,Valid,3948.589339239605,134.8557186230947,83.63507210011721,189.0410442105787,0.02118100033067079,0.04788105483857145,40.0,5394.228744923788,TWNSGWDDVKYLPTASSG
S55H_H57W_I58D_S100K_S103P_L108G,358.6310059926217,1302.394136630279,0.1361995042637096,0.4889276473242262,0.09765227689865198,0.06204287532447773,157555.4286083821,Valid,3938.885715209553,106.634977111327,54.16047655861166,193.9776060680897,0.01375020258888884,0.04924822948021839,40.0,4265.39908445308,TWNHGWDDVKYLPTASSG
T52V_S55G_H57Y_I58D_S103P_L108G,inf,,0.0,,0.09762594651317807,0.04151647255898002,210036.702408988,Valid (Non-binding),4200.734048179759,463.2788368731498,-192.1432887359224,58.04482713588393,0.0,0.0,50.0,23163.94184365749,VWNGGYDDVSYLPTASSG
T52V_S55G_I58T_S100L_S103P_L108G,inf,,0.0,,0.09735883228970527,0.06183063082135807,157081.975324918,Valid (Non-binding),3927.049383122949,78.16446547938163,-224.2612084561338,64.68450659526012,0.0,0.0,40.0,3126.578619175265,VWNGGHTDVLYLPTASSG
T52V_S55A_H57Y_I58T_S103P_L108G,39.89991761606294,3.97549336571,1.087095687111404,0.3559985158032395,0.09722202035334498,0.04018010060697179,209167.6781213042,Valid,5229.191953032605,240.6643264207272,582.3164307056395,44.04641281384379,0.1113587789348471,0.009859841852152376,40.0,9626.57305682909,VWNAGYTDVSYLPTASSG
S55A_H57W_I58H_S100L_L108G,467.8237051992695,579.2415270478273,0.1032319366718477,0.1305871673463531,0.09714497563983981,0.04029369374372409,209001.9207776816,Valid,4180.038415553631,242.2192830828449,44.20292774652626,54.09101143917037,0.01057476591173188,0.01295481484436865,50.0,12110.96415414224,TWNAGWHDVLYLSTASSG
T52V_S55G_S100K_S103P_L108G,inf,,0.0,,0.09710940962863318,0.06167404278736843,156679.5485150378,Valid (Non-binding),3916.988712875946,80.26649546979677,-250.4260570698943,186.0376151300703,0.0,0.0,40.0,3210.659818791871,VWNGGHIDVKYLPTASSG
T52V_S55A_H57W_I58T_V99T_S100T_L108G,113.2459734782627,21.06504362472492,0.2604870532592474,0.05059407269738575,0.09677808999957575,0.06970159079754688,150241.5699186553,Valid,3756.039247966382,40.63446884372063,158.8231352612129,28.24148136852427,0.04228473793164006,0.007532855648178178,40.0,1625.378753748825,VWNAGWTDTTYLSTASSG
S55H_H57W_I58T_V99T_S100T_L108G,inf,,0.0,,0.09667632428771333,0.06988773877189719,150083.5853963924,Valid (Non-binding),3001.671707927847,189.6008183680598,-46.58379098990372,80.42575002618172,0.0,0.0,50.0,9480.04091840299,TWNHGWTDTTYLSTASSG
T52V_S55A_I58T_S100A_L108G,inf,,0.0,,0.09665387882902886,0.06997430595296437,150048.7403095518,Valid (Non-binding),3000.974806191036,223.1361662753139,-167.8174621748676,152.4772879798352,0.0,0.0,50.0,11156.8083137657,VWNAGHTDVAYLSTASSG
T52V_S55A_H57Y_V99T_L108G,129.6526697174471,65.25526127474767,0.3624919349501388,0.2095746296807769,0.09660532176084581,0.04040010116989355,207840.8859786917,Valid,4156.817719573834,327.4490557117879,154.3533347053731,73.807751375256,0.03713257234700147,0.0179951553533371,50.0,16372.45278558939,VWNAGYIDTSYLSTASSG
T52V_S55A_H57W_I58T_V99T_S100A_L108G,123.2188192915522,42.05162051926971,0.2402263985997659,0.08095008548899614,0.09655943466890951,0.06954126439428063,149902.1220110708,Valid,3747.553050276769,32.36362622239908,146.1389627116805,47.91222845942821,0.03899583561622635,0.01278937125007058,40.0,1294.545048895963,VWNAGWTDTAYLSTASSG
T52V_S55G_I58D_V99T_L108G,36.80693506107946,8.027399993698403,1.16752176931334,0.4309875409959714,0.09627722944813294,0.04003864842811589,207135.0139240874,Valid,4142.700278481748,270.4730896431696,495.4561094264996,89.4646662517789,0.1195973824126322,0.02296403755556054,50.0,13523.65448215848,VWNGGHDDTSYLSTASSG
S55H_H57Y_I58H_V99T_S100L_S103P_L108G,78.00533268320605,36.00533832756981,0.3710791125755665,0.1635050680355289,0.09612992003606192,0.06925601061275041,149235.3290133753,Valid,3730.883225334383,77.85251040808346,224.7375623186454,97.37185951739878,0.06023709367062893,0.02612912770024136,40.0,3114.100416323338,TWNHGYHDTLYLPTASSG
T52V_I58D_V99T_S100T_S103P_L108G,inf,,0.0,,0.09611009431901939,0.04017245812144064,206775.432146604,Valid (Non-binding),5169.385803665099,401.3066664484777,-179.9731832808729,138.3906217968662,0.0,0.0,40.0,16052.26665793911,VWNSGHDDTTYLPTASSG
T52V_S55H_I58T_V99T_S100L_L108G,369.3177032925765,596.6365339485047,0.1303986062180121,0.2118733388190519,0.09610062491673228,0.03948485831541707,206755.0592631523,Valid,5168.876481578808,59.00797450028772,69.04397569380626,110.0484999991228,0.01335763699130166,0.02129114964675679,40.0,2360.318980011509,VWNHGHTDTLYLSTASSG
T52V_S55G_H57Y_I58D_S100A_S103P_L108G,88.90059528716365,51.89239969465568,0.3280228958818367,0.1830444393563904,0.0959796604172772,0.06916846604078256,149002.060914969,Valid,3725.051522874225,101.7674011821554,198.3507938092616,109.4808140594516,0.05324779874620781,0.02942639550844816,40.0,4070.696047286216,VWNGGYDDVAYLPTASSG
T52V_S55G_H57W_I58D_V99T_S100T_S103P_L108G,34.86971555024366,10.71290578750318,0.7725549271177464,0.2160217998747362,0.09565809385311234,0.06904789786239231,148502.8501387108,Valid,3712.57125346777,182.7390328182051,465.587878196573,122.9854989316908,0.1254084693355542,0.03369698274505405,40.0,7309.561312728203,VWNGGWDDTTYLPTASSG
T52V_S55G_H57Y_I58T_S100L_L108G,inf,,0.0,,0.0955447484869422,0.039786080669643,205559.1225636374,Valid (Non-binding),4111.182451272748,282.3292397242111,-13.86571184271088,56.3744796455746,0.0,0.0,50.0,14116.46198621056,VWNGGYTDVLYLSTASSG
T52V_S55H_H57W_I58D_V99T_S103P_L108G,182.7435905489918,373.2003711540714,0.263797888419446,0.5282482130683129,0.09546135079342967,0.06063113836596302,154020.5156240607,Valid,3850.512890601518,83.49070851187483,102.5471197003853,203.833037255128,0.02663206762680534,0.05293974347598552,40.0,3339.628340474993,VWNHGWDDTSYLPTASSG
S55H_I58H_V99T_S100T_S103P_L108G,278.4775564872626,347.5105256580937,0.1721847309427918,0.2179475377312193,0.09535786383722672,0.03925233737577395,205157.0508095695,Valid,5128.926270239236,141.1177230026215,90.46441513386071,110.8709191362457,0.01763808063663997,0.02162223616427289,40.0,5644.708920104859,TWNHGHHDTTYLPTASSG
T52V_S55G_H57W_S100K_L108G,19378.66074546054,1675119.971454044,0.002555057241326701,0.2208068034475934,0.09532003377363776,0.06082279053600476,153792.5100482554,Valid,3075.850200965109,200.0256786239377,0.793413133194008,68.5660890467596,0.0002579492112278611,0.02229175804419712,50.0,10001.28393119689,VWNGGWIDVKYLSTASSG
T52V_S55A_H57Y_V99T_S100L_S103P_L108G,504.7867107561305,1425.046168818696,0.06042045534187822,0.1689626757424366,0.09523518651638856,0.06881750067241615,147846.3145302918,Valid,3696.157863257296,220.4799889187754,36.25200289916393,101.3149484774966,0.009808023423332975,0.02741712545306205,40.0,8819.199556751017,VWNAGYIDTLYLPTASSG
T52V_S55H_H57W_S100K_S103P_L108G,inf,,0.0,,0.0952349302377509,0.06047357940558562,153655.2011753998,Valid (Non-binding),3841.380029384994,65.05022273598044,-58.24752471247939,184.8454313228683,0.0,0.0,40.0,2602.008909439218,VWNHGWIDVKYLPTASSG
T52V_S55A_I58T_V99T_S100A_S103P_L108G,240.3702751949032,614.4342600295903,0.1989259161620456,0.5020651463884377,0.09514383113385923,0.03917237134923695,204696.5715535049,Valid,5117.414288837622,147.2035093581333,104.2794259568063,261.1099667391185,0.02037736639463923,0.05102717528476762,40.0,5888.140374325331,VWNAGHTDTAYLPTASSG
T52V_S55A_I58T_V99T_S100L_L108G,54.10110449790629,19.96542768243086,0.8258814654438231,0.3816274578637831,0.09506646432188634,0.03924130209418561,204530.1212332461,Valid,5113.253030831153,210.9190328733909,432.5852345967828,145.0416454848751,0.08460078779368886,0.0285796843379029,40.0,8436.761314935637,VWNAGHTDTLYLSTASSG
T52V_S55A_H57Y_V99T_S100T_S103P_L108G,505.9446351234672,1212.568752369189,0.09552993306267824,0.2287025847011129,0.0950242367435299,0.03913163658648453,204439.2709867135,Valid,5110.981774667837,153.4265251851126,50.01502534059091,118.6856670983483,0.009785796065344292,0.0232235543935724,40.0,6137.061007404504,VWNAGYIDTTYLPTASSG
T52V_S55G_H57Y_I58D_S100T_S103P_L108G,134.4101856797734,112.988476426517,0.2209418561558711,0.1798823078628441,0.09463427278573083,0.06845978080290088,146913.4357942051,Valid,3672.835894855127,252.5256560898686,131.7276738764149,106.3771358292698,0.03586538512677295,0.02906799960250168,40.0,10101.02624359474,VWNGGYDDVTYLPTASSG
T52V_S55G_H57Y_I58D_V99T_S100L_S103P_L108G,45.41330988138462,13.72248659842051,0.6109804189329257,0.1728993419667766,0.09449144254994633,0.06822478678274746,146691.7013204599,Valid,3667.292533011499,191.0201732955106,363.7226499946264,97.17560667406784,0.09918015721967656,0.02699680662663268,40.0,7640.806931820424,VWNGGYDDTLYLPTASSG
T52V_S55H_H57W_I58H_V99T_S103P_L108G,inf,,0.0,,0.09436839307683254,0.06024494683582203,152257.1013242793,Valid (Non-binding),3806.427533106982,258.9089860865002,-196.3899782982271,188.2351011899351,0.0,0.0,40.0,10356.35944346001,VWNHGWHDTSYLPTASSG
T52V_S55G_H57Y_V99T_S100A_L108G,192.28898113677,161.1547028187297,0.2474061476258608,0.2166236481493949,0.09432182166069362,0.03874413855803392,202928.0646630816,Valid,5073.201616577039,33.80798682699483,128.572857626044,105.0207213568681,0.02534353399358764,0.02070176279273099,40.0,1352.319473079793,VWNGGYIDTAYLSTASSG
T52V_S55A_H57Y_I58H_S103P_L108G,28.97995795133023,1.302925594269821,1.436449887960163,0.4562208816404763,0.09400557990905078,0.03868699900081728,202247.6884203771,Valid,5056.192210509427,131.9350828372204,743.9962429840925,20.90316376353033,0.1471455617208691,0.005642141132838707,40.0,5277.403313488816,VWNAGYHDVSYLPTASSG
S55H_V99T_S100A_S103P_L108G,406.2677925053035,1251.258266211895,0.1186830276563656,0.363019793119717,0.09386851601192814,0.03860508657883962,201952.8031977577,Valid,5048.820079943943,107.9689545122162,61.38117513637826,186.7440312628606,0.01215752872244554,0.03698857189375545,40.0,4318.758180488648,TWNHGHIDTAYLPTASSG
T52V_S55A_V99T_S100T_L108G,inf,,0.0,,0.09385873441366988,0.0677402127684592,145709.4638770996,Valid (Non-binding),2914.189277541992,139.3434768170998,-49.52623300596133,62.91631909659076,0.0,0.0,50.0,6967.17384085499,VWNAGHIDTTYLSTASSG
T52V_H57W_I58H_V99T_S100A_L108G,163.9648173725796,122.9916235073949,0.2888797061488173,0.2291561342005044,0.09356541649013074,0.03844111637588646,201300.7017192694,Valid,5032.517542981735,53.22916298637814,148.9220543435581,108.3907986670323,0.02959195930697596,0.02154036073618946,40.0,2129.166519455126,VWNSGWHDTAYLSTASSG
T52V_S55A_H57Y_I58H_V99T_L108G,31.78187257925783,1.747970153128247,1.327026150909043,0.4231108871122571,0.09351079331008239,0.03842436151390971,201183.1830367652,Valid,5029.579575919131,63.98637703529673,683.7035777720885,31.30547006317555,0.1359365265927113,0.0064600569395148,40.0,2559.455081411869,VWNAGYHDTSYLSTASSG
I58D_S100L_S103P_L108G,inf,,0.0,,0.09349129177629607,0.05937993105862484,150841.9569392445,Valid (Non-binding),3771.048923481112,81.82931887490778,-9.079509691932344,71.91395432426101,0.0,0.0,40.0,3273.172754996312,TWNSGHDDVLYLPTASSG
T52V_S55G_H57W_I58H_V99T_S100L_S103P_L108G,15.99762722958972,2.396726759184616,1.466905991535959,0.2022915133178675,0.09341209604374416,0.06728468072828385,145016.0874126143,Valid,3625.402185315357,55.02541465912549,863.2885386703274,97.66308821806682,0.2381221432940781,0.02717991449924706,40.0,2201.01658636502,VWNGGWHDTLYLPTASSG
S55H_H57W_I58T_S100K_S103P_L108G,inf,,0.0,,0.09337908469018259,0.05932539477136123,150660.9182977814,Valid (Non-binding),3766.522957444535,99.54529494511065,-35.46117283185322,184.5560436642314,0.0,0.0,40.0,3981.811797804426,TWNHGWTDVKYLPTASSG
T52V_H57Y_I58H_S100L_L108G,451.5846380562417,1180.180560872404,0.1069035239553262,0.2783723250847017,0.09327566607318008,0.03891855186899382,200677.3200848621,Valid,4013.546401697241,295.1345418827726,43.95183353938046,113.5607736168936,0.01095087215655316,0.02830582846322336,50.0,14756.72709413863,VWNSGYHDVLYLSTASSG
S55A_H57Y_I58T_S100T_L108G,133.2630377559692,192.0949281202851,0.2227749779770334,0.3099908569353418,0.09311100442499579,0.06711448552446381,144548.6626319609,Valid,2890.973252639218,89.23957614326342,104.5461353793526,145.2146956844029,0.03616295490935817,0.05024278604518335,50.0,4461.978807163171,TWNAGYTDVTYLSTASSG
T52V_S55A_I58D_V99T_L108G,89.44957817875517,36.26015880797971,0.5167890395412953,0.2567294910287235,0.09302426181190276,0.03851009986646645,200136.4380356096,Valid,4002.728760712193,207.7916501008056,211.8976515245326,80.60252248759255,0.05293829889358537,0.02032355423835521,50.0,10389.58250504028,VWNAGHDDTSYLSTASSG
S55A_H57W_I58H_V99T_S100T_S103P_L108G,80.61448053821651,35.94894842198239,0.5701197564387648,0.2993600233622405,0.0930056520474817,0.03827372739722484,200096.4001799861,Valid,5002.410004499651,129.0284769546319,292.1474248895711,122.439089378815,0.05840133548165493,0.02452233061284236,40.0,5161.139078185277,TWNAGWHDTTYLPTASSG
T52V_S55A_H57W_I58D_V99T_S100K_L108G,76.67952326703855,9.574582351173543,0.3771024114626978,0.05296867230224046,0.09286973704623276,0.06698957291266448,144174.1110185154,Valid,3604.352775462885,149.206503197378,220.6399248731541,24.19726474948014,0.06121485287877201,0.007175686470237963,40.0,5968.26012789512,VWNAGWDDTKYLSTASSG
T52V_S55A_I58T_V99T_S100L_S103P_L108G,38.92493145760375,16.14178734791,0.7012314912967673,0.2633445063238512,0.09276449897076379,0.06682897634852282,144010.7358819143,Valid,3600.268397047857,71.77704724806594,409.8206050159497,150.3814500823615,0.1138305703408095,0.04183111502191279,40.0,2871.081889922638,VWNAGHTDTLYLPTASSG
T52V_S55H_V99T_S100A_L108G,100.7023917360992,45.5780649793677,0.4617729645507135,0.2466612528334552,0.09271910801028709,0.03812253106261421,199479.9168902779,Valid,4986.997922256948,95.93012494891194,235.8980643838072,101.6161780849157,0.04730261934359251,0.02039652861894757,40.0,3837.204997956478,VWNHGHIDTAYLSTASSG
T52V_S55H_H57W_I58D_S100K_S103P_L108G,224.7328943437193,520.2334011819446,0.2155823740113127,0.4909647664673402,0.09263199674451487,0.05890188525978692,149455.5417799354,Valid,3736.388544498384,139.8093138232944,81.32027751559417,184.1257815636295,0.02176440606942058,0.04928580657352075,40.0,5592.372552931775,VWNHGWDDVKYLPTASSG
S55G_H57W_I58D_S100L_S103P_L108G,inf,,0.0,,0.09246323234539214,0.0587682359880716,149183.2516902203,Valid (Non-binding),3729.581292255507,120.1579399880743,-209.7194579755273,62.16496117520322,0.0,0.0,40.0,4806.317599522972,TWNGGWDDVLYLPTASSG
H57W_I58D_V99T_S100A_L108G,inf,,0.0,,0.09210586673574747,0.03809275573109427,198160.562971717,Valid (Non-binding),4954.014074292924,240.7233558129097,-136.9961165885293,101.6290596591302,0.0,0.0,40.0,9628.934232516387,TWNSGWDDTAYLSTASSG
T52V_S55G_S100A_L108G,inf,,0.0,,0.09202581195456537,0.0672624238145152,142863.9732521428,Valid (Non-binding),2857.279465042855,357.1705042086884,-13.62571304019184,142.7544734833106,0.0,0.0,50.0,17858.52521043442,VWNGGHIDVAYLSTASSG
T52V_S55A_H57Y_I58T_S100K_L108G,32.74814828361727,2.141806261656684,1.293056984553152,0.4142241053234766,0.0919228387226867,0.03790883732656007,197766.7885532885,Valid,4944.169713832212,184.2462376987764,654.8890394152113,28.02014355539521,0.1324568284100443,0.007515517379986097,40.0,7369.849507951057,VWNAGYTDVKYLSTASSG
T52V_S55A_I58T_S100K_S103P_L108G,inf,,0.0,,0.09176370910206982,0.0583535292969946,148054.6176437499,Valid (Non-binding),3701.365441093747,141.0539060962591,-39.88133728491903,184.2686065572706,0.0,0.0,40.0,5642.156243850364,VWNAGHTDVKYLPTASSG
T52V_S55A_H57Y_I58T_V99T_S100T_S103P_L108G,52.65117205149304,3.842740552227633,0.8466524626504152,0.2728328061259448,0.09166671917497565,0.03772008420822236,197215.7618319604,Valid,4930.39404579901,124.8806974820624,427.6057077725382,26.36405945406077,0.0867285056327057,0.005780891068983388,40.0,4995.227899282496,VWNAGYTDTTYLPTASSG
S55H_H57W_S100K_S103P_L108G,inf,,0.0,,0.09127233787502796,0.05800833504447629,147261.8229773976,Valid (Non-binding),3681.54557443494,116.2097281582343,-338.909217772959,183.9866459520595,0.0,0.0,40.0,4648.389126329372,TWNHGWIDVKYLPTASSG
T52V_S55A_V99T_S100A_S103P_L108G,459.7822030307282,1074.301229422936,0.1050180202120441,0.2449872040464796,0.09124678249661418,0.03766247588948097,196312.2918191834,Valid,4907.807295479585,201.2854753670336,52.79685047616931,122.0158417105784,0.01075772688238976,0.02486549428998557,40.0,8051.419014681343,VWNAGHIDTAYLPTASSG
S55H_H57W_I58T_S100L_S103P_L108G,inf,,0.0,,0.09123615885728736,0.0581994351570772,147203.4505479184,Valid (Non-binding),3680.08626369796,232.3019344321183,-242.1308353555073,67.19517109390769,0.0,0.0,40.0,9292.077377284731,TWNHGWTDVLYLPTASSG
S55H_H57W_I58D_V99T_L108G,50.65767153006448,15.45681479019879,0.8769771614630612,0.3684614260917305,0.09119042217148184,0.03755988689310532,196191.0357672803,Valid,3923.820715345605,121.8751799774587,352.4959459744991,97.27823253052142,0.08983487563433483,0.02494824156685031,50.0,6093.758998872935,TWNHGWDDTSYLSTASSG
S55H_H57Y_S100L_S103P_L108G,inf,,0.0,,0.09116067854065152,0.05789950514143335,147081.6680967893,Valid (Non-binding),3677.041702419732,79.59625428715424,-228.3784397865898,62.2436995702576,0.0,0.0,40.0,3183.85017148617,TWNHGYIDVLYLPTASSG
T52V_S55A_S100K_L108G,517.9606937906062,1742.593094048627,0.09470379579031891,0.3163988322983378,0.09115823714015776,0.05791730590542903,147077.729060103,Valid,2941.554581202061,79.92631569130808,28.12405039354508,93.71095608554663,0.00956094800119338,0.03185868872605676,50.0,3996.315784565404,VWNAGHIDVKYLSTASSG
T52V_S55H_H57Y_I58T_S100L_L108G,1308.233656753959,7375.218187561588,0.03716818141314533,0.2090679491565561,0.09101862002567107,0.03897958315212079,195821.4131673292,Valid,3916.428263346585,475.2027274271292,14.91139159891463,83.72394050239943,0.003807395564593556,0.02138261753406516,50.0,23760.13637135646,VWNHGYTDVLYLSTASSG
S55H_H57W_V99T_S100A_S103P_L108G,inf,,0.0,,0.09088027392889916,0.03740510902211893,195523.7693646829,Valid (Non-binding),4888.094234117073,131.1430528662662,-3.532452555690725,122.8736806206567,0.0,0.0,40.0,5245.722114650648,TWNHGWIDTAYLPTASSG
T52V_S55H_I58H_V99T_S100K_S103P_L108G,146.9722166381042,87.50530549675146,0.3258909019472134,0.2035230027733747,0.09075133743358359,0.05763876046967074,146421.2235519268,Valid,3660.530588798169,78.33775706132965,120.4342040201695,69.2978663737662,0.03290075061487485,0.01894418793984482,40.0,3133.510282453186,VWNHGHHDTKYLPTASSG
T52V_S55H_H57W_V99T_S103P_L108G,inf,,0.0,,0.09074918467112394,0.05768636041423661,146417.7502134364,Valid (Non-binding),3660.443755335911,123.7909603630652,-199.2606434933232,185.8495058852243,0.0,0.0,40.0,4951.638414522607,VWNHGWIDTSYLPTASSG
S55H_H57W_S100L_L108G,209.5784917142309,156.9886407457329,0.2274715718343464,0.1812165627901858,0.09073331912081592,0.03763786015410264,195207.6044065405,Valid,3904.152088130811,227.3346717913912,90.97258669639268,66.34568546673506,0.02330149662277824,0.01704770246508652,50.0,11366.73358956956,TWNHGWIDVLYLSTASSG
S55A_H57Y_S100A_L108G,inf,,0.0,,0.09063676614413917,0.06560560827780118,140707.5717024916,Valid (Non-binding),2814.151434049832,205.43133836031,-222.321157600074,164.976306841719,0.0,0.0,50.0,10271.5669180155,TWNAGYIDVAYLSTASSG
T52V_S55A_H57W_I58T_L108G,64.70387579323034,10.70020501053442,0.4418914277090346,0.07596674661314255,0.09061406836765055,0.06527116351265558,140672.3349089847,Valid,3516.808372724616,56.77001400227196,252.2677779896258,38.51078750629741,0.07173202269027344,0.0110115447652163,40.0,2270.800560090878,VWNAGWTDVSYLSTASSG
T52V_S55G_I58D_V99T_S100L_S103P_L108G,7.777604125323056,1.318667791754557,2.410588470970102,0.3109506393400903,0.09037554139909794,0.06537842940386682,140302.0376007464,Valid,3507.55094001866,240.9472387842866,1372.538586113842,105.7095346472132,0.3913096657996192,0.04038374078827172,40.0,9637.889551371465,VWNGGHDDTLYLPTASSG
T52V_S55A_H57W_I58T_V99T_S103P_L108G,389.0118480362441,308.2474760805364,0.07817415984985919,0.06145651467213677,0.09027828153060423,0.06502072047255021,140151.0481016496,Valid,3503.776202541241,38.99243254946249,44.46282795814477,34.78110575263387,0.01268997372774451,0.009927753169355808,40.0,1559.6973019785,VWNAGWTDTSYLPTASSG
T52V_S55A_H57Y_I58T_V99T_S103P_L108G,40.43507632852949,2.88160639471509,1.07429129070111,0.345487570610237,0.09027136819579053,0.03710104542786895,194213.7431183018,Valid,4855.343577957545,74.07883408561263,534.3166524966073,32.89252971630115,0.1100471354740613,0.006979465094526809,40.0,2963.153363424505,VWNAGYTDTSYLPTASSG
S55H_H57W_I58H_S100L_L108G,218.6476348883814,142.6005587212018,0.218247364057482,0.1552399075696869,0.09018540160425886,0.03746694124214492,194028.7908587074,Valid,3880.575817174148,242.6380546097702,86.75646892288569,55.05040382336093,0.02235659680682701,0.01425484869244995,50.0,12131.90273048851,TWNHGWHDVLYLSTASSG
T52V_S55G_H57W_I58T_S100K_S103P_L108G,163.677431923661,162.901098641811,0.1826062019076965,0.1769181606215349,0.09000219372743455,0.06508622623329514,139722.4400873379,Valid,3493.061002183447,230.7355449849725,103.5426305210858,99.76264987066396,0.02964237683119855,0.02862727809575726,40.0,9229.4217993989,VWNGGWTDVKYLPTASSG
T52V_S55G_I58H_V99T_L108G,37.30079420670714,8.275194911892932,1.153891025155742,0.4281410466161243,0.08961269771612516,0.03723909419059047,192796.6508342912,Valid,3855.933016685823,243.962172986005,455.7754870799131,84.37028498928971,0.1182010903995559,0.02312337345428635,50.0,12198.10864930025,VWNGGHHDTSYLSTASSG
T52V_S55G_I58H_V99T_S100A_L108G,60.36502420206089,18.58975741441553,0.7467373780998374,0.3170639554062324,0.08961106034424368,0.03691604376436245,192793.1281212944,Valid,4819.82820303236,154.3905979655738,368.6855670804139,104.1866557384792,0.07649350797367799,0.02175468875545065,40.0,6175.623918622951,VWNGGHHDTAYLSTASSG
T52V_S55A_S100K_S103P_L108G,inf,,0.0,,0.08958223820003769,0.05691005692998934,144534.9599984591,Valid (Non-binding),3613.373999961479,92.40939446280905,-93.71747212567152,184.5296502061011,0.0,0.0,40.0,3696.375778512362,VWNAGHIDVKYLPTASSG
T52V_I58H_V99T_S100T_L108G,324.784453137701,622.0772002381394,0.09339902138522774,0.1763281324700395,0.0895264279976963,0.06503711620362151,138983.8453274115,Valid,2779.67690654823,265.7334405726616,42.14384395779234,79.3943863698882,0.01516141817004411,0.02859920313745826,50.0,13286.67202863308,VWNSGHHDTTYLSTASSG
T52V_S55G_H57W_I58D_V99T_S100A_S103P_L108G,64.27651600523473,30.47163554771901,0.4446174110256398,0.1985710395520302,0.08952595702612286,0.0644808053056784,138983.1141752614,Valid,3474.577854381536,43.24017404634785,250.7760244553137,110.2609800172324,0.0721745302495031,0.03174634217206442,40.0,1729.606961853914,VWNGGWDDTAYLPTASSG
T52V_S55G_H57W_I58D_S100K_L108G,73.2508440436451,35.53517910312572,0.3936257246496144,0.1813297895177012,0.08945036748052468,0.06449608526916052,138865.7664160717,Valid,3471.644160401793,124.122243996766,221.8279050424972,100.423526815485,0.06389707435246583,0.02901686248922977,40.0,4964.88975987064,VWNGGWDDVKYLSTASSG
S55A_I58D_S100K_S103P_L108G,inf,,0.0,,0.08920703972932974,0.05670752930997463,143929.6023176858,Valid (Non-binding),3598.240057942146,122.7901872349763,-223.8420946339365,183.8127937601102,0.0,0.0,40.0,4911.607489399052,TWNAGHDDVKYLPTASSG
T52V_S55H_I58D_V99T_S100T_S103P_L108G,inf,,0.0,,0.08920474918405943,0.03691513454857451,191918.9726402456,Valid (Non-binding),4797.97431600614,243.0993423936779,-291.1353256545963,117.6825589855435,0.0,0.0,40.0,9723.973695747116,VWNHGHDDTTYLPTASSG
T52V_S55G_H57W_I58H_V99T_S100T_S103P_L108G,62.81361463223184,21.26153520153232,0.7197744443617922,0.3200382058698383,0.08915199823829742,0.03666126856741336,191805.481963919,Valid,4795.137049097974,98.24761060246809,353.5526807635206,110.6120727827617,0.07373150697121958,0.02311696610529161,40.0,3929.904424098723,VWNGGWHDTTYLPTASSG
T52V_S55H_H57W_I58D_V99T_S100L_S103P_L108G,87.23489798126694,48.66494328119503,0.3339467583883446,0.1780820359386762,0.08913356229323824,0.0641999903074995,138373.9473618158,Valid,3459.348684045395,46.93265376133839,187.5292736133342,98.91141170338871,0.0542094164945627,0.02860195258794967,40.0,1877.306150453536,VWNHGWDDTLYLPTASSG
T52V_S55G_H57W_I58D_S103P_L108G,96.35636499817971,64.69811884333761,0.3038935462186015,0.1954026806672544,0.08897470841872569,0.0640814549003754,138127.3372510507,Valid,3453.183431276269,37.41385620369142,170.3486224736989,108.7218123333038,0.04933089303360274,0.03148905330408529,40.0,1496.554248147657,VWNGGWDDVSYLPTASSG
S55H_H57Y_V99T_L108G,79.35177288949434,43.88246919535906,0.5786541897112695,0.3520018192650622,0.08896798830133602,0.03698124072307932,191409.5949917538,Valid,3828.191899835077,245.0338475838549,226.9182833211003,117.1531584718504,0.05927557689333082,0.03083703623474985,50.0,12251.69237919275,TWNHGYIDTSYLSTASSG
T52V_S55G_H57W_I58H_V99T_S103P_L108G,452.3357619057215,2163.821743168004,0.1082932210346559,0.5130433323385861,0.08895913835759395,0.05664711188844111,143529.6300065745,Valid,3588.240750164363,181.3543667300997,39.22982903427601,185.5999920073557,0.01093288654962158,0.05172746065840567,40.0,7254.174669203989,VWNGGWHDTSYLPTASSG
S55H_H57Y_I58H_V99T_S100T_S103P_L108G,325.1153622692148,548.3161856415687,0.1478589377257565,0.2499764174058728,0.08895026078737406,0.0365819924603585,191371.4552480948,Valid,4784.286381202371,101.9235676530016,72.46385548850503,120.3513712448181,0.0151462202959292,0.02515762272456139,40.0,4076.942706120064,TWNHGYHDTTYLPTASSG
T52V_S55G_I58D_V99T_S100A_L108G,68.59525885906105,25.25687684040473,0.6632289572559852,0.3090804992526447,0.08858867939279436,0.0364180790872522,190593.5333279246,Valid,4764.838333198116,84.25517877427355,323.7191095640442,110.9483607912925,0.06793915909142019,0.02331578148395082,40.0,3370.207150970942,VWNGGHDDTAYLSTASSG
T52V_H57W_I58D_S100L_L108G,1301.376984341299,5045.001377956602,0.03736326296095195,0.144770499569723,0.08852969976815302,0.03701273314185641,190466.6420012699,Valid,3809.332840025397,297.7459195241474,14.57976099428197,56.29297509253459,0.003827379125575377,0.01478067448671882,50.0,14887.29597620737,VWNSGWDDVLYLSTASSG
T52V_I58D_S100A_L108G,inf,,0.0,,0.08847593983864105,0.0638338594283997,137353.0320906746,Valid (Non-binding),2747.060641813492,120.8817275654753,-13.46282245601287,138.8855103916736,0.0,0.0,50.0,6044.086378273765,VWNSGHDDVAYLSTASSG
T52V_I58H_V99T_S100A_L108G,inf,,0.0,,0.08845619053088039,0.03637168240671444,190308.4910348025,Valid (Non-binding),4757.712275870063,93.67744295470519,-23.27690314677284,110.9231552290573,0.0,0.0,40.0,3747.097718188207,VWNSGHHDTAYLSTASSG
T52V_S55A_H57W_I58T_V99T_S100A_S103P_L108G,326.5369606080512,193.393088006264,0.09290531328583271,0.05466862965820908,0.08832722176282704,0.063672215141781,137122.1571355512,Valid,3428.053928388781,111.023025780339,51.69942322722636,30.11093831191349,0.01508127477198866,0.008797252330107246,40.0,4440.92103121356,VWNAGWTDTAYLPTASSG
T52V_S55H_H57W_I58T_V99T_S100A_S103P_L108G,1209.33842391189,9823.8354054479,0.04019514315856069,0.3254201794816459,0.08803494746462202,0.03621793007459262,189402.2104023519,Valid,4735.055260058797,112.9954642308308,19.49644006489234,157.7229058452219,0.004117468328057114,0.03330976797363761,40.0,4519.818569233232,VWNHGWTDTAYLPTASSG
T52V_S55A_H57Y_I58T_S100A_L108G,42.50747205856388,1.800052529985458,1.027427995577395,0.3262582832188597,0.0878310408478965,0.03607684130899638,188963.5168489878,Valid,4724.087921224695,27.55982630163265,497.194200882881,18.61398989712798,0.1052466019205642,0.003987781371021888,40.0,1102.393052065306,VWNAGYTDVAYLSTASSG
S55H_H57W_I58D_V99T_S100A_L108G,276.160534323325,338.838091925008,0.1736036919603694,0.216257967470207,0.08772682981524195,0.03603533814467143,188739.312706184,Valid,4718.482817654599,32.0805099928243,83.91083103129449,101.1227748628559,0.01778343469162059,0.02143154654789623,40.0,1283.220399712972,TWNHGWDDTAYLSTASSG
H57Y_I58H_S100L_S103P_L108G,inf,,0.0,,0.08759368936589218,0.05566783093073552,141326.5692284451,Valid (Non-binding),3533.164230711127,109.4512562467941,-346.5183430941547,65.26820060625741,0.0,0.0,40.0,4378.050249871764,TWNSGYHDVLYLPTASSG
T52V_S55G_H57Y_V99T_L108G,49.93107904566967,21.97339847136892,0.8885772433397557,0.4525777204250388,0.08746355712681854,0.03619897246227055,188172.8964071795,Valid,3763.45792814359,192.2188535533263,342.5618059509311,135.9091760520863,0.09102315277373312,0.03641086322652893,50.0,9610.942677666315,VWNGGYIDTSYLSTASSG
T52V_S55A_H57W_V99T_S100L_S103P_L108G,165.9339212344902,168.1975711101167,0.180195627460448,0.1778585260770507,0.08731544192723374,0.0629104706499142,135551.4360052599,Valid,3388.785900131497,76.85066917115509,99.12561168835236,97.51287803345268,0.02925106944186292,0.02878281149208186,40.0,3074.026766846204,VWNAGWIDTLYLPTASSG
T52V_S55A_H57Y_S100L_L108G,412.0160811577551,674.6007849881934,0.1170470612465772,0.1929078741144065,0.0873063008614526,0.036307396720733,187834.5684463217,Valid,3756.691368926434,245.1264908301222,45.04252400167388,72.80533035826001,0.0119899452944802,0.01939595826896188,50.0,12256.32454150611,VWNAGYIDVLYLSTASSG
T52V_S55H_H57Y_I58T_V99T_S100L_S103P_L108G,42.3695826195957,14.02768430146245,0.6502388977854723,0.1990234765773857,0.08726668855066008,0.06285811912263976,135475.7496196813,Valid,3386.893740492033,51.3537734902311,357.4966838625842,105.7276110134908,0.1055529671889407,0.03125768940587136,40.0,2054.150939609244,VWNHGYTDTLYLPTASSG
T52V_S55G_H57W_I58D_V99T_S100L_S103P_L108G,35.15092961183967,10.31032897208457,0.7671440110826484,0.2057456218436019,0.08720925553870104,0.06280966461997708,135386.588675485,Valid,3384.664716887124,35.9576042780725,421.4926963844264,108.1421472608754,0.1245301179409207,0.03197800138915771,40.0,1438.3041711229,VWNGGWDDTLYLPTASSG
T52V_S55H_H57W_V99T_S100A_S103P_L108G,inf,,0.0,,0.08716401968088539,0.03589368386637137,187528.4585334497,Valid (Non-binding),4688.211463336243,139.9502917419244,-106.4019888236699,128.7699086467808,0.0,0.0,40.0,5598.011669676976,VWNHGWIDTAYLPTASSG
T52V_H57W_I58H_V99T_L108G,56.98820684473634,19.14335166006476,0.7874160146999648,0.3475108455790166,0.08714919790823461,0.03587124100980219,187496.5703278792,Valid,3749.931406557585,101.7840037765272,302.4713568461616,93.0484618198815,0.0806605039007443,0.02490977671152122,50.0,5089.20018882636,VWNSGWHDTSYLSTASSG
T52V_S55A_H57W_I58T_V99T_S100T_S103P_L108G,228.0808997056969,92.71262392682617,0.1321495893915623,0.05355074254112527,0.08711508653161364,0.06275276228447554,135240.3975338479,Valid,3381.009938346197,57.91669157605287,72.52867872518254,28.82297847658986,0.02145177921620058,0.008532877389542268,40.0,2316.667663042115,VWNAGWTDTTYLPTASSG
S55G_H57W_S100T_L108G,1935.32314911483,45174.34714811546,0.01587444091731594,0.3695886773567202,0.08707347791566647,0.06289456840391129,135175.8029155611,Valid,2703.516058311223,151.4817406022318,6.966664443354603,162.1964912188697,0.002576890350600098,0.05999482061209414,50.0,7574.08703011159,TWNGGWIDVTYLSTASSG
T52V_S55H_I58T_S100L_L108G,inf,,0.0,,0.08705293244916791,0.0377326612565507,187289.4606372651,Valid (Non-binding),3745.789212745302,518.9075808890979,-121.1405382016419,62.56549996161216,0.0,0.0,50.0,25945.37904445489,VWNHGHTDVLYLSTASSG
T52V_S55G_H57Y_S100K_S103P_L108G,inf,,0.0,,0.08703929611644397,0.05527098721930405,140432.0927368722,Valid (Non-binding),3510.802318421805,61.80124035910688,-377.9872130053927,218.4651168004308,0.0,0.0,40.0,2472.049614364275,VWNGGYIDVKYLPTASSG
T52V_S55G_H57W_S100K_S103P_L108G,inf,,0.0,,0.08703782219798387,0.05528051774989156,140429.7146678492,Valid (Non-binding),3510.742866696231,75.51028156437746,-169.926088151381,185.5695655250557,0.0,0.0,40.0,3020.411262575099,VWNGGWIDVKYLPTASSG
T52V_S55A_H57Y_I58D_V99T_S103P_L108G,35.53550106329248,2.440543786012971,1.204142184300774,0.3865022511074555,0.08702684613456123,0.03597381314061173,187233.3374067748,Valid,4680.83343516937,218.874226730676,577.3745620981317,21.89828847411488,0.123348666449021,0.007426522764455329,40.0,8754.969069227041,VWNAGYDDTSYLPTASSG
S55G_H57W_I58H_S100L_S103P_L108G,inf,,0.0,,0.08684456671888212,0.05515837938030496,140117.9098558386,Valid (Non-binding),3502.947746395965,76.05911336391137,-33.21666622411476,64.34573095319818,0.0,0.0,40.0,3042.364534556455,TWNGGWHDVLYLPTASSG
T52V_S55G_H57W_I58T_L108G,95.73934773401905,68.24951463742615,0.3057548602801036,0.2084917092300675,0.08684293280590206,0.06261806174044758,134817.8969140248,Valid,3370.447422850619,122.0641181628287,167.2855492249946,113.1715992167357,0.04963303924898782,0.03362569755432143,40.0,4882.564726513148,VWNGGWTDVSYLSTASSG
S55A_H57W_S100A_L108G,inf,,0.0,,0.08677243837309366,0.06278028625916127,134708.4589797185,Valid (Non-binding),2694.16917959437,187.7905253557992,-70.84542273569787,145.8934045058236,0.0,0.0,50.0,9389.52626778996,TWNAGWIDVAYLSTASSG
T52V_S55A_I58D_S100K_S103P_L108G,332.4922478716589,1211.946653856988,0.1467481492195426,0.5281712142846098,0.08667354959524307,0.0550780268215288,139841.9851455291,Valid,3496.049628638228,104.0528846898288,51.79451751389115,185.9895643142822,0.01481515510810012,0.053201748404195,40.0,4162.115387593152,VWNAGHDDVKYLPTASSG
T52V_S55H_H57W_I58H_V99T_S100A_S103P_L108G,177.1324340714867,157.0002799595016,0.2679945888875637,0.2459813018307503,0.08646791976610964,0.03556022958575082,186030.8389367276,Valid,4650.770973418191,98.17514623512538,127.6755289942694,110.0247881379391,0.02745255135632519,0.0236644190833905,40.0,3927.005849405015,VWNHGWHDTAYLPTASSG
S55A_H57Y_S100L_S103P_L108G,253.5026662788032,264.5284202292845,0.1915893691312775,0.2014547877803808,0.0861700447765331,0.05474383424980361,139029.6137391709,Valid,3475.740343479274,90.36538998660055,67.2283267618327,68.77322658453093,0.01934216026463473,0.01979303027036133,40.0,3614.615599464022,TWNAGYIDVLYLPTASSG
T52V_H57W_I58D_V99T_S100T_S103P_L108G,inf,,0.0,,0.08600409207286941,0.03535612634103642,185032.9398878207,Valid (Non-binding),4625.823497195516,82.48176211241771,-68.86516007341288,119.8267838914366,0.0,0.0,40.0,3299.270484496708,VWNSGWDDTTYLPTASSG
T52V_S55A_I58H_V99T_L108G,59.41007772397364,24.03131392953547,0.7578085373729015,0.3701676038088171,0.0859565858333725,0.03574777560537804,184930.7329003941,Valid,3698.614658007881,241.7957164911876,287.1145936089474,105.4648017644413,0.0776276038887465,0.0289627552794235,50.0,12089.78582455938,VWNAGHHDTSYLSTASSG
S55H_I58H_S100L_S103P_L108G,inf,,0.0,,0.0858323624786146,0.05453415073634657,138484.7858982673,Valid (Non-binding),3462.119647456684,94.66749174154626,-123.1451669814855,65.51606860983861,0.0,0.0,40.0,3786.69966966185,TWNHGHHDVLYLPTASSG
T52V_I58H_V99T_S100A_S103P_L108G,115.4819434852128,78.56789258578507,0.4051271533320681,0.2934455871262847,0.085756797266024,0.03537845108364058,184500.8990973566,Valid,4612.522477433914,179.1628975865421,191.4196577514549,124.6056932905644,0.04149999456651916,0.02706270351468163,40.0,7166.515903461685,VWNSGHHDTAYLPTASSG
T52V_S55G_H57Y_I58T_S100K_S103P_L108G,258.5271665271125,749.358178198267,0.1879364598488697,0.5363394452915062,0.08567942250387024,0.05459334086286716,138238.0274607021,Valid,3455.950686517552,191.4863137881059,65.57105159330877,186.420533511475,0.01897337593650173,0.05395213940717189,40.0,7659.452551524236,VWNGGYTDVKYLPTASSG
T52V_S55H_S100L_S103P_L108G,inf,,0.0,,0.08566151817969601,0.05455683523954752,138209.140029105,Valid (Non-binding),3455.228500727624,179.4303263002453,-289.5946450786837,62.40154136458646,0.0,0.0,40.0,7177.213052009812,VWNHGHIDVLYLPTASSG
T52V_S55H_H57Y_I58D_S100T_S103P_L108G,59.33413927553198,30.88253861545385,0.4787744973039288,0.2327951711092794,0.08561097978781951,0.06182048020275701,132905.3715118024,Valid,3322.634287795061,177.094913348298,258.2325904419731,123.1937994066256,0.0777192336184971,0.0373078315870088,40.0,7083.79653393192,VWNHGYDDVTYLPTASSG
H57Y_I58D_V99T_S100T_L108G,inf,,0.0,,0.08554085929505952,0.06228986066506399,132796.5140946352,Valid (Non-binding),2655.930281892704,286.7594142809537,-130.6522936294914,65.15132909186354,0.0,0.0,50.0,14337.97071404769,TWNSGYDDTTYLSTASSG
T52V_S55G_H57W_I58D_V99T_S100T_L108G,147.9450958161891,159.5691665009813,0.2013895576497684,0.2106889800355924,0.08551834222411878,0.06160990165866874,132761.5578345135,Valid,3319.038945862838,67.7891674722032,108.5042618774678,113.181900581043,0.0326914699246653,0.03410734145957868,40.0,2711.566698888128,VWNGGWDDTTYLSTASSG
S55A_H57Y_I58D_S100L_S103P_L108G,inf,,0.0,,0.08547473245367349,0.05434467642306919,137907.7737317072,Valid (Non-binding),3447.69434329268,124.7409874153511,-362.6940517877015,65.58894055719875,0.0,0.0,40.0,4989.639496614044,TWNAGYDDVLYLPTASSG
T52V_S55G_H57Y_I58D_V99T_S100T_S103P_L108G,inf,,0.0,,0.08545745905447019,0.03548544454099185,183856.8898651257,Valid (Non-binding),4596.422246628142,281.1470317674568,-53.64325923830347,114.4446997175546,0.0,0.0,40.0,11245.88127069827,VWNGGYDDTTYLPTASSG
T52V_S55H_H57W_I58T_V99T_S100A_L108G,151.1317979712466,113.1420433754079,0.312623741136116,0.2470577455927021,0.0854226019907482,0.03512727874663402,183781.8968639686,Valid,4594.547421599214,93.72683113407712,147.1368254673321,106.5815152218417,0.03202422610236516,0.02320658844526299,40.0,3749.073245363084,VWNHGWTDTAYLSTASSG
T52V_S55G_H57Y_I58D_S100L_L108G,inf,,0.0,,0.08537791824405794,0.0354633977516006,183685.7623101813,Valid (Non-binding),3673.715246203626,227.8940940935366,-170.1202055749854,66.79674751596444,0.0,0.0,50.0,11394.70470467683,VWNGGYDDVLYLSTASSG
T52V_S55H_H57W_I58D_V99T_L108G,650.2655225687639,1724.533474350735,0.07448966123035593,0.1974442335890209,0.0853268320601804,0.03594223826010087,183575.8532748937,Valid,3671.517065497875,343.4604379985114,28.01549096543977,73.68481939695285,0.007630494551886479,0.02008200161209951,50.0,17173.02189992557,VWNHGWDDTSYLSTASSG
S55H_H57W_I58D_V99T_S100T_S103P_L108G,83.27800607190682,42.0123048083014,0.5529180932374118,0.3156435497493374,0.08529821397143568,0.03508292727767626,183514.2830755372,Valid,4587.85707688843,100.6932770374485,259.8527810625556,123.5347197005108,0.05663924937234369,0.02695513315973675,40.0,4027.73108149794,TWNHGWDDTTYLPTASSG
T52V_S55G_H57Y_V99T_S100A_S103P_L108G,inf,,0.0,,0.08518283950328763,0.0350964763368936,183266.0614326491,Valid (Non-binding),4581.651535816228,149.9611238611496,-88.18020302519017,125.1953928314318,0.0,0.0,40.0,5998.444954445984,VWNGGYIDTAYLPTASSG
T52V_H57W_I58H_V99T_S100T_S103P_L108G,inf,,0.0,,0.08513108157067459,0.03501300621862422,183154.7071679498,Valid (Non-binding),4578.867679198745,99.29955802941406,-3.660188786479011,111.2074391689438,0.0,0.0,40.0,3971.982321176562,VWNSGWHDTTYLPTASSG
T52V_S55H_I58T_V99T_S100L_S103P_L108G,35.77162482847118,12.63380881102968,0.7554652364409766,0.2412842868025651,0.08496558333007921,0.06122456421853844,131903.4362903978,Valid,3297.585907259945,83.14244135709086,404.3971660601092,124.8941072781658,0.122634308076642,0.0380004085790393,40.0,3325.697654283635,VWNHGHTDTLYLPTASSG
T52V_H57W_I58H_S100K_S103P_L108G,inf,,0.0,,0.08477800585974503,0.05384001937440518,136783.6518923037,Valid (Non-binding),3419.591297307592,67.0495717195294,-30.33185624873022,190.8881722755916,0.0,0.0,40.0,2681.982868781176,VWNSGWHDVKYLPTASSG
T52V_S55A_H57Y_I58D_S100K_L108G,19.57609550011123,3.861144739347703,1.986096888004787,0.6996163414315182,0.08472663732349624,0.03583916920070646,182284.5682446446,Valid,4557.114206116115,461.2203521647986,927.1436559349895,111.4126045818991,0.2034497302460991,0.03196394055589016,40.0,18448.81408659194,VWNAGYDDVKYLSTASSG
T52V_S55G_I58D_V99T_S100L_L108G,35.3174617488927,7.472444541243876,1.210654259340122,0.4427626282229603,0.08470126053507106,0.03481815051694881,182229.9715196046,Valid,4555.749287990114,78.22003531773751,564.9846357348174,104.2640531749389,0.1240157436284372,0.02298509693582253,40.0,3128.8014127095,VWNGGHDDTLYLSTASSG
T52V_S55A_H57W_I58T_S100A_S103P_L108G,inf,,0.0,,0.08444559950198217,0.06092054234525597,131096.1958637067,Valid (Non-binding),3277.404896592667,140.6782207183479,-17.2952055112255,27.72372170886165,0.0,0.0,40.0,5627.128828733916,VWNAGWTDVAYLPTASSG
T52V_S55G_H57Y_I58H_S100L_L108G,inf,,0.0,,0.0844089085186454,0.03517836330919754,181600.9926910677,Valid (Non-binding),3632.019853821353,256.9808760296062,-130.6089110052562,61.11087906604057,0.0,0.0,50.0,12849.04380148031,VWNGGYHDVLYLSTASSG
T52V_H57Y_I58D_V99T_S100A_S103P_L108G,inf,,0.0,,0.08435928473938976,0.03491025742454604,181494.2299366137,Valid (Non-binding),4537.355748415342,230.0245884502762,-181.8083604595422,112.8470349954844,0.0,0.0,40.0,9200.983538011049,VWNSGYDDTAYLPTASSG
T52V_S55A_H57Y_V99T_S100A_S103P_L108G,inf,,0.0,,0.08421994903280046,0.03467193983049837,181194.4570444154,Valid (Non-binding),4529.861426110386,128.0668761757323,-28.63274689133414,110.5055157966291,0.0,0.0,40.0,5122.675047029292,VWNAGYIDTAYLPTASSG
T52V_S55A_H57Y_I58D_V99T_L108G,33.92064980585722,2.467321145354866,1.254103079870311,0.4033071464483349,0.0839107557352028,0.03468700414644328,180529.2451519438,Valid,4513.231128798594,211.6413034623827,579.7990464331087,24.73337036857904,0.1284665087798083,0.008143957903154966,40.0,8465.652138495308,VWNAGYDDTSYLSTASSG
T52V_S55G_S100T_L108G,155.0711843072871,291.4356363313379,0.1924240476161802,0.3506556214497112,0.08390090293063884,0.06064399048801045,130250.5905411766,Valid,2605.011810823533,161.5551809834834,81.37041723333277,148.062112722917,0.03123610299778596,0.05687040795672142,50.0,8077.75904917417,VWNGGHIDVTYLSTASSG
T52V_H57Y_I58H_V99T_S100T_L108G,232.2873398544071,339.1114030023739,0.1298069471806745,0.1857811158565998,0.08376109357718668,0.06078565676291187,130033.5457870174,Valid,2600.670915740347,233.2436756873581,54.8000352091276,78.16130020713155,0.02107149923408413,0.03011364058873958,50.0,11662.1837843679,VWNSGYHDTTYLSTASSG
S55H_I58D_S100L_S103P_L108G,inf,,0.0,,0.08355653280725979,0.05316019532560267,134812.8866789371,Valid (Non-binding),3370.322166973428,144.708452944844,-396.2705075510898,62.81216923505669,0.0,0.0,40.0,5788.33811779376,TWNHGHDDVLYLPTASSG
S55A_I58D_S100L_S103P_L108G,inf,,0.0,,0.08339339065689289,0.05328164604373567,134549.6677121963,Valid (Non-binding),3363.741692804908,244.598427710655,-2.092782857082511,61.4980247161723,0.0,0.0,40.0,9783.9371084262,TWNAGHDDVLYLPTASSG
T52V_S55H_V99T_S103P_L108G,199.8919891208186,465.4958192516762,0.2417193710872946,0.5522660931763564,0.08322378649983699,0.0528584479151328,134276.022729126,Valid,3356.900568228151,72.61328429668141,81.91878517633722,186.1035355636321,0.02440310146558074,0.05544160978545584,40.0,2904.531371867256,VWNHGHIDTSYLPTASSG
T52V_S55G_H57Y_S100L_L108G,134.0379448837999,72.20998922480959,0.3510588913902062,0.2132897563438121,0.0831268420019976,0.03459174029292923,178842.6990914319,Valid,3576.853981828638,239.4641438264449,128.6286986195737,66.2465369797687,0.03596140610520905,0.01867671986619469,50.0,11973.20719132225,VWNGGYIDVLYLSTASSG
T52V_S55A_H57Y_I58H_S100K_S103P_L108G,30.26023193613615,1.182934949935108,1.38429341249047,0.4389038906507163,0.08311488552245762,0.03420702299942296,178816.9754019345,Valid,4470.424385048362,118.3126868567741,633.9187435217755,13.06987121978375,0.1418028108566068,0.004757299987848555,40.0,4732.507474270964,VWNAGYHDVKYLPTASSG
T52V_S55A_H57Y_I58H_V99T_S100A_L108G,34.59144117280618,1.890740878645521,1.232855014775401,0.3931282769949792,0.08304666714496134,0.03411222145765268,178670.2074210363,Valid,4466.755185525908,28.15127671790957,564.1061619896209,26.70400326894467,0.1262899215559323,0.006031139816419392,40.0,1126.051068716383,VWNAGYHDTAYLSTASSG
S55A_H57W_I58D_S100L_L108G,286.7130067245384,282.9162654874104,0.1673237245748546,0.1706373766219207,0.08302725171434369,0.03446064034027605,178628.4362201575,Valid,3572.568724403151,213.8925375935075,61.23430635673867,59.27448943055307,0.01714013391497983,0.01662326521408513,50.0,10694.62687967538,TWNAGWDDVLYLSTASSG
T52V_H57Y_S100L_S103P_L108G,inf,,0.0,,0.08291937219874411,0.05270749086061779,133784.870579822,Valid (Non-binding),3344.621764495549,111.8081470295481,-78.0845546336136,69.05085973923225,0.0,0.0,40.0,4472.325881181924,VWNSGYIDVLYLPTASSG
T52V_H57W_I58H_S100L_L108G,476.7383040345869,702.3906611716535,0.1013216229294795,0.1511446811239131,0.0828568848839728,0.03443260821484701,178261.9016201971,Valid,3565.238032403941,225.833517166102,37.00388782192385,53.90197439355424,0.01037907917664986,0.01513304676872162,50.0,11291.6758583051,VWNSGWHDVLYLSTASSG
S55H_H57W_I58H_V99T_S100L_S103P_L108G,41.85451350377875,14.25849201453425,0.6573869385846823,0.206419422214189,0.08267867841418401,0.06002264657291319,128353.1679928907,Valid,3208.829199822267,294.7699466612603,342.4247697677492,99.34358985076435,0.1067133052101108,0.03247437005316913,40.0,11790.79786645041,TWNHGWHDTLYLPTASSG
T52V_S55H_V99T_S100T_S103P_L108G,inf,,0.0,,0.08242142878922777,0.0342077710933433,177325.0424608157,Valid (Non-binding),4433.126061520393,264.8843747528294,-9.313371073269991,118.3404414132353,0.0,0.0,40.0,10595.37499011318,VWNHGHIDTTYLPTASSG
S55G_H57W_I58H_S100K_S103P_L108G,747.7787490096705,6363.551639223265,0.06579139330947405,0.5563894868856076,0.08234639505198033,0.0523894216072695,132860.410210763,Valid,3321.510255269075,142.096564224431,22.06166326851508,186.4940207703073,0.006642057851098781,0.05614807562219377,40.0,5683.86256897724,TWNGGWHDVKYLPTASSG
S55A_H57Y_I58H_S100L_S103P_L108G,inf,,0.0,,0.08225573083477129,0.05266506752150357,132714.1295498764,Valid (Non-binding),3317.853238746911,277.6481417228998,-438.8353040201187,109.1846539900266,0.0,0.0,40.0,11105.92566891599,TWNAGYHDVLYLPTASSG
T52V_H57Y_S100L_L108G,835.8557907033475,2719.611503250389,0.05804860635050279,0.1886386902100617,0.0822556132390865,0.03411964643490554,176968.2996828586,Valid,3539.365993657172,205.6319021416935,21.04621287496047,68.05957465079041,0.005946322847842517,0.01923241559115155,50.0,10281.59510708467,VWNSGYIDVLYLSTASSG
S55H_I58H_V99T_S100A_L108G,inf,,0.0,,0.08217912269369498,0.03396552623456221,176803.7346005899,Valid (Non-binding),4420.093365014748,204.5746897250041,-16.13282845306139,100.8377060140184,0.0,0.0,40.0,8182.987589000164,TWNHGHHDTAYLSTASSG
H57W_I58D_V99T_S100A_S103P_L108G,405.2569719126024,849.5797496626433,0.1189754474239076,0.249219118904757,0.08217728568640084,0.03381778299149016,176799.7823832938,Valid,4419.994559582344,114.1345131366458,53.86860994679137,111.5450197395495,0.01218748331488479,0.02523842306787961,40.0,4565.380525465832,TWNSGWDDTAYLPTASSG
T52V_S55G_H57W_I58D_V99T_S100L_L108G,75.93163843451252,45.83745529704426,0.3805871941669322,0.2175569826884179,0.08212869640175978,0.05932632097433926,127499.3573734209,Valid,3187.483934335523,180.315784893843,196.9244658820753,110.9748714050322,0.0617805359772353,0.03499079730574609,40.0,7212.63139575372,VWNGGWDDTLYLSTASSG
T52V_S55G_H57W_V99T_S100L_S103P_L108G,82.61979471486842,48.42963336731186,0.3515363770408033,0.1961980926648147,0.08196501683048546,0.05907067168301788,127245.255688298,Valid,3181.131392207451,88.89586978980229,181.5304066027238,100.2080392110844,0.05706473082105427,0.03154109183731097,40.0,3555.834791592092,VWNGGWIDTLYLPTASSG
T52V_S55A_H57W_I58H_V99T_S100K_L108G,57.10155421462742,10.52136083867687,0.4959867040472357,0.09238221298577622,0.0818423983238165,0.05895914125873274,127054.8985842975,Valid,3176.372464607437,61.35252949300267,255.7401746846517,43.04547529376273,0.08051328285149904,0.01364071015452215,40.0,2454.101179720107,VWNAGWHDTKYLSTASSG
T52V_S55H_H57Y_I58H_V99T_S100K_S103P_L108G,inf,,0.0,,0.08160677307741827,0.05191269818701719,131667.0795387988,Valid (Non-binding),3291.67698846997,137.0693969582686,-305.1769284103143,69.78467928483822,0.0,0.0,40.0,5482.775878330744,VWNHGYHDTKYLPTASSG
T52V_S55H_H57W_I58D_V99T_S100K_L108G,1190.837872616615,12226.33685451552,0.02575729193433794,0.2633520444808101,0.08160222309244679,0.05896550046474425,126682.0424572886,Valid,2533.640849145771,150.8554242691966,10.59358006283037,108.3077271468644,0.004181168797622618,0.04274858602150405,50.0,7542.77121345983,VWNHGWDDTKYLSTASSG
H57W_I58H_S100L_S103P_L108G,2800.413815738598,30666.26522263705,0.01765385287306356,0.1930232818053087,0.0815641550148797,0.05181967473772988,131598.3181404681,Valid,3289.957953511703,87.44821372187363,5.863587637329601,64.09528641719976,0.001782268260015544,0.01948215655490919,40.0,3497.928548874945,TWNSGWHDVLYLPTASSG
S55H_H57W_I58D_V99T_S100L_S103P_L108G,67.03543753622004,33.83992621239371,0.4275887846955393,0.2035747316906374,0.08145475355163292,0.05868332430815388,126453.1057699954,Valid,3161.327644249886,65.85591637926886,219.4286418167685,102.9791002979118,0.06941028153658338,0.03260671255586445,40.0,2634.236655170755,TWNHGWDDTLYLPTASSG
H57Y_I58D_S100K_S103P_L108G,inf,,0.0,,0.08129846180260475,0.05165136757556942,131169.6398825944,Valid (Non-binding),3279.24099706486,87.63846824133093,-317.5662580399521,184.4687449539619,0.0,0.0,40.0,3505.538729653237,TWNSGYDDVKYLPTASSG
T52V_S55A_H57Y_I58H_V99T_S100T_L108G,32.69097877995261,1.35459502080935,1.295018287454002,0.4109374718214326,0.0809804817615636,0.03334261708628012,174224.9264276691,Valid,4355.623160691728,126.4728937898207,577.8071174697689,12.23694358261487,0.1326577383195854,0.004767653099396799,40.0,5058.915751592828,VWNAGYHDTTYLSTASSG
T52V_S55H_I58T_V99T_S100T_S103P_L108G,inf,,0.0,,0.08083863336184484,0.03325926552308441,173919.7476183154,Valid (Non-binding),4347.993690457885,105.5313614868735,-76.92691606345488,119.932873518413,0.0,0.0,40.0,4221.25445947494,VWNHGHTDTTYLPTASSG
T52V_S55A_I58D_V99T_S100A_L108G,inf,,0.0,,0.08083616624333813,0.03324513952655014,173914.4397523832,Valid (Non-binding),4347.860993809579,92.81037114837217,-30.27134717051422,103.5616455726779,0.0,0.0,40.0,3712.414845934887,VWNAGHDDTAYLSTASSG
T52V_S55H_H57W_I58T_S100K_S103P_L108G,inf,,0.0,,0.0807180144923772,0.05144739184109432,130233.1269035638,Valid (Non-binding),3255.828172589094,187.3921350666209,-120.7142989169779,199.2891992942244,0.0,0.0,40.0,7495.685402664836,VWNHGWTDVKYLPTASSG
T52V_S55G_H57W_I58D_S100K_S103P_L108G,400.4713331898758,1243.861404808393,0.07596479126848629,0.2331107656577856,0.08041134103677904,0.05797558376692227,124833.2770018816,Valid,3120.831925047041,109.1072159404347,38.48400206859515,118.0494211487772,0.01233132798973628,0.03782872351492152,40.0,4364.288637617388,VWNGGWDDVKYLPTASSG
T52V_S55A_I58H_V99T_S100A_S103P_L108G,364.0754945876981,739.5571483000264,0.1322507386912984,0.2682655221514925,0.08031610662012871,0.03310751130054481,172795.5608865048,Valid,4319.88902216262,151.9654040584278,58.52310821920673,117.2511140302756,0.01354736381396875,0.02714634240464593,40.0,6078.616162337112,VWNAGHHDTAYLPTASSG
T52V_S55H_S100A_L108G,182.6852129835755,395.054546135317,0.164112796642212,0.3456708654434829,0.08029772958346874,0.0585759390121694,124656.9027512,Valid,2493.138055023999,290.1752309271583,66.41807352298383,139.588077085667,0.02664035125898573,0.05607469927012857,50.0,14508.76154635791,VWNHGHIDVAYLSTASSG
T52V_S55G_S100L_L108G,101.0771735099353,44.16236935537408,0.4601414722603609,0.2403006201099223,0.08018022537196212,0.0334999222365891,172503.2200662263,Valid,3450.064401324526,264.5450114795145,162.6204906846142,66.54443574042696,0.04713549423082711,0.01962359136364927,50.0,13227.25057397573,VWNGGHIDVLYLSTASSG
S55H_I58D_V99T_S100A_L108G,8687.245125020609,362249.0993277765,0.005615408457773289,0.2340287044954537,0.08009743482137731,0.0330075516647431,172325.100879099,Valid,4308.127521977475,145.2317349350943,2.478144288393651,103.2765677758005,0.0005752253794140608,0.02397250337584422,40.0,5809.269397403772,TWNHGHDDTAYLSTASSG
T52V_S55H_H57W_V99T_S100T_S103P_L108G,inf,,0.0,,0.08008763225181677,0.03294522691860471,172304.0112051018,Valid (Non-binding),4307.600280127545,99.83536997466962,-255.7395161150462,119.8536767722348,0.0,0.0,40.0,3993.414798986785,VWNHGWIDTTYLPTASSG
T52V_S55A_H57Y_I58D_S103P_L108G,34.86364075581057,3.204665199776573,1.224436751551969,0.3983921089214884,0.08008502156698005,0.03298692416664747,172298.3944643304,Valid,4307.459861608259,134.626922258923,540.2742674702131,40.01615011312602,0.1254275802510887,0.010083208505341,40.0,5385.076890356921,VWNAGYDDVSYLPTASSG
T52V_S55H_H57Y_I58H_S100T_S103P_L108G,47.76732405139612,18.79134481541536,0.583723843208775,0.2127256473609354,0.08007026842249367,0.05780425677529522,124303.7843757436,Valid,3107.594609393591,157.4258289732803,294.4620241085895,103.7965444339331,0.09475561040635545,0.03374409031253263,40.0,6297.033158931212,VWNHGYHDVTYLPTASSG
T52V_I58D_V99T_S100L_L108G,6133.329332905285,203854.3653477151,0.007951757578470825,0.2640903497737068,0.079598926202646,0.03274355061577002,171252.5877804767,Valid,4281.314694511918,98.61341469878941,3.487361513467022,115.8155026429007,0.0008145538840995174,0.02705139396716458,40.0,3944.536587951577,VWNSGHDDTLYLSTASSG
S55H_H57W_S100L_S103P_L108G,inf,,0.0,,0.0794983357823586,0.05069975730406447,128265.2567419602,Valid (Non-binding),3206.631418549006,197.4079212491625,-323.3602964565148,62.55155795870532,0.0,0.0,40.0,7896.316849966501,TWNHGWIDVLYLPTASSG
S55H_I58H_V99T_L108G,140.9394468358161,102.9359595908765,0.3344572550490195,0.2583986075901686,0.07944326563670326,0.03284615853191132,170917.6928766786,Valid,3418.353857533572,162.5304224157455,117.1154863077995,82.41756200924748,0.03426078492420948,0.02416527435846516,50.0,8126.521120787275,TWNHGHHDTSYLSTASSG
S55H_H57Y_V99T_S100L_L108G,inf,,0.0,,0.0794007743958082,0.03264629115889637,170826.2753751063,Valid (Non-binding),4270.656884377658,81.858751167323,-11.07391410646642,127.0948215963754,0.0,0.0,40.0,3274.35004669292,TWNHGYIDTLYLSTASSG
S55H_V99T_S100T_S103P_L108G,inf,,0.0,,0.07924299629456706,0.03303558096010437,170486.824713877,Valid (Non-binding),4262.170617846924,304.7721103771,-72.78548748513731,115.4527450011493,0.0,0.0,40.0,12190.884415084,TWNHGHIDTTYLPTASSG
T52V_S55H_I58D_S103P_L108G,inf,,0.0,,0.07923792496249892,0.03454467056237089,170475.914029756,Valid (Non-binding),3409.51828059512,498.5187931343255,-55.47362579662877,89.64355797850624,0.0,0.0,50.0,24925.93965671628,VWNHGHDDVSYLPTASSG
T52V_H57Y_I58H_V99T_L108G,178.0413436109891,144.867535751963,0.2666638357715213,0.2271797341675378,0.07923269530878427,0.0327735798697349,170464.6627255669,Valid,3409.293254511339,167.432056201927,93.12904907857819,73.56467670114071,0.02731623305074898,0.02161935271027346,50.0,8371.60281009635,VWNSGYHDTSYLSTASSG
S55A_H57W_I58T_S100T_L108G,inf,,0.0,,0.07921621987731214,0.05710100806200859,122977.9306188098,Valid (Non-binding),2459.558612376197,77.28366530942826,-36.3220353426932,144.5918102763922,0.0,0.0,50.0,3864.183265471413,TWNAGWTDVTYLSTASSG
T52V_H57Y_I58D_S100K_S103P_L108G,253.8044908862118,792.7192965033464,0.1913659325675467,0.5879784441903324,0.07913658132672828,0.05036347604350764,127681.5900818681,Valid,3192.039752046703,145.9328683998076,61.66894054110799,188.8711949483913,0.01931960292836782,0.05917602893851352,40.0,5837.314735992304,VWNSGYDDVKYLPTASSG
T52V_S55A_I58H_S100K_S103P_L108G,4525.787874250486,236434.0977361908,0.01093107073773611,0.5704318247091885,0.07907322886240746,0.05030313293472872,127579.3751106819,Valid,3189.484377767048,134.1041182435477,3.519790008150267,183.6762452289547,0.001103560824027131,0.05758808731892463,40.0,5364.164729741908,VWNAGHHDVKYLPTASSG
T52V_H57W_I58H_S100A_S103P_L108G,inf,,0.0,,0.07906977956741441,0.05695900011401788,122750.5917442928,Valid (Non-binding),3068.764793607321,55.14884816230203,-290.4688710575256,106.5944030549307,0.0,0.0,40.0,2205.953926492081,VWNSGWHDVAYLPTASSG
T52V_S55G_S100L_S103P_L108G,inf,,0.0,,0.07905893141055938,0.05022803044898816,127556.3071267549,Valid (Non-binding),3188.907678168873,84.74749582689351,-259.5282047006044,62.48723761083551,0.0,0.0,40.0,3389.89983307574,VWNGGHIDVLYLPTASSG
S55H_H57Y_V99T_S100A_L108G,88.31292859014626,67.46922077603814,0.5230840734456781,0.4126042678203624,0.07879321465745422,0.03259354298698216,169519.1449603132,Valid,4237.978624007831,208.9198680130553,227.084214804901,163.8094889267378,0.05358314303863779,0.03874289406805358,40.0,8356.794720522212,TWNHGYIDTAYLSTASSG
T52V_S55G_H57Y_I58D_S100L_S103P_L108G,inf,,0.0,,0.078757661845324,0.05011513769533017,127070.2287987853,Valid (Non-binding),3176.755719969633,141.1398891222065,-281.2976622386309,79.81170637981826,0.0,0.0,40.0,5645.595564888261,VWNGGYDDVLYLPTASSG
S55H_H57Y_I58H_S100K_S103P_L108G,60.54314704106623,51.51107617402284,0.7556299168863253,0.6213321586606639,0.0787572897226364,0.05014368389973473,127069.6284036752,Valid,3176.740710091881,156.8927109883367,242.3396536102764,190.0809472801267,0.07628562596890925,0.0599537078652239,40.0,6275.708439533468,TWNHGYHDVKYLPTASSG
T52V_S55A_H57Y_I58D_S100A_L108G,38.26246993313125,2.55562359765488,1.128241334059832,0.3619017826812583,0.07872141136564156,0.03236468344015855,169364.6642390185,Valid,4234.116605975461,78.48153846537959,489.3521581777386,27.44737190705682,0.115573613982934,0.006827225898511345,40.0,3139.261538615183,VWNAGYDDVAYLSTASSG
T52V_S55G_H57W_I58D_S100A_L108G,22.32934277359686,17.18833227134686,1.127050344616463,0.7141852638275792,0.07863987408703704,0.05702876258109991,122083.1919817142,Valid,3052.079799542855,260.7339993433201,558.388802984955,347.9344931829327,0.1829535397693701,0.1150655636992887,40.0,10429.3599737328,VWNGGWDDVAYLSTASSG
T52V_S55A_S100A_L108G,97.84673192227505,148.2023466537117,0.299489780719543,0.4321872668297324,0.0784431198399845,0.05730501091669844,121777.7440547561,Valid,2435.554881095122,299.0122106121307,118.4070137948456,170.004367829549,0.0486160319005438,0.07005579932376833,50.0,14950.61053060653,VWNAGHIDVAYLSTASSG
S55A_H57W_I58H_S100L_S103P_L108G,inf,,0.0,,0.07840835610345391,0.04981163450498036,126506.6473071543,Valid (Non-binding),3162.666182678857,81.03593542185574,-25.70198164784279,75.12618008489902,0.0,0.0,40.0,3241.43741687423,TWNAGWHDVLYLPTASSG
T52V_H57W_S100L_S103P_L108G,115.734336936809,61.30949277508876,0.4102094234967358,0.2307181185936485,0.07832439751005339,0.04989401344866985,126371.1857225534,Valid,3159.279643063835,168.9875642939883,130.8360042063828,66.06955957828094,0.041413239405265,0.02102984756887357,40.0,6759.502571759532,VWNSGWIDVLYLPTASSG
S55A_H57Y_S100T_L108G,inf,,0.0,,0.07831659550783139,0.05653119550238271,121581.3234155838,Valid (Non-binding),2431.626468311675,120.0220520326617,-31.8119759411984,147.5300415367903,0.0,0.0,50.0,6001.102601633085,TWNAGYIDVTYLSTASSG
S55H_H57Y_V99T_S100T_L108G,inf,,0.0,,0.07830282121484768,0.0565896718069242,121559.9397387371,Valid (Non-binding),2431.198794774741,147.853697599483,-180.4471332504745,63.43562052949768,0.0,0.0,50.0,7392.684879974151,TWNHGYIDTTYLSTASSG
T52V_S55A_I58T_S100L_S103P_L108G,517.7786443939669,1219.45762783804,0.09473677488972927,0.2221715954209719,0.07818058095218958,0.04967450779137155,126139.1473089613,Valid,3153.478682724033,88.05172123528386,30.16074505472307,70.34930738012264,0.00956427745015535,0.02231007562459241,40.0,3522.068849411355,VWNAGHTDVLYLPTASSG
T52V_S55G_H57Y_I58T_S100A_L108G,685.8628214815786,7195.050274534143,0.04458416958241987,0.4643384874364605,0.07817554395031238,0.05639792006921575,121362.3502219485,Valid,2427.24700443897,104.5542021108742,17.56677974965896,182.9491737331405,0.007237326781136277,0.07537376223522307,50.0,5227.71010554371,VWNGGYTDVAYLSTASSG
S55A_I58H_S100L_S103P_L108G,241.9686123727904,271.7515097480238,0.2005370734170494,0.2259261062517333,0.0780379248907966,0.04993206238432159,125908.9812789395,Valid,3147.724531973488,253.1823757928585,63.72721824306382,69.93454636245092,0.02024548768348213,0.02227708934634416,40.0,10127.29503171434,TWNAGHHDVLYLPTASSG
T52V_S55A_I58H_V99T_S100L_S103P_L108G,19.73005256197015,4.959376755036927,1.245510704594715,0.2677277456716388,0.07800570111564685,0.05641308337692541,121098.6804789344,Valid,3027.46701197336,200.9439059457926,612.1028259820596,115.8331308992884,0.2021831529662414,0.04054590771969518,40.0,8037.756237831704,VWNAGHHDTLYLPTASSG
T52V_S55A_S100L_S103P_L108G,inf,,0.0,,0.07800109945501535,0.04958872110218491,125849.5658971126,Valid (Non-binding),3146.239147427814,110.7929294452145,-274.089963359675,68.49854501215388,0.0,0.0,40.0,4431.717177808579,VWNAGHIDVLYLPTASSG
T52V_S55G_H57W_I58T_S100T_S103P_L108G,69.31035254810051,38.97932812353396,0.4144987089273486,0.2197778154310751,0.07786053308562899,0.05609065875996852,120873.3167345995,Valid,3021.832918364988,58.43592319905172,203.3251636377972,106.5812560329142,0.06728537583997518,0.03529439240762609,40.0,2337.436927962069,VWNGGWTDVTYLPTASSG
H57W_I58D_S100L_S103P_L108G,184.8799965293511,141.9705649150266,0.2608298064901925,0.2049642151313358,0.07777601488155589,0.04940660514529566,125486.40696656,Valid,3137.160174163999,76.99840358349933,82.60902231686805,61.73229980255074,0.02633242095739724,0.01968837553841063,40.0,3079.936143339973,TWNSGWDDVLYLPTASSG
T52V_S55A_I58T_S100K_L108G,40.47926882776569,10.1592547447491,1.088987664658157,0.3584941265452605,0.07744137781669468,0.0495969576346777,124946.4924058664,Valid,2498.929848117328,212.6267433828811,274.7328521904137,56.74397153745531,0.1099402019618098,0.02455867359365509,50.0,10631.33716914406,VWNAGHTDVKYLSTASSG
S55H_H57Y_I58D_V99T_S100A_S103P_L108G,inf,,0.0,,0.07718596955782975,0.03193263670827323,166061.2480308063,Valid (Non-binding),4151.531200770157,206.431424658673,-121.1849786375142,114.0331340141212,0.0,0.0,40.0,8257.25698634692,TWNHGYDDTAYLPTASSG
S55H_S100L_S103P_L108G,inf,,0.0,,0.07705938367182918,0.04902558057545067,124330.1703585819,Valid (Non-binding),3108.254258964547,132.8515115389102,-403.9900500578374,62.37579229723631,0.0,0.0,40.0,5314.060461556408,TWNHGHIDVLYLPTASSG
S55H_H57W_V99T_S100A_L108G,481.2392140458909,1211.761892944867,0.1003837316738355,0.2521613888386906,0.07699689828431436,0.03169940847222447,165654.4718793036,Valid,4141.361796982589,117.9241897904534,42.58564177211474,106.1212008308411,0.01028300444630141,0.02562638424270458,40.0,4716.967591618136,TWNHGWIDTAYLSTASSG
T52V_S55H_H57W_I58D_V99T_S100A_S103P_L108G,225.1381269660824,378.6337958236992,0.2120922223342551,0.3552931102025603,0.07695702323968305,0.03171626283467254,165568.6829760263,Valid,4139.217074400657,141.3998871884076,89.92897285139315,147.9233715850602,0.02172608279173532,0.03574474731441207,40.0,5655.995487536304,VWNHGWDDTAYLPTASSG
T52V_I58D_S100L_S103P_L108G,inf,,0.0,,0.0769524061011921,0.04889982331715401,124157.5691911692,Valid (Non-binding),3103.939229779231,91.73012665179797,-77.34128307490437,61.53174979612013,0.0,0.0,40.0,3669.205066071919,VWNSGHDDVLYLPTASSG
T52V_S55H_H57W_S100L_S103P_L108G,inf,,0.0,,0.07690986318757541,0.04896864694898208,124088.9290406064,Valid (Non-binding),3102.22322601516,153.8321372130677,-91.11058878175072,83.52642211502439,0.0,0.0,40.0,6153.285488522708,VWNHGWIDVLYLPTASSG
T52V_S55H_H57Y_V99T_S103P_L108G,inf,,0.0,,0.0768815544100642,0.04924084608774104,124043.2547182474,Valid (Non-binding),3101.081367956185,264.5972149323021,-220.7380644164305,187.5164023922098,0.0,0.0,40.0,10583.88859729208,VWNHGYIDTSYLPTASSG
T52V_S55A_H57W_I58D_V99T_S100K_S103P_L108G,11.00185506524528,1.701939027418832,1.924873401585932,0.2531850627340624,0.07685015775958139,0.05538950986320508,119304.7760122818,Valid,2982.619400307045,88.23272563500993,931.9605096239902,95.21104189152302,0.3124637724572065,0.03323328994239243,40.0,3529.309025400397,VWNAGWDDTKYLPTASSG
T52V_S55G_H57W_I58H_S100L_L108G,341.0688463242815,458.9137742369763,0.141042764497622,0.1922470519980129,0.07681120388541246,0.03216691252819628,165254.960882543,Valid,3305.09921765086,270.3723416336504,47.75204778984698,63.20226546757031,0.01444799222208746,0.01915914336470402,50.0,13518.61708168252,VWNGGWHDVLYLSTASSG
S55H_H57Y_I58D_V99T_S100T_S103P_L108G,inf,,0.0,,0.07654672923827147,0.03148545241066166,164685.9586373379,Valid (Non-binding),4117.148965933447,92.3437968383378,-266.562641112364,121.74467727267,0.0,0.0,40.0,3693.751873533512,TWNHGYDDTTYLPTASSG
T52V_S55A_I58T_V99T_S100A_L108G,inf,,0.0,,0.07653675971219484,0.03201569063638545,164664.509765839,Valid (Non-binding),4116.612744145975,326.6185094469432,-82.23397190452715,103.0270251646038,0.0,0.0,40.0,13064.74037787773,VWNAGHTDTAYLSTASSG
T52V_H57W_S100L_L108G,402.4824386780176,633.2711812969357,0.1197855469561676,0.1899516672291159,0.07649681187026819,0.0318604701914433,164578.5642432981,Valid,3291.571284865961,227.6554935927076,40.38911830832149,62.70680899421104,0.01227046744939817,0.01906961547092845,50.0,11382.77467963538,VWNSGWIDVLYLSTASSG
T52V_I58H_S100L_L108G,1144.003838843781,7749.126057106559,0.04248071689751393,0.2868118681424318,0.07645333001340278,0.03220994874793283,164485.0154874927,Valid,3289.700309749854,308.8059292344088,14.31544525151548,96.53705246233356,0.004351595556922941,0.02934808516747298,50.0,15440.29646172044,VWNSGHHDVLYLSTASSG
T52V_S55G_H57Y_V99T_S100L_S103P_L108G,51.37919751506602,22.37113209210568,0.5463281945950503,0.2208660897576177,0.07631299471174424,0.05497782770683842,118470.8659856456,Valid,2961.771649641141,60.11622682420237,262.6652896974701,104.0885167253873,0.08868519277281069,0.0351900745235728,40.0,2404.649072968095,VWNGGYIDTLYLPTASSG
S55A_H57W_I58D_S100L_S103P_L108G,inf,,0.0,,0.07627008222237845,0.04861492168623163,123056.6851709452,Valid (Non-binding),3076.41712927363,178.1866300782357,-49.4469348537682,61.57031393843839,0.0,0.0,40.0,7127.465203129428,TWNAGWDDVLYLPTASSG
T52V_S55H_I58T_S100L_S103P_L108G,inf,,0.0,,0.07618880311923701,0.04840147376796414,122925.5467649698,Valid (Non-binding),3073.138669124246,78.62938340244816,-217.9623111628903,63.99694423231396,0.0,0.0,40.0,3145.175336097926,VWNHGHTDVLYLPTASSG
T52V_H57W_S100K_L108G,513.4386407396645,1221.337771125603,0.0955298445356022,0.2262316660671142,0.0761571881406296,0.04868087183531516,122874.5381078947,Valid,2457.490762157893,184.9907554041455,23.70088347052751,55.80603054146842,0.009644342853893803,0.0227201432909023,50.0,9249.537770207275,VWNSGWIDVKYLSTASSG
T52V_S55A_H57W_I58H_V99T_S100K_S103P_L108G,3.147296363463807,0.1651737753761174,3.780584848889498,0.3024427787535322,0.07613748214828023,0.0548410539290177,118198.3943644822,Valid,2954.959859112056,43.48040781247897,1813.460396729548,25.29108271216409,0.6137005181770827,0.01244182450415885,40.0,1739.216312499159,VWNAGWHDTKYLPTASSG
T52V_S55A_H57W_S100K_S103P_L108G,175.9275880175074,397.8622632159207,0.273735825994191,0.6055772992625063,0.07607596198794668,0.04837022202134532,122743.4851339486,Valid,3068.587128348716,111.9185874268034,84.80152645520775,186.4540761772442,0.02763536536791823,0.06077054986780065,40.0,4476.743497072136,VWNAGWIDVKYLPTASSG
T52V_S55G_H57W_I58D_L108G,68.16844499384078,35.45143418484755,0.4209676069201225,0.2065516863045237,0.07606966406704865,0.05478815766779903,118093.1112886006,Valid,2952.327782215016,34.91545844045307,201.7487034515725,97.72177022806659,0.06833546893638225,0.03310976992462775,40.0,1396.618337618123,VWNGGWDDVSYLSTASSG
T52V_S55H_H57Y_S100L_L108G,inf,,0.0,,0.0760261599556186,0.03161757010344884,163565.9832679922,Valid (Non-binding),3271.319665359843,213.7731300058848,-215.6270641595875,60.57114056495102,0.0,0.0,50.0,10688.65650029424,VWNHGYIDVLYLSTASSG
T52V_S55G_H57Y_I58H_V99T_L108G,312.4077077309851,570.0718757244721,0.1537785806809963,0.2804131999080078,0.07597983404269355,0.0313259176621813,163466.3156864282,Valid,3269.326313728564,117.938046540843,51.50042412485209,92.47734048581981,0.01575261053281569,0.02829206731680979,50.0,5896.90232704215,VWNGGYHDTSYLSTASSG
S55H_H57Y_I58D_S100L_L108G,inf,,0.0,,0.07594966839655704,0.03155690611436198,163401.4160048697,Valid (Non-binding),3268.028320097394,205.5089292933907,-52.69244703381992,74.61400749464907,0.0,0.0,50.0,10275.44646466954,TWNHGYDDVLYLSTASSG
T52V_S55H_H57W_V99T_S100A_L108G,inf,,0.0,,0.07581626960347233,0.03117730196156013,163114.4160462975,Valid (Non-binding),4077.860401157438,83.52889215017673,-50.31257084562503,99.80770566502996,0.0,0.0,40.0,3341.155686007069,VWNHGWIDTAYLSTASSG
S55H_H57W_V99T_S100L_S103P_L108G,147.9131212389514,207.3638705890076,0.2014316687904852,0.2736037849419689,0.07573056560482143,0.05477566953691373,117566.6834026789,Valid,2939.167085066973,198.4148629112629,96.10578416204226,130.1664553114594,0.03269830580586145,0.04434182755978742,40.0,7936.594516450516,TWNHGWIDTLYLPTASSG
T52V_S55A_H57W_I58T_V99T_S100L_S103P_L108G,58.42185556403793,8.663288674761615,0.4856613688955067,0.0762469609815762,0.07572145397328592,0.05476138238968451,117552.5381986723,Valid,2938.813454966807,195.164416082416,231.6877540739442,27.65616398252043,0.07883717616794467,0.0107689882197836,40.0,7806.57664329664,VWNAGWTDTLYLPTASSG
T52V_S55A_I58D_V99T_S100A_S103P_L108G,338.7754307300271,749.8169522912177,0.1419836975796305,0.3129027160526233,0.07562895793938865,0.03115199627684881,162711.4255949674,Valid,4067.785639874185,127.5036760918147,59.16341419798391,129.0294356730324,0.01454437854788578,0.03172309775770409,40.0,5100.147043672588,VWNAGHDDTAYLPTASSG
T52V_S55H_H57W_I58D_V99T_S100T_S103P_L108G,234.4184259816352,314.3978581326244,0.203871137285914,0.275326085618019,0.07562583693129381,0.03124070139608815,162704.7109225689,Valid,4067.617773064222,180.2739462033878,84.94788478344253,111.4877356445122,0.0208839398200017,0.02742422986810047,40.0,7210.957848135512,VWNHGWDDTTYLPTASSG
T52V_S55H_H57Y_I58H_V99T_S100L_S103P_L108G,66.90595414892475,36.79909133799122,0.4283587577091397,0.2217120691213451,0.07557100171507476,0.05445047075722726,117318.9710403253,Valid,2932.974276008132,68.73117192464153,203.9451607813753,104.2629155181649,0.06953527088514085,0.03558585397830401,40.0,2749.246876985661,VWNHGYHDTLYLPTASSG
T52V_S55A_H57Y_V99T_S100A_L108G,inf,,0.0,,0.07554947353105461,0.03107918924997588,162540.4193859044,Valid (Non-binding),4063.510484647609,94.93958349171308,-100.174462665444,100.4167839953206,0.0,0.0,40.0,3797.583339668523,VWNAGYIDTAYLSTASSG
S55H_I58H_V99T_S100L_L108G,268.7256465106268,431.2608377028756,0.1783190848731246,0.2865156403203353,0.07547798287527939,0.03101297575529271,162386.6112833621,Valid,4059.665282084053,48.87264553308424,74.15573465320949,116.8305968016902,0.01826646521339346,0.02877922178728937,40.0,1954.90582132337,TWNHGHHDTLYLSTASSG
T52V_S55G_H57Y_I58H_V99T_S103P_L108G,inf,,0.0,,0.07543595275425051,0.04824824604099714,121710.8729683053,Valid (Non-binding),3042.771824207632,238.5802403668489,-322.2659908944197,233.805111774862,0.0,0.0,40.0,9543.209614673957,VWNGGYHDTSYLPTASSG
T52V_H57W_I58D_V99T_S100A_L108G,inf,,0.0,,0.07527947553738652,0.03094624079351839,161959.5339730348,Valid (Non-binding),4048.98834932587,70.92639147457692,-18.87835499431139,106.6040121997663,0.0,0.0,40.0,2837.055658983077,VWNSGWDDTAYLSTASSG
T52V_S55G_H57Y_S100L_S103P_L108G,inf,,0.0,,0.07520052949886953,0.04783570589083528,121331.0332647782,Valid (Non-binding),3033.275831619454,125.2111951230006,-269.3041361559413,62.68412683524384,0.0,0.0,40.0,5008.447804920024,VWNGGYIDVLYLPTASSG
S55A_I58D_S100T_L108G,inf,,0.0,,0.07479713569912858,0.05389078845357385,116117.5953452381,Valid (Non-binding),2322.351906904762,52.38294534707434,-98.27737768180486,145.7073468897624,0.0,0.0,50.0,2619.147267353717,TWNAGHDDVTYLSTASSG
T52V_S55A_H57W_I58D_V99T_S103P_L108G,117.8977492731863,41.35723509574063,0.2506274148491994,0.08654190414352454,0.07476843562405136,0.05387478107112195,116073.0403810266,Valid,2901.826009525666,71.00854502884485,118.0585497572974,39.62358483281358,0.04068422757593083,0.01369095182374906,40.0,2840.341801153794,VWNAGWDDTSYLPTASSG
T52V_S55H_H57W_I58D_S100L_L108G,697.2154107522774,2170.221450102993,0.0695093073217933,0.2159358885198714,0.07462952542224996,0.0311239737669344,160561.2030601028,Valid,3211.224061202055,232.5401208838493,22.86495007110352,70.64553236005004,0.007120322230814533,0.02200560654230669,50.0,11627.00604419247,VWNHGWDDVLYLSTASSG
T52V_S55H_H57W_V99T_S100L_S103P_L108G,53.94034181622703,24.42612157809772,0.5225885063096752,0.2203153252300551,0.07446876624318456,0.05370188800089191,115607.8235304133,Valid,2890.195588260332,109.3679226316669,245.17974439916,101.1831912805456,0.08483154060405257,0.03515598078668497,40.0,4374.716905266676,VWNHGWIDTLYLPTASSG
T52V_S55G_I58D_V99T_S100T_L108G,95.67172352312816,69.43353384664526,0.3059602449743246,0.2123457297379669,0.07440230524006734,0.05395653675384694,115504.6472283521,Valid,2310.092944567042,197.5612235447667,114.7339522818602,78.52159326635712,0.04966637924750844,0.03425502319655768,50.0,9878.061177238334,VWNGGHDDTTYLSTASSG
S55G_H57Y_S100T_L108G,109.3351592722554,209.5957684332464,0.2693969675397835,0.4942902556612835,0.07425437318013252,0.05371955818504531,115274.9925107812,Valid,2305.499850215623,159.454909362354,100.8219984513144,184.6922592618371,0.04373108002669569,0.0801664980479479,50.0,7972.7454681177,TWNGGYIDVTYLSTASSG
T52V_S55G_H57Y_I58H_V99T_S100T_S103P_L108G,79.48708804050216,62.80650249495134,0.5777274128406481,0.4665033172349948,0.07411198378229664,0.0304776664080087,159447.7414927882,Valid,3986.193537319704,82.94104792730337,235.9054874402091,175.3000851679472,0.05918064068681189,0.0439940485955347,40.0,3317.641917092135,VWNGGYHDTTYLPTASSG
S55H_H57W_I58H_S100K_L108G,inf,,0.0,,0.07405102121018373,0.0472636304538494,119476.37839277,Valid (Non-binding),2389.527567855399,159.2688446030757,-5.043164178613551,66.55171281642309,0.0,0.0,50.0,7963.442230153785,TWNHGWHDVKYLSTASSG
T52V_H57Y_V99T_S100L_L108G,inf,,0.0,,0.07397047069649076,0.03040699509491778,159143.2840923534,Valid (Non-binding),3978.582102308835,68.24694057494268,-26.64747040729026,104.9279508578342,0.0,0.0,40.0,2729.877622997707,VWNSGYIDTLYLSTASSG
T52V_S55A_H57Y_I58D_S100A_S103P_L108G,39.09026435287488,2.512740203632446,1.107058610522863,0.354689899418223,0.07371983244074194,0.03034029558505044,158604.0500606719,Valid,3965.101251516797,104.8805016544598,449.6572326922615,22.69902084193283,0.1134037201497064,0.006462970704394741,40.0,4195.220066178392,VWNAGYDDVAYLPTASSG
T52V_S55A_H57Y_V99T_S100T_L108G,inf,,0.0,,0.0736790124621114,0.05324741087628209,114381.7831330656,Valid (Non-binding),2287.635662661313,138.8935002147196,-83.29358003040215,74.94567046943114,0.0,0.0,50.0,6944.67501073598,VWNAGYIDTTYLSTASSG
S55A_H57W_S100T_L108G,43.82066722562978,115.6689784560338,0.6309120079979905,1.495593361959374,0.07364206419422606,0.05311770502855297,114324.4233962399,Valid,2286.488467924799,93.34304017909852,234.1721854555526,554.7330225022102,0.102415642475593,0.2426495461096683,50.0,4667.152008954926,TWNAGWIDVTYLSTASSG
T52V_S55G_H57W_I58D_S100A_S103P_L108G,100.0571481473244,101.6176905951899,0.2931884763131962,0.2844959958123178,0.07355022314485,0.05307852407144006,114181.8462546442,Valid,2854.546156366105,133.8149392227039,135.8568268178715,131.2546030044404,0.04759314419032551,0.04603499605759981,40.0,5352.597568908157,VWNGGWDDVAYLPTASSG
T52V_S55A_H57W_S100L_L108G,1895.550294698723,18367.24409849321,0.02568230208283799,0.2483302166231673,0.0734655068899502,0.03059213992336553,158056.883022251,Valid,3161.137660445021,217.123843544379,8.316374655441905,80.36884150003517,0.002630816987030909,0.02542466669471592,50.0,10856.19217721895,VWNAGWIDVLYLSTASSG
T52V_S55G_H57W_I58T_V99T_S100T_S103P_L108G,36.29993893804165,14.02393637537197,0.7458012283585306,0.2597401310981645,0.07322383876897899,0.05278707058658034,113675.1561450544,Valid,2841.878903626359,94.08247338767185,344.053644714797,116.2713638665407,0.1210655542978168,0.04110939808576457,40.0,3763.298935506874,VWNGGWTDTTYLPTASSG
T52V_S55G_H57W_V99T_S100A_S103P_L108G,315.1220309399761,586.1419857845433,0.15247468800806,0.2832890180983742,0.07310451745806454,0.03021940243225448,157280.234676337,Valid,3932.005866908424,184.1379227929625,61.41417157955129,112.4122836068665,0.01561904372941304,0.02859839818188073,40.0,7365.516911718501,VWNGGWIDTAYLPTASSG
T52V_S55H_H57Y_I58D_V99T_S100T_S103P_L108G,inf,,0.0,,0.0728959555357899,0.02998835733319937,156831.525496378,Valid (Non-binding),3920.78813740945,92.32188915809994,-161.2457019933981,115.006644403521,0.0,0.0,40.0,3692.875566323997,VWNHGYDDTTYLPTASSG
S55H_S100K_L108G,121.1873734308848,72.2473130491625,0.3924827136388221,0.2439319391840282,0.07281459304260039,0.04628918705842849,117481.4840997342,Valid,2349.629681994684,81.42285349187065,93.10082372392117,53.20621545192001,0.03962361577118169,0.02268610317282062,50.0,4071.142674593533,TWNHGHIDVKYLSTASSG
T52V_S55A_I58H_V99T_S100A_L108G,inf,,0.0,,0.0727831078076943,0.02990948744780231,156588.7399918057,Valid (Non-binding),3914.718499795144,53.65681206388484,-93.225076970994,110.8317852033344,0.0,0.0,40.0,2146.272482555394,VWNAGHHDTAYLSTASSG
T52V_S55G_H57Y_I58T_S100L_S103P_L108G,inf,,0.0,,0.0727230888206739,0.04620501772385452,117333.8481473225,Valid (Non-binding),2933.346203683062,80.14264017054667,-377.2952674352641,64.59261108927636,0.0,0.0,40.0,3205.705606821867,VWNGGYTDVLYLPTASSG
S55H_H57Y_I58D_V99T_L108G,107.6265804994408,64.8886284343316,0.4333835456570727,0.2846304755155062,0.07272225987029499,0.03049367205102911,156457.8290959199,Valid,3129.156581918399,264.4622695040471,138.9173216501026,79.1699456480487,0.04439449353631779,0.02557742393344494,50.0,13223.11347520235,TWNHGYDDTSYLSTASSG
T52V_S55H_I58D_V99T_S100A_S103P_L108G,inf,,0.0,,0.07255581476697515,0.02984408934218309,156099.7318699053,Valid (Non-binding),3902.493296747633,87.71943245780555,-191.3753291964867,125.0237910381578,0.0,0.0,40.0,3508.777298312222,VWNHGHDDTAYLPTASSG
T52V_S55G_I58H_S100L_S103P_L108G,inf,,0.0,,0.07254073072131395,0.04608581011810361,117039.6255299156,Valid (Non-binding),2925.990638247889,76.73966716932189,-353.5375993546372,61.47868694941559,0.0,0.0,40.0,3069.586686772876,VWNGGHHDVLYLPTASSG
T52V_S55A_H57W_I58T_S100K_L108G,68.57813221777447,6.682668519772677,0.4186236353480438,0.04995118015984184,0.07251221621359906,0.05223637065773216,112570.4092967721,Valid,2814.260232419303,52.41064886602076,191.2429785584754,17.00040813614455,0.06795497315970378,0.006171950091805218,40.0,2096.42595464083,VWNAGWTDVKYLSTASSG
T52V_S55G_H57W_V99T_S100T_S103P_L108G,238.0655679890835,458.2048377762763,0.2008120985456547,0.3838103667479424,0.0724989551717577,0.02987100573455033,155977.4016666517,Valid,3899.435041666292,127.9430064825482,80.21364510668627,151.1884753845264,0.02057058118665561,0.03877776640095142,40.0,5117.720259301928,VWNGGWIDTTYLPTASSG
S55A_H57W_S100L_S103P_L108G,inf,,0.0,,0.0722967492737929,0.04599724934300399,116645.9777547944,Valid (Non-binding),2916.149443869859,125.6462104147517,-32.20005713057662,71.05458232786019,0.0,0.0,40.0,5025.848416590068,TWNAGWIDVLYLPTASSG
S55H_H57W_V99T_S100L_L108G,inf,,0.0,,0.0722475757697666,0.02979493938874102,155436.5731007476,Valid (Non-binding),3885.91432751869,144.8993786897165,-3.16387972599523,107.1196941062667,0.0,0.0,40.0,5795.975147588661,TWNHGWIDTLYLSTASSG
T52V_S55G_H57W_I58H_V99T_L108G,121.7121016682376,89.132645545347,0.3852079331765554,0.2969376635540763,0.07218500982511447,0.03051324491623476,155301.9660094242,Valid,3106.039320188483,310.5886397227786,122.562852296493,85.33840918370316,0.03945953018040209,0.02775687776187621,50.0,15529.43198613893,VWNGGWHDTSYLSTASSG
T52V_S55G_H57W_S100L_L108G,inf,,0.0,,0.07211393938869239,0.03022843651020335,155149.0619850535,Valid (Non-binding),3102.981239701069,260.0731259114974,-27.95311434701944,65.42246543824668,0.0,0.0,50.0,13003.65629557487,VWNGGWIDVLYLSTASSG
T52V_H57Y_I58D_V99T_S100A_L108G,146.2696403781654,143.2700967438912,0.3226721943018832,0.3220961407896698,0.07205040060245403,0.02961871855249006,155012.3618800791,Valid,3875.309047001977,67.75904894405107,128.0927566600253,121.2981934967516,0.03305355911140059,0.03130559839886969,40.0,2710.361957762043,VWNSGYDDTAYLSTASSG
T52V_H57Y_I58D_V99T_S100T_S103P_L108G,inf,,0.0,,0.07181448287307453,0.02966731207757742,154504.7982283198,Valid (Non-binding),3862.619955707995,171.7213482865581,-195.2308302627616,120.2881578745465,0.0,0.0,40.0,6868.853931462325,VWNSGYDDTTYLPTASSG
T52V_S55A_H57W_I58D_V99T_S100T_S103P_L108G,124.5797729557587,87.61805504967342,0.2377033428021215,0.1617772924870076,0.07179959675921492,0.05173204828240956,111464.114828864,Valid,2786.602870721599,64.03935667376955,107.5246084770115,72.66299346261448,0.03858626918344044,0.02609090740288994,40.0,2561.574266950782,VWNAGWDDTTYLPTASSG
T52V_S55G_H57W_I58H_S100K_S103P_L108G,inf,,0.0,,0.07178628011334925,0.04564063322277424,115822.3698480527,Valid (Non-binding),2895.559246201317,104.0882392518462,-251.1718082082343,183.9591229157448,0.0,0.0,40.0,4163.529570073848,VWNGGWHDVKYLPTASSG
T52V_H57Y_I58D_V99T_L108G,92.36951058909277,52.29957463568499,0.5012914874150253,0.3122142425609309,0.07154381487973048,0.02960653504134427,153922.4713490412,Valid,3078.449426980823,155.9523213964008,158.0807692447038,84.53059752884646,0.05135077674468762,0.02758177343925181,50.0,7797.61606982004,VWNSGYDDTSYLSTASSG
S55H_H57Y_I58D_V99T_S100T_L108G,581.7932092759338,2124.232271448849,0.05249131159702913,0.1900656167638447,0.07143878304892483,0.05202218815252269,110903.9754596907,Valid,2218.079509193813,239.7560674385034,18.90001003872203,68.38884538143594,0.008520889337096603,0.03084621264387107,50.0,11987.80337192517,TWNHGYDDTTYLSTASSG
T52V_S55H_I58H_V99T_S100T_L108G,129.1487055533807,136.9381797734439,0.2296074722753636,0.2350544744403712,0.07134434191423412,0.05181515642072889,110757.3618579871,Valid,2215.147237159742,208.5673562460076,82.5631238118167,83.92065350878906,0.03727207041897539,0.03804710197170806,50.0,10428.36781230038,VWNHGHHDTTYLSTASSG
T52V_S55H_H57W_I58T_V99T_S100T_S103P_L108G,243.0334369334147,428.4143888299567,0.1967900271655014,0.3455206432884552,0.07127891189836379,0.02950959336464922,153352.5475669751,Valid,3833.813689174377,199.7138618765374,77.28421088249434,133.4280039226418,0.02015857241595319,0.03481878325777273,40.0,7988.554475061496,VWNHGWTDTTYLPTASSG
T52V_S55A_H57W_V99T_L108G,inf,,0.0,,0.07122094321345857,0.02992429306396288,153227.831219986,Valid (Non-binding),3064.556624399719,271.5522108574129,-47.89593200235458,79.43311495051567,0.0,0.0,50.0,13577.61054287065,VWNAGWIDTSYLSTASSG
T52V_S55G_H57W_I58H_S100L_S103P_L108G,inf,,0.0,,0.07121521830486387,0.04534926856726337,114900.9997494202,Valid (Non-binding),2872.524993735506,145.7252368322778,-373.1095565004512,62.20782768133836,0.0,0.0,40.0,5829.009473291112,VWNGGWHDVLYLPTASSG
H57W_I58D_S100K_L108G,127.1769509777329,96.48802687997843,0.3746974217876496,0.2881420815725488,0.07120895744410505,0.04526458684974001,114890.8982686188,Valid,2297.817965372375,77.29857112607758,86.92203702593633,63.38492247108042,0.03782807791384385,0.02761416851856244,50.0,3864.928556303879,TWNSGWDDVKYLSTASSG
T52V_H57Y_I58H_V99T_S103P_L108G,inf,,0.0,,0.07105707115650808,0.04537416565623948,114645.8398849119,Valid (Non-binding),2866.145997122798,199.1502814212947,-204.4480629882901,184.3506914015111,0.0,0.0,40.0,7966.011256851788,VWNSGYHDTSYLPTASSG
T52V_S55H_H57W_I58H_V99T_S100L_S103P_L108G,55.52420114716502,30.69744346198038,0.5089128746405029,0.2611042601119889,0.07103179309179854,0.05123989378205911,110272.1505280347,Valid,2756.803763200867,115.8986253936974,227.7439198658467,115.1125936632682,0.08261158189998188,0.04190000556163048,40.0,4635.945015747896,VWNHGWHDTLYLPTASSG
T52V_S55H_H57Y_I58D_V99T_S100A_S103P_L108G,inf,,0.0,,0.07081707330101261,0.02929238191858607,152358.9279453744,Valid (Non-binding),3808.97319863436,186.9768295880638,-130.1295561312263,175.0936367540313,0.0,0.0,40.0,7479.073183522552,VWNHGYDDTAYLPTASSG
T52V_H57W_V99T_S100L_L108G,inf,,0.0,,0.07070471823552751,0.02913371529235969,152117.2023765447,Valid (Non-binding),3802.930059413618,126.1006957990173,-96.80663975077232,100.4186068413741,0.0,0.0,40.0,5044.027831960692,VWNSGWIDTLYLSTASSG
T52V_H57W_I58D_S100K_L108G,184.3665394010549,296.6984245396602,0.2615370324015815,0.4146263012730763,0.0704924575090569,0.0448086639501112,113734.8734635694,Valid,2274.697469271388,76.23150884499687,60.06070228842964,94.0812403690016,0.02640381989243949,0.04136935589937753,50.0,3811.575442249843,VWNSGWDDVKYLSTASSG
H57W_I58D_S100A_L108G,328.1296070456266,1923.346607956734,0.09246114587138778,0.5338787118951156,0.0703838614915482,0.05096274593509417,109266.2796659217,Valid,2185.325593318434,164.6183126283623,32.7999305240246,189.3565267915967,0.01500917328946743,0.0866564902187699,50.0,8230.915631418115,TWNSGWDDVAYLSTASSG
T52V_S55H_S100T_L108G,111.1588920180708,188.3253086927945,0.265167346692081,0.4303982076991937,0.0701811209504449,0.05112300604328789,108951.5384142433,Valid,2179.030768284865,238.9942952593882,93.79526312741837,151.7193845499434,0.04304448771104112,0.06978687808458019,50.0,11949.71476296941,VWNHGHIDVTYLSTASSG
T52V_I58H_S100L_S103P_L108G,inf,,0.0,,0.07017223873302762,0.0447395923417887,113218.2218492081,Valid (Non-binding),2830.455546230203,168.9540406774879,-27.01613171790495,63.18829496399929,0.0,0.0,40.0,6758.161627099516,VWNSGHHDVLYLPTASSG
T52V_S55A_H57W_I58T_S103P_L108G,103.5959454106724,44.25185287112249,0.283634394218338,0.1176442167526674,0.07014508886246504,0.05052781637200753,108895.6009859931,Valid,2722.390024649827,45.43911087097001,125.3449203077835,51.03404196543121,0.04604223464413635,0.01876178880919607,40.0,1817.5644348388,VWNAGWTDVSYLPTASSG
T52V_S55G_H57Y_I58D_V99T_S100T_L108G,139.6474971789976,231.5835695922577,0.2129421233815587,0.3413226839774146,0.07006610753172214,0.05165984273524451,108772.9877051861,Valid,2175.459754103723,344.0564115956771,75.1986656019235,119.8057361724573,0.03456679235737226,0.0553421339435174,50.0,17202.82057978386,VWNGGYDDTTYLSTASSG
S55H_H57Y_V99T_S100L_S103P_L108G,46.78530335564027,20.43063785336051,0.5947931786667612,0.2391330589209162,0.07006217402468315,0.05051440507605971,108766.8811962353,Valid,2719.172029905883,95.41864725338385,262.542831045299,103.1693842495525,0.09655249030139007,0.03809244776728631,40.0,3816.745890135354,TWNHGYIDTLYLPTASSG
T52V_S55A_H57Y_I58T_S100K_S103P_L108G,25.02880355296523,1.567823837078106,1.625456262550944,0.5194532001303461,0.07004887969326776,0.02889410092749048,150706.2028456939,Valid,3767.655071142348,143.959839018911,627.340190976458,22.32128434269475,0.1665068004185025,0.008693430967746862,40.0,5758.39356075644,VWNAGYTDVKYLPTASSG
T52V_S55A_H57Y_I58T_L108G,34.80772872125193,3.717979985835647,1.226156536934527,0.4031887520370131,0.07001273054945664,0.02883271577931945,150628.4300073023,Valid,3765.710750182559,113.7710427487478,472.9873910354727,41.80117527523572,0.1256037498399319,0.01173119499785637,40.0,4550.841709949912,VWNAGYTDVSYLSTASSG
T52V_S55H_S100K_L108G,201.0899372232292,227.1047233194346,0.2403143181972243,0.2711197548047023,0.06992991426016679,0.04482669079866038,112827.2474920662,Valid,2256.544949841325,201.5841598267554,54.74660675443647,60.13050101211435,0.02426125247728219,0.02673514828270365,50.0,10079.20799133777,VWNHGHIDVKYLSTASSG
H57W_I58D_S100L_L108G,117.3810157936276,72.39222345518324,0.3988405103156608,0.2673454266638094,0.06983733908379011,0.02923999405270061,150251.0851886859,Valid,3005.021703773717,244.4085170418284,122.7731966549909,71.93444687208371,0.04085600995853436,0.02416761605732167,50.0,12220.42585209142,TWNSGWDDVLYLSTASSG
S55H_H57Y_I58H_S100L_L108G,509.8419625012165,1266.193100453266,0.09480677634539947,0.2350741943668779,0.06983596515773875,0.02910571881445465,150248.1292644927,Valid,3004.962585289854,212.8149964121159,29.18334949516429,71.74324271172131,0.009711718088612844,0.02388482550569041,50.0,10640.7498206058,TWNHGYHDVLYLSTASSG
T52V_S55G_H57Y_I58H_V99T_S100A_S103P_L108G,inf,,0.0,,0.06979456520651736,0.02875826857421834,150159.0596109323,Valid (Non-binding),3753.976490273307,124.1962394044043,-152.9839675598605,121.8573474798042,0.0,0.0,40.0,4967.849576176171,VWNGGYHDTAYLPTASSG
T52V_S55G_H57Y_I58D_S100K_S103P_L108G,inf,,0.0,,0.0697093533041266,0.04434932652874295,112471.3871161812,Valid (Non-binding),2811.78467790453,120.1039715034427,-206.8007277478073,184.9894800399077,0.0,0.0,40.0,4804.158860137708,VWNGGYDDVKYLPTASSG
T52V_S55A_H57Y_I58D_V99T_S100L_L108G,37.54996753295697,2.561803186670447,1.147133819885369,0.3682037277564873,0.06961331286762541,0.02860106940065588,149769.1054550497,Valid,3744.227636376243,40.86683573965733,439.9800814743467,26.05093109130864,0.117508902824127,0.007074851032114908,40.0,1634.673429586293,VWNAGYDDTLYLSTASSG
T52V_S55A_I58D_V99T_S100L_S103P_L108G,29.43905037533338,9.113732985756943,0.8943784702375263,0.2465952571550701,0.06949140902396075,0.05013474951078473,107880.8063650051,Valid,2697.020159125128,117.3361920154143,391.5642460712043,102.2111918498813,0.1451840264324245,0.03842058466425954,40.0,4693.447680616572,VWNAGHDDTLYLPTASSG
T52V_S55H_V99T_S100T_L108G,inf,,0.0,,0.06948512273449747,0.05040252219907981,107871.0473172916,Valid (Non-binding),2157.420946345833,187.6184179674262,-126.6141815239152,76.18022871136537,0.0,0.0,50.0,9380.92089837131,VWNHGHIDTTYLSTASSG
T52V_S55A_I58D_S100L_L108G,96.51325156738062,69.44929749844583,0.4808289168008851,0.3622047166746236,0.06920412365820926,0.02882786513019834,148888.7580138548,Valid,2977.775160277096,207.1812776358715,146.669282793122,99.82210851269991,0.04925465318861539,0.03369708889886551,50.0,10359.06388179358,VWNAGHDDVLYLSTASSG
T52V_S55A_H57Y_I58H_V99T_S103P_L108G,31.40581152864288,1.740980259706493,1.340733930726332,0.4275414077179085,0.0691959776031124,0.02851486163892443,148871.2322370373,Valid,3721.780805925933,125.2802285471974,511.1520179955005,17.36268049513183,0.1373407099046856,0.00656783779177706,40.0,5011.209141887895,VWNAGYHDTSYLPTASSG
T52V_S55H_H57Y_I58T_V99T_S100T_S103P_L108G,inf,,0.0,,0.0691510711992618,0.02857411613163646,148774.6186489626,Valid (Non-binding),3719.365466224065,168.8580975653925,-94.92697576270166,124.5455733281403,0.0,0.0,40.0,6754.323902615701,VWNHGYTDTTYLPTASSG
S55H_H57W_I58D_V99T_S100T_L108G,inf,,0.0,,0.06907375442765215,0.05048540326974744,107232.4252879099,Valid (Non-binding),2144.648505758197,267.8760216941054,-14.23036982274607,123.1624537275534,0.0,0.0,50.0,13393.80108470527,TWNHGWDDTTYLSTASSG
T52V_S55A_H57W_I58H_S100A_S103P_L108G,78.68542499609971,76.12602186156127,0.3680634374810108,0.3360252243250275,0.06888570398944352,0.04960910300544849,106940.4894472616,Valid,2673.512236181541,16.33489419019677,159.7358343048472,145.3034303596719,0.05974756058457052,0.05435049297351306,40.0,653.3957676078708,VWNAGWHDVAYLPTASSG
S55H_I58H_S100K_L108G,94.85276247200805,54.93441887196227,0.49599391669302,0.2980681512978999,0.06885160267581143,0.0437839300585425,111087.4637487459,Valid,2221.749274974918,84.91275349756478,111.2512673646734,61.05748748583814,0.05007372731827686,0.02754827250526765,50.0,4245.637674878239,TWNHGHHDVKYLSTASSG
S55H_H57Y_I58H_V99T_S100A_L108G,1445.718966360663,13008.5182934425,0.03364573561378848,0.3018859157561225,0.06881017248697835,0.02830542854384127,148041.1943499847,Valid,3701.029858749617,85.15511533062583,12.75584708192719,114.3806124457831,0.003446566920223852,0.03090517865343701,40.0,3406.204613225033,TWNHGYHDTAYLSTASSG
T52V_S55A_H57Y_I58D_V99T_S100L_S103P_L108G,29.2110292059857,2.285470052323676,1.426747687074532,0.4598121667795454,0.06880568520263455,0.02831583203237559,148031.5402115102,Valid,3700.788505287754,96.2125389844286,540.876523036648,33.28491311236041,0.1461516977432874,0.009763673763725958,40.0,3848.501559377144,VWNAGYDDTLYLPTASSG
S55H_H57W_I58D_S100L_S103P_L108G,inf,,0.0,,0.06867349819529042,0.04375199875039754,110800.1040613248,Valid (Non-binding),2770.002601533119,150.9152997075417,-354.0658798086156,67.2022286451452,0.0,0.0,40.0,6036.611988301667,TWNHGWDDVLYLPTASSG
T52V_S55G_H57W_V99T_S100A_L108G,219.4990122953039,293.6774978027569,0.2174196950491457,0.2925606036184424,0.06861788051729213,0.02821999058344822,147627.4890528261,Valid,3690.687226320652,78.58759749233252,82.19829540866658,107.5131298607666,0.02227181290857105,0.02913478424536083,40.0,3143.503899693301,VWNGGWIDTAYLSTASSG
T52V_S55H_I58H_S100K_S103P_L108G,inf,,0.0,,0.06852761558950889,0.04362506004259358,110564.7322173659,Valid (Non-binding),2764.118305434147,133.6073363439801,-195.339041218188,184.0382191551872,0.0,0.0,40.0,5344.293453759205,VWNHGHHDVKYLPTASSG
T52V_S55A_H57Y_I58D_V99T_S100T_S103P_L108G,37.019942242432,2.241368299285968,1.161603376569857,0.3714346714148101,0.06849324226490053,0.02815101365304336,147359.3369020777,Valid,3683.983422551944,57.1561939843801,438.361314408452,22.37150498184194,0.1189911202436392,0.006347055959094095,40.0,2286.247759375204,VWNAGYDDTTYLPTASSG
T52V_S55G_H57W_I58T_S100L_S103P_L108G,43.99117854452561,21.31754177457266,0.6287161506663859,0.2778663053550058,0.06834289921173854,0.04929521004538485,106097.8210089602,Valid,2652.445525224004,108.1249403139966,270.7064418559894,117.2745096037006,0.102059190012254,0.0444090367123529,40.0,4324.997612559864,VWNGGWTDVLYLPTASSG
T52V_S55A_H57Y_I58H_S100A_L108G,31.24561049246052,3.48111923478579,1.346659805943467,0.4438375177232219,0.06823617806734002,0.0282981590468004,146806.2778200259,Valid,3670.156945500647,210.8278381329232,506.2898507757345,38.96909479535129,0.1379477385555433,0.01324884639978109,40.0,8433.113525316929,VWNAGYHDVAYLSTASSG
T52V_S55G_I58H_V99T_S100T_L108G,28.97226465623966,12.70382172796494,0.9066674095118494,0.3462295295907173,0.06822842189500533,0.04979118266841109,105920.102562707,Valid,2118.40205125414,250.3486189911532,311.7840498256355,110.6153407771392,0.1471788840277286,0.05503708168203258,50.0,12517.43094955766,VWNGGHHDTTYLSTASSG
S55H_I58D_S100A_L108G,135.9408657793958,280.6063892713786,0.2185423299395303,0.4354356849521831,0.06820318228201135,0.04924641633948675,105880.9197365077,Valid,2117.618394730154,111.2870954863362,75.12435740407273,149.5168166699514,0.03547587119144086,0.07063072918019517,50.0,5564.35477431681,TWNHGHDDVAYLSTASSG
T52V_S55H_I58H_V99T_S100A_S103P_L108G,767.065566776237,4507.429619696873,0.06322067566863246,0.3696291931253544,0.06816097416374549,0.02803749770282801,146644.4808748137,Valid,3666.112021870343,83.5015326442659,23.74223239341063,138.6095063811561,0.006476133912923381,0.0378085995236392,40.0,3340.061305770636,VWNHGHHDTAYLPTASSG
T52V_S55A_H57Y_I58H_S100K_L108G,20.84010345542845,1.870211701057772,1.888943938489741,0.6110369526216807,0.06809910611675908,0.02832428713572312,146511.3752708465,Valid,3662.784381771162,240.5156595307088,708.7402703493608,21.57271581584855,0.1934976773070778,0.01400465059481696,40.0,9620.626381228352,VWNAGYHDVKYLSTASSG
T52V_H57Y_I58D_V99T_S100L_S103P_L108G,41.25559787735651,17.83738763512224,0.6658987583036311,0.2619079543268835,0.06804525240162095,0.04902041331355547,105635.7440653716,Valid,2640.893601634289,52.03476108082996,285.467459380423,109.940047706833,0.1080950248066656,0.04168431384276901,40.0,2081.390443233198,VWNSGYDDTLYLPTASSG
T52V_S55H_H57W_I58H_V99T_S100T_S103P_L108G,inf,,0.0,,0.06804365434140029,0.0280276817791115,146392.0739123955,Valid (Non-binding),3659.801847809888,114.7968077086122,-35.61449429995719,136.4195829293628,0.0,0.0,40.0,4591.872308344488,VWNHGWHDTTYLPTASSG
T52V_S55H_H57Y_I58D_S100K_S103P_L108G,inf,,0.0,,0.06789935540561298,0.04321344102546625,109551.0763591002,Valid (Non-binding),2738.776908977505,126.0341233818756,-129.8302591387228,185.1296243275137,0.0,0.0,40.0,5041.364935275024,VWNHGYDDVKYLPTASSG
S55H_I58D_V99T_S100L_L108G,1432.954015395157,11958.53646480491,0.03394441426464254,0.2824965966102844,0.06770716255366957,0.02788657855966832,145668.1308623466,Valid,3641.703271558664,112.449705419452,12.66279461154363,105.3075728983,0.003477162653651324,0.02891731998559097,40.0,4497.98821677808,TWNHGHDDTLYLSTASSG
S55H_I58H_S100A_L108G,184.7929182597433,489.6097062885125,0.1622902765474629,0.4188493459770727,0.06759429858871925,0.04883875938852656,104935.6681617094,Valid,2098.713363234187,123.1908709596581,55.28955933861471,142.5938152753338,0.02634450244954446,0.06796103998456905,50.0,6159.543547982905,TWNHGHHDVAYLSTASSG
T52V_S55H_H57Y_I58D_V99T_S100L_S103P_L108G,155.3127113996747,233.2495774758863,0.192134141592382,0.2799438274991218,0.06752109568907402,0.04865701731114522,104822.025512166,Valid,2620.55063780415,68.9120641280384,81.73246572041535,118.8985509328388,0.0311890426925319,0.04537900311456654,40.0,2756.482565121536,VWNHGYDDTLYLPTASSG
T52V_S55G_H57W_I58D_S100T_S103P_L108G,41.45949774691967,18.65492744526463,0.6629762843952818,0.2711045665946241,0.06743957932139304,0.04860047655209381,104695.4767545442,Valid,2617.386918863605,71.13181682524956,281.6848056689487,112.8458138416432,0.1076206210242879,0.04321301292921363,40.0,2845.272673009982,VWNGGWDDVTYLPTASSG
S55H_H57W_I58H_V99T_S100A_L108G,413.1378711207981,967.7297468747684,0.1167330446803233,0.2726598633966467,0.06734753593058658,0.02768709882728047,144894.4145224939,Valid,3622.360363062347,65.38902699712061,43.31538247603339,100.2451869485602,0.01195777839160501,0.02767483802668862,40.0,2615.561079884824,TWNHGWHDTAYLSTASSG
H57Y_I58D_S100A_L108G,57.49021526467091,67.99278380520269,0.4929018896905216,0.5376590993493614,0.06729621537252369,0.04908145566750871,104472.9137266113,Valid,2089.458274532226,241.2213999325405,167.1828353993133,180.8772605256789,0.08001252642230487,0.08705802000678216,50.0,12061.06999662702,TWNSGYDDVAYLSTASSG
S55H_H57Y_S100A_L108G,71.18391109576392,117.0837699162629,0.4043051183393029,0.6221463619228575,0.06726940000569061,0.04847590469288435,104431.2846470235,Valid,2088.62569294047,55.14847682823826,137.0778726701919,210.6379809416794,0.0656306551880088,0.1008649256905068,50.0,2757.423841411913,TWNHGYIDVAYLSTASSG
T52V_S55H_H57W_I58T_S100L_S103P_L108G,inf,,0.0,,0.06715535691612862,0.04267284492551834,108350.6844725254,Valid (Non-binding),2708.767111813135,78.83654804062138,-12.27636481300988,65.25961466776398,0.0,0.0,40.0,3153.461921624855,VWNHGWTDVLYLPTASSG
S55A_I58H_S100T_L108G,inf,,0.0,,0.0670362011802836,0.04867115966774099,104069.25892785,Valid (Non-binding),2081.385178557,192.316017783164,-37.34421240803749,152.2378573579931,0.0,0.0,50.0,9615.8008891582,TWNAGHHDVTYLSTASSG
T52V_S55A_H57W_I58D_S103P_L108G,192.6164126760319,18.90174683277622,0.1558653189480732,0.01917680992567506,0.06688012570733828,0.04824279709197685,103826.9621013554,Valid,2595.674052533886,107.6316473282701,65.67455651543423,5.660696105424356,0.02530154217603824,0.002420058831218167,40.0,4305.265893130804,VWNAGWDDVSYLPTASSG
T52V_S55H_I58T_S100T_L108G,104.1547810589759,213.708633112884,0.2821822818231097,0.5529018501097277,0.06680975025795578,0.04815668049131248,103717.7088809312,Valid,2074.354177618625,64.14760260787945,95.01893354986714,186.0095639750457,0.04580651393820781,0.08968226024026901,50.0,3207.380130393973,VWNHGHTDVTYLSTASSG
T52V_S55H_H57Y_I58H_S100A_S103P_L108G,39.2184394803094,17.4885233144837,0.6965769383345106,0.2807225821790695,0.06679849605065151,0.04833329995337703,103700.2374700614,Valid,2592.505936751534,182.4121997309749,293.1476062046449,114.0912503623105,0.1130749989996032,0.04472149581783352,40.0,7296.487989238995,VWNHGYHDVAYLPTASSG
T52V_S55A_H57Y_S100K_L108G,inf,,0.0,,0.06667869332600601,0.04268607345951533,107581.6195963247,Valid (Non-binding),2151.632391926494,178.6580403733592,-42.76138719401297,54.48195946093009,0.0,0.0,50.0,8932.902018667959,VWNAGYIDVKYLSTASSG
T52V_S55H_H57W_I58H_V99T_L108G,57.96251706638201,21.04633886936736,0.7752311862090578,0.3562154609722899,0.06661268668427203,0.0275172122018647,143313.4279305451,Valid,2866.268558610903,126.9522134021585,227.617056318521,75.41415923974546,0.07941232709499924,0.02654497984386946,50.0,6347.610670107925,VWNHGWHDTSYLSTASSG
T52V_H57W_I58H_V99T_S100A_S103P_L108G,inf,,0.0,,0.06653663103554096,0.02742920487857749,143149.7985038446,Valid (Non-binding),3578.744962596115,127.0236830593694,-96.02610728277523,114.369288305096,0.0,0.0,40.0,5080.947322374776,VWNSGWHDTAYLPTASSG
T52V_S55A_I58H_S100K_L108G,378.2586408287034,775.4121883231776,0.1292243865500863,0.263308627664184,0.06653410561156695,0.04262553309769689,107348.336973088,Valid,2146.966739461761,186.0694530342469,28.00937161937782,56.616786926389,0.01304602027807832,0.0263948207687106,50.0,9303.472651712345,VWNAGHHDVKYLSTASSG
T52V_S55H_H57Y_I58T_S100L_S103P_L108G,inf,,0.0,,0.06651294204280547,0.04243538019333036,107314.1909679666,Valid (Non-binding),2682.854774199166,172.1244096950226,-410.8416248742801,64.25956333100429,0.0,0.0,40.0,6884.976387800903,VWNHGYTDVLYLPTASSG
T52V_S55G_I58D_S100L_S103P_L108G,inf,,0.0,,0.06642561406740044,0.04221035773866518,107173.2931104725,Valid (Non-binding),2679.332327761813,79.04416221037965,-333.9743124194797,64.37932801845434,0.0,0.0,40.0,3161.766488415186,VWNGGHDDVLYLPTASSG
T52V_S55A_H57Y_I58T_S100T_L108G,29.45085332891363,2.877735362974652,1.416815610518248,0.4621056067367625,0.06633232044544302,0.02741467162810439,142710.2358246176,Valid,3567.755895615439,164.5493077277893,517.8037045342389,36.06220149472178,0.145134286000505,0.01212330107519286,40.0,6581.972309111572,VWNAGYTDVTYLSTASSG
S55H_H57Y_I58H_V99T_L108G,205.7810793899535,253.5036849257719,0.2315696785183359,0.2879164310072144,0.06629312525673753,0.02809042492603011,142625.9095929135,Valid,2852.51819185827,297.3170560064181,67.66542329401864,81.0741460820896,0.02372129421896449,0.02852929453212833,50.0,14865.8528003209,TWNHGYHDTSYLSTASSG
T52V_S55H_H57Y_I58H_V99T_S100A_S103P_L108G,inf,,0.0,,0.06624543491788532,0.02725853679512386,142523.3065261362,Valid (Non-binding),3563.082663153406,89.45617694262543,-242.9743921204617,123.3473772409579,0.0,0.0,40.0,3578.247077705018,VWNHGYHDTAYLPTASSG
T52V_S55H_I58D_S100K_S103P_L108G,inf,,0.0,,0.06623302063224036,0.04216195231210466,106862.5564621576,Valid (Non-binding),2671.56391155394,127.8759904037012,-288.1318808008373,184.3841702098483,0.0,0.0,40.0,5115.039616148048,VWNHGHDDVKYLPTASSG
T52V_H57Y_I58D_V99T_S100T_L108G,inf,,0.0,,0.06623046867614983,0.048344179381596,102818.4126220789,Valid (Non-binding),2056.368252441579,245.1266867570359,-7.723782146944359,160.7828784073006,0.0,0.0,50.0,12256.33433785179,VWNSGYDDTTYLSTASSG
T52V_S55H_H57Y_V99T_S100A_L108G,inf,,0.0,,0.06616407210375422,0.02741473971220948,142348.2590332394,Valid (Non-binding),3558.706475830985,194.8480185212859,-92.43729016155021,101.4379856953583,0.0,0.0,40.0,7793.920740851436,VWNHGYIDTAYLSTASSG
T52V_S55A_I58D_S100L_S103P_L108G,inf,,0.0,,0.0660749285420412,0.04209528880223685,106607.4854303088,Valid (Non-binding),2665.18713575772,144.6580145813082,-9.585458437043144,65.27725469441431,0.0,0.0,40.0,5786.320583252328,VWNAGHDDVLYLPTASSG
T52V_H57Y_I58H_V99T_S100A_S103P_L108G,inf,,0.0,,0.06599690229789558,0.02715873928953816,141988.6026507002,Valid (Non-binding),3549.715066267504,91.27049098753506,-206.493949497989,121.3327561105127,0.0,0.0,40.0,3650.819639501402,VWNSGYHDTAYLPTASSG
T52V_S55H_H57Y_I58H_S103P_L108G,inf,,0.0,,0.06594843655759493,0.02820593714059278,141884.3313515616,Valid (Non-binding),2837.686627031232,338.6347355085887,-131.4134127060388,56.05323527738005,0.0,0.0,50.0,16931.73677542944,VWNHGYHDVSYLPTASSG
S55H_H57W_V99T_L108G,inf,,0.0,,0.06591242652789259,0.02779647668555712,141806.8578093071,Valid (Non-binding),2836.137156186141,271.4783678300053,-15.64490295176574,88.30037733697255,0.0,0.0,50.0,13573.91839150026,TWNHGWIDTSYLSTASSG
T52V_S55A_H57W_V99T_S100T_S103P_L108G,47386.91746049809,19465646.83882387,0.001029933149102138,0.4230324901070899,0.06577575120970292,0.02706027445888985,141512.8085922848,Valid,3537.82021480712,84.30161646155946,0.3732514323519354,153.3084319299203,0.0001055032222354704,0.04333415009226835,40.0,3372.064658462378,VWNAGWIDTTYLPTASSG
T52V_S55A_H57Y_S100L_S103P_L108G,inf,,0.0,,0.0656093624897165,0.04173956101265427,105856.325690371,Valid (Non-binding),2646.408142259274,112.2336069466661,-32.92319142579481,65.32089677420508,0.0,0.0,40.0,4489.344277866644,VWNAGYIDVLYLPTASSG
T52V_S55A_H57Y_I58H_S100A_S103P_L108G,38.92721292005821,1.677196398688865,1.111167851256762,0.3528885327774271,0.06556684732756876,0.02701049939614264,141063.3637050286,Valid,3526.584092625715,112.7399427893628,401.412229253383,8.379979791301418,0.1138246582841335,0.004345969030713692,40.0,4509.597711574512,VWNAGYHDVAYLPTASSG
S55H_H57W_I58H_S100L_S103P_L108G,inf,,0.0,,0.06549976949019605,0.04187327806450688,105679.5047030852,Valid (Non-binding),2641.98761757713,200.5149805399356,-281.6393718069598,64.07509970499231,0.0,0.0,40.0,8020.599221597424,TWNHGWHDVLYLPTASSG
S55H_H57W_I58H_V99T_L108G,47.24928375270887,18.70661543718359,0.9341851846830107,0.4456604287168027,0.065458617474848,0.02732798028533948,140830.5132981482,Valid,2816.610265962964,210.9602483822549,269.5357776858459,94.36562490885728,0.09569509170048238,0.03426135539272599,50.0,10548.01241911275,TWNHGWHDTSYLSTASSG
S55G_H57Y_I58D_S100T_L108G,inf,,0.0,,0.06535867216839855,0.04748370724825006,101465.0063296555,Valid (Non-binding),2029.300126593109,194.8062055206009,-80.96923416815662,181.5587258415948,0.0,0.0,50.0,9740.310276030046,TWNGGYDDVTYLSTASSG
T52V_S55H_I58D_S100L_L108G,inf,,0.0,,0.06533750389043887,0.02840696918972227,140569.9442712165,Valid (Non-binding),2811.39888542433,400.9925973775379,-170.2689191083991,89.93195757101628,0.0,0.0,50.0,20049.62986887689,VWNHGHDDVLYLSTASSG
S55H_H57Y_I58D_V99T_S100L_S103P_L108G,69.46687317787311,45.31842167475725,0.4136274812768164,0.2537489707925203,0.06528701470319298,0.04710183968000402,101353.7628646426,Valid,2533.844071616066,110.4690972042213,170.1322993355498,103.2716532353422,0.06714394987495845,0.04086189876770975,40.0,4418.763888168852,TWNHGYDDTLYLPTASSG
T52V_S55G_I58H_S100A_L108G,36.02160142192582,35.47333135358095,0.7508615978765889,0.6519006287961501,0.0652645111043156,0.04703111507846687,101318.8275190063,Valid,2026.376550380126,53.48811739840527,246.9889619298283,213.4835865616814,0.1218870016451266,0.1054014920719557,50.0,2674.405869920264,VWNGGHHDVAYLSTASSG
T52V_S55H_H57Y_S100K_S103P_L108G,inf,,0.0,,0.06524771427584646,0.0414778234884123,105272.8304442654,Valid (Non-binding),2631.820761106634,90.45879483338612,-201.2391085516765,184.3212088947404,0.0,0.0,40.0,3618.351793335445,VWNHGYIDVKYLPTASSG
T52V_S55G_H57Y_I58H_V99T_S100L_L108G,140.5547207253086,122.0383378925731,0.3353412829817781,0.3003835530125483,0.06522178041232148,0.02681485631860852,140320.9717531186,Valid,3508.024293827965,65.34140275182442,120.5053424700777,101.0110988025789,0.03435134205943083,0.02880140656670061,40.0,2613.656110072977,VWNGGYHDTLYLSTASSG
T52V_I58H_S100A_L108G,inf,,0.0,,0.06521586735148367,0.0473058996237159,101243.3113170205,Valid (Non-binding),2024.866226340411,176.1357676704738,-77.52646648043992,155.5497354784671,0.0,0.0,50.0,8806.78838352369,VWNSGHHDVAYLSTASSG
T52V_S55A_H57Y_I58D_S100K_S103P_L108G,26.57995580897156,1.800673838439633,1.54561669076854,0.4952071740974053,0.06520916434847732,0.02697362462341289,140293.8290052954,Valid,3507.345725132385,172.5629291753947,555.3120065063522,16.00361348753774,0.1583282772859216,0.009027801955092717,40.0,6902.517167015787,VWNAGYDDVKYLPTASSG
T52V_S55H_I58H_V99T_L108G,2742.613089748177,50500.63916412045,0.01776469437207148,0.3265599520069726,0.06514268114166369,0.02731537284396276,140150.7941459834,Valid,2803.015882919669,236.8868346027932,5.100819859568674,93.75116935853791,0.001819761311611111,0.03344688875787892,50.0,11844.34173013966,VWNHGHHDTSYLSTASSG
T52V_H57Y_I58D_V99T_S100L_L108G,219.0278331949757,285.3383236348611,0.2178769758023712,0.2858796450164995,0.06514177789331539,0.02682249507678178,140148.8508582479,Valid,3503.721271456197,102.6853433423199,78.19834753315763,99.57279533027636,0.02231865535943654,0.02842668080668048,40.0,4107.413733692796,VWNSGYDDTLYLSTASSG
T52V_S55A_H57W_I58D_V99T_L108G,113.5022719671016,45.30185052027321,0.2599236679586603,0.1013808903101905,0.06513482882433205,0.04692666705576625,101117.5043751476,Valid,2527.937609378689,53.8317166820117,106.6619891507435,40.71215719801828,0.04219328386706452,0.01612993410992037,40.0,2153.268667280468,VWNAGWDDTSYLSTASSG
T52V_S55H_I58T_S100K_S103P_L108G,inf,,0.0,,0.065093069970125,0.04154720101975746,105023.3221824654,Valid (Non-binding),2625.583054561635,175.4082688869903,-171.8313022278899,187.1079384030458,0.0,0.0,40.0,7016.330755479612,VWNHGHTDVKYLPTASSG
S55A_H57W_I58D_V99T_S100A_L108G,115.1971007186251,87.26927312575145,0.4060872225723825,0.3214385149072217,0.06508857513391365,0.02689666352759925,140034.388130429,Valid,3500.859703260724,159.5357293362112,145.6299562273157,105.5263612144745,0.04159834114222714,0.03020253378005714,40.0,6381.429173448449,TWNAGWDDTAYLSTASSG
T52V_S55H_H57W_I58H_S100K_S103P_L108G,inf,,0.0,,0.06506637024631955,0.04133179872382294,104980.2439608254,Valid (Non-binding),2624.506099020635,63.25273445156649,-78.50451966046694,188.8427739665445,0.0,0.0,40.0,2530.10937806266,VWNHGWHDVKYLPTASSG
T52V_S55G_H57W_I58D_S100L_S103P_L108G,101.0547223989535,91.29074304170959,0.2904306804486785,0.2510078294655861,0.06503119260403686,0.04693228107032641,100956.6160125269,Valid,2523.915400313173,119.2867127862634,118.9911841369394,102.2717998048117,0.0471454725155109,0.04058230618720621,40.0,4771.468511450536,VWNGGWDDVLYLPTASSG
T52V_S55G_H57Y_V99T_S100L_L108G,104.0301551183344,68.51591467825874,0.447678963118997,0.3147484765047271,0.06483986509761659,0.0266463272033181,139499.302553842,Valid,3487.482563846049,49.44276904764703,159.9320188098859,100.4777033688923,0.04585887266301066,0.02881828979523852,40.0,1977.710761905881,VWNGGYIDTLYLSTASSG
T52V_S55A_H57W_I58H_V99T_S100T_S103P_L108G,69.34627299915721,34.61692037117457,0.4142984436015097,0.1955507992345644,0.06468325529128705,0.04658313431170135,100416.4663970402,Valid,2510.411659926005,17.43483045081653,168.8323811440059,78.60255384168588,0.06725286686605905,0.03131410685592756,40.0,697.3932180326613,VWNAGWHDTTYLPTASSG
S55H_H57W_I58H_S100K_S103P_L108G,53.08962908790102,49.01824672631899,0.8525852812068391,0.7484006879226892,0.06447063062535749,0.04094839600980969,104019.0578594804,Valid,2600.476446487011,57.14190486853739,223.8331081914794,188.8148730193551,0.086073884073765,0.07263242944512396,40.0,2285.676194741496,TWNHGWHDVKYLPTASSG
T52V_S55H_I58D_V99T_S100L_S103P_L108G,82.93757438592294,75.51836902326971,0.3502660314002758,0.3020176840414289,0.06433089194260713,0.04633419427054562,99869.44565414583,Valid,2496.736141353646,31.20555830778043,141.9607124024405,121.8990411048605,0.05685851622489602,0.04882852910569511,40.0,1248.222332311217,VWNHGHDDTLYLPTASSG
S55H_I58D_S100K_L108G,178.8985427623057,186.5837060778935,0.2693135138929479,0.2808991028951859,0.06423013373478695,0.04081500099447929,103631.0321843377,Valid,2072.620643686754,60.98374795777207,56.35228568302682,57.15105672016772,0.02718890495213249,0.02758589912659333,50.0,3049.187397888603,TWNHGHDDVKYLSTASSG
T52V_S55H_H57W_I58T_S100A_L108G,172.9808876667873,584.7313196861081,0.1730609707306881,0.5687253333623331,0.06408639435330996,0.0463268264682456,99489.87935295624,Valid,1989.797587059125,125.1483476046343,55.89919269265556,183.6153251320271,0.02809290405024225,0.09229530807750173,50.0,6257.417380231715,VWNHGWTDVAYLSTASSG
T52V_H57Y_I58H_S100K_S103P_L108G,inf,,0.0,,0.06398063895996507,0.04082544363755929,103228.4890237373,Valid (Non-binding),2580.712225593432,167.8332617931843,-255.6669714973696,183.7157092807186,0.0,0.0,40.0,6713.330471727372,VWNSGYHDVKYLPTASSG
T52V_S55H_H57W_V99T_L108G,88.36529095980164,61.97304283902744,0.522790710448219,0.384168136439316,0.06394675315499039,0.0268591090487094,137577.8227217773,Valid,2751.556454435547,242.0050009426189,147.3543554649355,96.94690817057291,0.05355309182459194,0.03554691491548754,50.0,12100.25004713094,VWNHGWIDTSYLSTASSG
T52V_S55G_H57Y_V99T_S100T_L108G,inf,,0.0,,0.06394096272577621,0.04668353353938259,99264.10639095015,Valid (Non-binding),1985.282127819003,238.6511514747074,-100.0698963267623,85.8673787615877,0.0,0.0,50.0,11932.55757373537,VWNGGYIDTTYLSTASSG
T52V_S55H_H57Y_I58T_V99T_S100L_L108G,763.3424276112638,3437.852266134899,0.06352702263732679,0.2849485069541643,0.06372658224438926,0.02619609874716492,137104.1374600134,Valid,3427.603436500335,58.86326980416955,22.30518134444674,99.80101405230073,0.006507515165529434,0.02911706415624551,40.0,2354.530792166782,VWNHGYTDTLYLSTASSG
T52V_S55G_H57W_V99T_S100L_L108G,1364.020913487283,11091.01018329054,0.03565358740046214,0.2890632475498159,0.06364217681594443,0.02621996301175471,136922.5439545043,Valid,3423.063598862608,111.0396445453597,12.50186744825942,101.2820376087691,0.003652245156185077,0.02958836334789016,40.0,4441.585781814389,VWNGGWIDTLYLSTASSG
T52V_S55A_S100L_L108G,188.3140510412312,300.8712115200303,0.2524933212520014,0.4009588918800966,0.06356758235689261,0.0269702997559563,136762.0581947569,Valid,2735.241163895139,291.1159790987391,70.74605154572419,109.8503847190782,0.0258646486019455,0.04025536746290328,50.0,14555.79895493696,VWNAGHIDVLYLSTASSG
T52V_H57Y_I58D_S100L_L108G,inf,,0.0,,0.06352540347215026,0.02671124836014684,136671.312709781,Valid (Non-binding),2733.42625419562,246.323921686495,-90.19817836040966,93.57505442505501,0.0,0.0,50.0,12316.19608432475,VWNSGYDDVLYLSTASSG
T52V_S55H_H57Y_I58T_S100K_S103P_L108G,inf,,0.0,,0.063519374062971,0.04054215206108704,102484.2689107406,Valid (Non-binding),2562.106722768514,170.9361719226752,-276.6292521100013,184.084190151871,0.0,0.0,40.0,6837.446876907007,VWNHGYTDVKYLPTASSG
T52V_S55A_H57W_I58H_V99T_S100A_S103P_L108G,138.262626952307,16.55374646715278,0.2150005611817923,0.02989993626358165,0.06336552239628047,0.0456528975014099,98370.77342169723,Valid,2459.269335542431,53.58293119529431,85.83080555828201,9.739688463629335,0.03490093757435099,0.004032742414140334,40.0,2143.317247811772,VWNAGWHDTAYLPTASSG
T52V_S55H_I58D_V99T_S103P_L108G,inf,,0.0,,0.06315548322571764,0.04012047473981228,101897.1553415442,Valid (Non-binding),2547.428883538605,64.01786717479764,-302.9249774937643,188.9532026328448,0.0,0.0,40.0,2560.714686991906,VWNHGHDDTSYLPTASSG
T52V_S55G_H57W_I58D_V99T_S100A_L108G,85.27395294082268,65.4212030376586,0.3412008025317682,0.2486728000095872,0.06315193571440654,0.04554936768323697,98039.19425539424,Valid,2450.979856384856,98.77962148323496,135.7523281378599,98.22696659879993,0.0553869619875586,0.04013872847910462,40.0,3951.184859329398,VWNGGWDDTAYLSTASSG
T52V_S55A_H57W_V99T_S100A_S103P_L108G,inf,,0.0,,0.06300304593032853,0.0259489911518082,135547.4900019736,Valid (Non-binding),3388.68725004934,104.5646214468905,-340.645363763183,167.5736527175266,0.0,0.0,40.0,4182.584857875619,VWNAGWIDTAYLPTASSG
T52V_H57Y_I58H_V99T_S100T_S103P_L108G,inf,,0.0,,0.0629347029898628,0.02632236758278077,135400.4540308917,Valid (Non-binding),3385.011350772292,267.5727039004944,-301.5539525877875,111.933560211841,0.0,0.0,40.0,10702.90815601978,VWNSGYHDTTYLPTASSG
T52V_S55A_H57Y_I58H_V99T_S100L_L108G,37.01934323149818,3.801357943715292,1.161619935922522,0.3810143471192893,0.06292124141447838,0.02596436779698666,135371.4922128099,Valid,3384.287305320249,135.166410689379,402.7058784183173,32.68894494840667,0.1189928165334089,0.01076490619765935,40.0,5406.656427575161,VWNAGYHDTLYLSTASSG
T52V_S55A_I58H_S100L_S103P_L108G,inf,,0.0,,0.06291022633125809,0.0400339219147838,101501.4497179484,Valid (Non-binding),2537.536242948709,114.3672468105033,-48.66665892199717,63.13066302734077,0.0,0.0,40.0,4574.689872420132,VWNAGHHDVLYLPTASSG
T52V_S55A_H57Y_I58H_L108G,21.47366093309926,2.687403787091572,1.843738458214254,0.6106817083461663,0.06288519270757663,0.02602407477198867,135293.9354587483,Valid,3382.348386468708,171.6478606070072,638.8138752354898,56.16255370401347,0.1888669652691911,0.01917233128442491,40.0,6865.914424280289,VWNAGYHDVSYLSTASSG
T52V_S55H_H57Y_I58D_S100L_S103P_L108G,inf,,0.0,,0.06278308790632675,0.03992385008920117,101296.3203582567,Valid (Non-binding),2532.408008956418,96.10823552450364,-401.8945913758221,73.23455122996744,0.0,0.0,40.0,3844.329420980146,VWNHGYDDVLYLPTASSG
T52V_S55G_H57Y_I58H_S100A_S103P_L108G,86.93408702145427,70.97642282452128,0.3350394417245449,0.2599587349944144,0.06275392843265495,0.04519551767219844,97421.31433185289,Valid,2435.532858296322,23.14315364299042,132.4608171574027,102.2567702931955,0.0543867912544035,0.04198855959966933,40.0,925.7261457196169,VWNGGYHDVAYLPTASSG
T52V_H57W_I58H_S100K_L108G,101.8330950204659,67.02587332125196,0.4635863328832825,0.3117042422218768,0.06255218955377259,0.04008740315868541,100923.7812833164,Valid,2018.475625666328,177.9874567243319,94.46864874969924,58.68023976791145,0.04680197647594272,0.02936302974148422,50.0,8899.372836216595,VWNSGWHDVKYLSTASSG
T52V_S55A_I58H_V99T_S100L_L108G,inf,,0.0,,0.06249019676328175,0.02567041643486866,134444.1240247212,Valid (Non-binding),3361.10310061803,27.21037537302327,-13.5541645207345,105.3991738658099,0.0,0.0,40.0,1088.415014920931,VWNAGHHDTLYLSTASSG
T52V_H57Y_I58H_V99T_S100A_L108G,inf,,0.0,,0.06231945029680665,0.02582011933338541,134076.7726591539,Valid (Non-binding),3351.919316478848,182.864819149259,-91.71881403992711,107.3783913448969,0.0,0.0,40.0,7314.59276597036,VWNSGYHDTAYLSTASSG
T52V_S55H_H57Y_V99T_S100T_S103P_L108G,inf,,0.0,,0.062286584641624,0.02567949606977028,134006.0640608394,Valid (Non-binding),3350.151601520985,120.3626903728857,-237.6899200888702,110.9337206431109,0.0,0.0,40.0,4814.507614915427,VWNHGYIDTTYLPTASSG
T52V_S55H_H57Y_I58D_V99T_S100A_L108G,136.5651045408896,158.8358787329958,0.3447919383126014,0.4018391064570124,0.06224678863739005,0.0257052921881457,133920.4452085067,Valid,3348.011130212667,144.0149710590568,118.2498731262417,132.5786775870236,0.03531943847472527,0.03962836791370843,40.0,5760.598842362271,VWNHGYDDTAYLSTASSG
T52V_S55H_I58H_V99T_S100T_S103P_L108G,169.0870743226321,228.9733860707456,0.2803798442934358,0.3792250139869719,0.06222515749288364,0.02572826510824343,133873.9070245123,Valid,3346.847675612807,159.6009347275347,96.1256798827626,126.3491357626055,0.02872125928622133,0.03777652083918664,40.0,6384.037389101388,VWNHGHHDTTYLPTASSG
T52V_H57Y_I58H_V99T_S100L_S103P_L108G,134.1470119678106,158.5655442925078,0.2213597313771223,0.2528323819634563,0.06203568646725702,0.04472071884862155,96306.2912882764,Valid,2407.65728220691,79.01807423511254,86.51487546005956,98.54748286890732,0.03593321861023267,0.04094784563847697,40.0,3160.722969404501,VWNSGYHDTLYLPTASSG
T52V_S55A_V99T_S100L_L108G,3255.878963684618,70501.18571255916,0.01496851227404225,0.3236581532150798,0.06200978970838296,0.02549094639330282,133410.5554168989,Valid,3335.263885422474,58.00657439619052,5.114056551264639,110.5674077528625,0.001533328913977926,0.0331510331191948,40.0,2320.262975847621,VWNAGHIDTLYLSTASSG
T52V_S55H_I58T_V99T_S100T_L108G,inf,,0.0,,0.06192330651936057,0.04499846346075302,96131.82886812104,Valid (Non-binding),1922.636577362421,187.0372868212878,-64.79146089317328,63.19395367474851,0.0,0.0,50.0,9351.86434106439,VWNHGHTDTTYLSTASSG
S55H_H57W_I58T_S100A_L108G,inf,,0.0,,0.06190195575102831,0.0446140972763066,96098.6832154922,Valid (Non-binding),1921.973664309844,55.6769902683325,-9.770729577319798,142.3426281210762,0.0,0.0,50.0,2783.849513416625,TWNHGWTDVAYLSTASSG
T52V_S55H_H57Y_I58H_V99T_S103P_L108G,inf,,0.0,,0.06186738477854047,0.03969141956698399,99818.89450236871,Valid (Non-binding),2495.472362559218,232.2862055160985,-129.3491755031037,184.7504117759905,0.0,0.0,40.0,9291.44822064394,VWNHGYHDTSYLPTASSG
T52V_S55A_H57W_I58D_L108G,259.092373383276,338.6669370086504,0.1166317103236512,0.1498383351137255,0.06181815697114524,0.04453810240147983,95968.59116421329,Valid,2399.214779105332,52.31780339231223,45.42378010332322,58.24215225944864,0.01893276937893062,0.02427901621130133,40.0,2092.712135692489,VWNAGWDDVSYLSTASSG
T52V_S55A_H57W_I58T_S100A_L108G,88.93158155434426,24.45331491415429,0.3279146872801614,0.08905834246615293,0.06176779899472074,0.04454665361435908,95890.41374372508,Valid,2397.260343593127,93.52104018822297,127.6067273607114,32.84488852446274,0.05323023329600005,0.01385748686652226,40.0,3740.841607528919,VWNAGWTDVAYLSTASSG
T52V_S55G_H57W_I58D_S100T_L108G,30.61632090059673,11.78994208218512,0.864815466962162,0.2939956526518445,0.06176221928611336,0.04452684329337562,95881.7516159556,Valid,2397.04379039889,81.40431014457315,336.5091803121541,110.8056662543911,0.1403850783452546,0.04647116549496953,40.0,3256.172405782926,VWNGGWDDVTYLSTASSG
S55H_H57Y_I58H_V99T_S100A_S103P_L108G,575.0895906141676,2353.705254019652,0.08414304890456908,0.3424383519728163,0.0617211933439377,0.0254387690104906,132789.6566611863,Valid,3319.741416529657,114.4661836000529,28.61404057444724,116.0968699574867,0.008619358252414543,0.0349729233781053,40.0,4578.647344002116,TWNHGYHDTAYLPTASSG
T52V_S55A_H57Y_I58D_L108G,32.03492159069403,3.935028898145613,1.317958961315697,0.4384881390615152,0.06169540079306379,0.0259915538464073,132734.1654467524,Valid,3318.354136168811,311.2908421340191,448.003397015782,22.35246577173679,0.1350077112423637,0.01434481895446194,40.0,12451.63368536076,VWNAGYDDVSYLSTASSG
T52V_S55H_H57W_I58D_S100L_S103P_L108G,268.7333928679498,432.0339239794578,0.1809291962234247,0.2888929669495165,0.06138787917635163,0.0390332814272925,99045.24422945811,Valid,2476.131105736453,91.67802248627606,45.22888274232128,71.36518550247551,0.01826594829229338,0.02882918022256892,40.0,3667.120899451043,VWNHGWDDVLYLPTASSG
T52V_H57W_I58D_V99T_S100L_L108G,inf,,0.0,,0.0612189355061444,0.02515078771044798,131709.0773297999,Valid (Non-binding),3292.726933244997,32.98570069397719,-80.10665712896707,105.4050943633964,0.0,0.0,40.0,1319.428027759088,VWNSGWDDTLYLSTASSG
T52V_S55H_H57Y_V99T_S100A_S103P_L108G,inf,,0.0,,0.06119194879920743,0.02542644065778384,131651.0169561353,Valid (Non-binding),3291.275423903381,207.4436005317052,-232.2901688169995,116.7888273179886,0.0,0.0,40.0,8297.744021268207,VWNHGYIDTAYLPTASSG
T52V_I58D_S100T_L108G,inf,,0.0,,0.06112512084206757,0.04410825802786614,94892.698510789,Valid (Non-binding),1897.85397021578,87.26810658575577,-120.3405020735499,139.8392284482116,0.0,0.0,50.0,4363.405329287789,VWNSGHDDVTYLSTASSG
T52V_S55G_I58D_S100K_L108G,23.47627535202276,4.966744225414984,1.739214912725272,0.5185485147799462,0.0610433175787119,0.03889786648675655,98489.31709777989,Valid,1969.786341955598,109.9530047042244,345.8644639450149,57.15185631375029,0.1755847609348543,0.03062495311143672,50.0,5497.65023521122,VWNGGHDDVKYLSTASSG
T52V_S55G_H57Y_I58H_S100L_S103P_L108G,inf,,0.0,,0.06102742675500379,0.03888202834176765,98463.67831474496,Valid (Non-binding),2461.591957868624,134.7497576564414,-143.3253082101151,67.00905877261872,0.0,0.0,40.0,5389.990306257656,VWNGGYHDVLYLPTASSG
T52V_S55H_H57Y_S100L_S103P_L108G,353.5139616966465,715.4724449047383,0.1381434701084678,0.2777040011691392,0.06087219741656053,0.0387135333798429,98213.22614171056,Valid,2455.330653542764,96.38656763267389,34.24316645749377,68.32454020846822,0.01394645825322336,0.0278324072428695,40.0,3855.462705306955,VWNHGYIDVLYLPTASSG
T52V_S55H_I58D_V99T_L108G,198.6652555778352,307.9283508516485,0.2396604499554681,0.3701450538018365,0.06085150123355546,0.02519948400798001,130918.563273619,Valid,2618.371265472381,138.723428000493,64.28124566567794,97.12928893187983,0.02455008826033727,0.03711810426289908,50.0,6936.171400024649,VWNHGHDDTSYLSTASSG
T52V_S55H_H57Y_I58D_V99T_S100T_L108G,429.2723823519942,1542.871856297648,0.07092678798569776,0.2520466580048391,0.06084735668727455,0.04404980239249825,94461.4880716967,Valid,1889.229761433934,139.9486363255697,21.75166828710098,77.26197291006707,0.01151351134262853,0.04090490977459168,50.0,6997.431816278486,VWNHGYDDTTYLSTASSG
T52V_S55H_V99T_S100L_L108G,92.46358342872747,62.62370510356938,0.5008076357850437,0.3584369156706612,0.06076755081538385,0.02499244947111781,130737.9486969784,Valid,3268.44871742446,70.63655643771128,167.6753820474182,107.6762414904021,0.0513012124539456,0.03296279376512758,40.0,2825.462257508451,VWNHGHIDTLYLSTASSG
T52V_H57W_I58H_V99T_S100L_S103P_L108G,49.58133956800051,32.13263935442843,0.5643237310573785,0.3350817047876026,0.06063808766644758,0.04378470420812485,94136.61178797876,Valid,2353.415294699469,124.0509195805427,215.5879017743282,126.4092237527286,0.09160639954192987,0.0539297023916253,40.0,4962.036783221708,VWNSGWHDTLYLPTASSG
T52V_S55H_H57W_I58H_S100K_L108G,inf,,0.0,,0.06063471076869362,0.03916891370894652,97830.05729217855,Valid (Non-binding),1956.601145843571,234.4832947986317,-46.23553773541335,58.64033524620749,0.0,0.0,50.0,11724.16473993158,VWNHGWHDVKYLSTASSG
S55H_H57W_I58D_V99T_S100L_L108G,inf,,0.0,,0.06039042660291166,0.02486179623675649,129926.587283181,Valid (Non-binding),3248.164682079524,91.8866754971442,-8.14151676049778,104.6768201919598,0.0,0.0,40.0,3675.467019885768,TWNHGWDDTLYLSTASSG
T52V_S55A_I58D_V99T_S100T_L108G,inf,,0.0,,0.06038000525463874,0.04379862737647728,93735.95595029149,Valid (Non-binding),1874.71911900583,163.2139314515826,-11.16342760834777,77.9791896624176,0.0,0.0,50.0,8160.69657257913,VWNAGHDDTTYLSTASSG
T52V_S55G_H57W_I58H_V99T_S100A_L108G,128.3931344743981,118.3579169862367,0.3659146850728474,0.3445584956399952,0.06035207154857303,0.02482289152718545,129844.068553051,Valid,3246.101713826275,71.49216008682501,121.6742423295141,107.9266398846335,0.03748318846919097,0.03325832417610254,40.0,2859.686403473001,VWNGGWHDTAYLSTASSG
S55H_H57W_I58H_V99T_S100L_L108G,inf,,0.0,,0.06027178738900232,0.02479357817692819,129671.3417244344,Valid (Non-binding),3241.783543110861,75.02913375564646,-11.72930218490046,101.1001615927718,0.0,0.0,40.0,3001.165350225858,TWNHGWHDTLYLSTASSG
T52V_H57Y_I58D_S100L_S103P_L108G,inf,,0.0,,0.06025716754966034,0.038680739257203,97220.91651653936,Valid (Non-binding),2430.522912913484,232.3766975456806,-195.4173968672662,62.68563675070466,0.0,0.0,40.0,9295.067901827224,VWNSGYDDVLYLPTASSG
T52V_H57W_I58D_V99T_S100T_L108G,242.123680908258,513.5107862093926,0.1246402007202155,0.2591757216208782,0.06014988236861616,0.04378211004154627,93378.7054231278,Valid,1867.574108462556,197.7649178262601,37.7862231089839,78.41588083233573,0.0202327837689347,0.04204272395994045,50.0,9888.245891313005,VWNSGWDDTTYLSTASSG
T52V_S55A_H57W_I58H_V99T_S100L_S103P_L108G,28.29260041253398,2.111521520516552,0.925176910468298,0.09257001070838577,0.06013312434176661,0.04335684952852461,93352.68969722716,Valid,2333.817242430679,82.87071250118315,350.5008941194101,18.41925076968987,0.1501835224057056,0.009525111756282024,40.0,3314.828500047326,VWNAGWHDTLYLPTASSG
T52V_H57Y_S100K_L108G,73.1087326216906,35.51917361049914,0.6340694707080131,0.3265681059657748,0.06005434806691281,0.03875481232788843,96893.68082322745,Valid,1937.873616464549,225.3214453081041,124.0497413938583,54.53524452000875,0.06401332901171043,0.02910942823211989,50.0,11266.0722654052,VWNSGYIDVKYLSTASSG
T52V_S55H_I58H_S100A_L108G,129.8765698898332,596.6811872246915,0.2283683905683721,1.010434722408835,0.05997432827093715,0.04342069203372557,93106.16932284865,Valid,1862.123386456973,138.8206903262868,69.03064735327825,305.3416903745032,0.03707093088209453,0.1639982916849072,50.0,6941.03451631434,VWNHGHHDVAYLSTASSG
S55A_H57W_I58D_S100T_L108G,198.5184928510009,651.8262847553934,0.1513451910911804,0.4848678151789131,0.05992218106445149,0.04324112445758991,93025.2142412872,Valid,1860.504284825744,85.99538980485302,45.70848227998249,146.37926492759,0.02456779199746029,0.0786853929488947,50.0,4299.769490242651,TWNAGWDDVTYLSTASSG
T52V_S55H_S100L_L108G,60.79889553148507,24.94049573993809,0.7418134665911426,0.3657326344047524,0.05974702297621787,0.02558918841430663,128542.3407698782,Valid,2570.846815397564,312.2334275786856,195.3563805768899,70.14403602525987,0.07598911744054242,0.0288030102101127,50.0,15611.67137893428,VWNHGHIDVLYLSTASSG
T52V_S55H_H57Y_I58H_V99T_S100A_L108G,270.7165525609101,510.6630147741923,0.1770314706850847,0.3326019736589387,0.05969050375155996,0.02464490358249831,128420.7428546328,Valid,3210.51857136582,135.6255251837425,58.22136069717044,107.8055009579861,0.01813456592851973,0.03358758124118578,40.0,5425.0210073497,VWNHGYHDTAYLSTASSG
T52V_S55H_H57Y_V99T_S100L_S103P_L108G,98.33460949437504,94.5027726339534,0.2980757883717597,0.2735739824121583,0.05955280832108443,0.04290643856432937,92451.78754058592,Valid,2311.294688514648,50.97561538495014,111.8354586050118,102.247322360377,0.0483864992035623,0.04425098575551421,40.0,2039.024615398006,VWNHGYIDTLYLPTASSG
T52V_S55G_H57W_S100L_S103P_L108G,inf,,0.0,,0.05914148693936032,0.03766257981482724,95420.84034495849,Valid (Non-binding),2385.521008623962,121.9093786561378,-127.3279089607863,67.22804917985448,0.0,0.0,40.0,4876.375146245512,VWNGGWIDVLYLPTASSG
T52V_H57Y_I58H_V99T_S100L_L108G,inf,,0.0,,0.05911002005899189,0.02434759691452175,127171.8650209851,Valid (Non-binding),3179.296625524627,99.54442398051084,-22.40161638061227,104.6974813729609,0.0,0.0,40.0,3981.776959220434,VWNSGYHDTLYLSTASSG
T52V_S55A_H57Y_V99T_S100L_L108G,inf,,0.0,,0.0590970297895169,0.02432197950333724,127143.9171909114,Valid (Non-binding),3178.597929772785,83.97342971611195,-129.932074677989,101.5904836644246,0.0,0.0,40.0,3358.937188644478,VWNAGYIDTLYLSTASSG
T52V_S55H_H57W_S100L_L108G,inf,,0.0,,0.05904143938231819,0.02481906562378211,127024.3175738975,Valid (Non-binding),2540.486351477951,227.5760852223494,-84.15105035657325,52.16203252146139,0.0,0.0,50.0,11378.80426111747,VWNHGWIDVLYLSTASSG
T52V_S55G_H57W_V99T_L108G,60.35628742806554,27.83680211332683,0.7468372013297527,0.3957621187124657,0.0589315882946152,0.02448054992562366,126787.9791716465,Valid,2535.759583432929,157.9223582266378,193.9950755483101,81.73907587768126,0.07650373356202729,0.03258476538222588,50.0,7896.11791133189,VWNGGWIDTSYLSTASSG
T52V_S55A_H57Y_I58H_S100T_S103P_L108G,34.48781790341662,3.917920415089787,1.236090252225766,0.4085568107931242,0.05877147063177624,0.02416084830150432,126443.49507596,Valid,3161.087376898999,56.36851410302516,400.261086169754,39.06663480200212,0.1266213294497436,0.01256317309936836,40.0,2254.740564121007,VWNAGYHDVTYLPTASSG
T52V_S55A_H57Y_S100A_L108G,51.82969851438931,52.14335821036178,0.5419973358353257,0.4990683668354434,0.05859705259352144,0.04237605852057185,90968.04012452885,Valid,1819.360802490577,120.4698471816729,160.071305149535,146.4884121983573,0.08798216655564339,0.08072690418501907,50.0,6023.492359083645,VWNAGYIDVAYLSTASSG
T52V_H57W_I58D_V99T_S100A_S103P_L108G,762.8470448032851,4516.507872551868,0.0635680076161316,0.3744463703048779,0.05854539455957444,0.0241587265610416,125957.1051929955,Valid,3148.927629824887,125.7919757088859,20.50491469060489,120.6079693279634,0.006511713542221095,0.0383021666571352,40.0,5031.679028355436,VWNSGWDDTAYLPTASSG
T52V_S55H_H57Y_I58T_V99T_L108G,48.29395551882579,20.17168747373395,0.9158732227116702,0.4511664707963254,0.05847083114406642,0.02554843875880347,125796.6862216768,Valid,2515.933724433536,375.1667633093302,236.0430652914097,82.116364474599,0.09381926995893143,0.03551046219410246,50.0,18758.33816546651,VWNHGYTDTSYLSTASSG
T52V_S55H_H57Y_I58T_V99T_S100T_L108G,inf,,0.0,,0.05839699067587441,0.0423634950352612,90657.4572582173,Valid (Non-binding),1813.149145164346,158.7083109126837,-65.74019113286886,84.1953663293383,0.0,0.0,50.0,7935.415545634184,VWNHGYTDTTYLSTASSG
T52V_S55A_H57W_I58D_V99T_S100L_S103P_L108G,62.15915788404747,11.98517010034411,0.4586350716949678,0.08921189760264966,0.05832385783381971,0.04237561104021207,90543.92336843956,Valid,2263.598084210989,218.1085359628743,168.5249008124229,25.31434839110487,0.07445001035648284,0.0132862898554417,40.0,8724.341438514972,VWNAGWDDTLYLPTASSG
T52V_S55A_I58D_S100A_L108G,58.71436936372972,93.8355746056458,0.4834316889379426,0.7129580567963878,0.0582719854278581,0.04222346671726773,90463.39489647691,Valid,1809.267897929538,145.1247435048826,141.9827203814002,208.7952132666803,0.0784752332940192,0.1155746918943582,50.0,7256.23717524413,VWNAGHDDVAYLSTASSG
T52V_S55G_H57W_S100A_L108G,49.25046010510038,57.72913454879669,0.567765602935927,0.6057677141900453,0.05826259690769896,0.04211907739040041,90448.8198412353,Valid,1808.976396824706,114.5447189636413,166.7245211672071,177.1009377878163,0.09216511694672103,0.09807497349543438,50.0,5727.235948182065,VWNGGWIDVAYLSTASSG
T52V_S55A_H57Y_I58T_S100A_S103P_L108G,30.53454719471013,3.440223115925417,1.373607113230518,0.4530286538707197,0.05801693427897042,0.02386225768205121,124820.1527878558,Valid,3120.503819696394,68.5362718785777,439.0802846871411,41.40056111177181,0.1407081388318444,0.01362244435410211,40.0,2741.450875143108,VWNAGYTDVAYLPTASSG
T52V_S55H_H57W_I58H_V99T_S100A_L108G,inf,,0.0,,0.05785437004198556,0.02379379111694112,124470.4050262674,Valid (Non-binding),3111.760125656684,66.70892006886552,-21.34596865334288,133.1573317523469,0.0,0.0,40.0,2668.356802754621,VWNHGWHDTAYLSTASSG
T52V_S55H_I58H_V99T_S100L_S103P_L108G,inf,,0.0,,0.05779735281658301,0.0417982428748406,89726.55922785736,Valid (Non-binding),2243.163980696434,148.7478102873648,-64.73630603141646,103.5599377596696,0.0,0.0,40.0,5949.912411494593,VWNHGHHDTLYLPTASSG
T52V_S55A_H57W_I58D_V99T_S100A_S103P_L108G,185.6358113209707,119.8317734845469,0.161572712795623,0.102329786962056,0.05777295552229643,0.04161363953186428,89688.68404561932,Valid,2242.217101140483,33.68348252237487,58.80891647806129,36.9561414236346,0.02622802067121363,0.0164866727308079,40.0,1347.339300894995,VWNAGWDDTAYLPTASSG
T52V_S55H_I58H_S100L_L108G,inf,,0.0,,0.05731828938773213,0.02431172789769122,123317.057818213,Valid (Non-binding),2466.341156364259,261.2696390163791,-27.42988644558864,74.19101243722085,0.0,0.0,50.0,13063.48195081895,VWNHGHHDVLYLSTASSG
T52V_H57W_I58D_V99T_S100L_S103P_L108G,inf,,0.0,,0.05731591134257944,0.04128693562480625,88979.15325116816,Valid (Non-binding),2224.478831279204,37.78945585876413,-185.7071635449829,148.6488683341011,0.0,0.0,40.0,1511.578234350565,VWNSGWDDTLYLPTASSG
T52V_S55G_H57Y_I58H_V99T_S100A_L108G,inf,,0.0,,0.05727839206301675,0.02368056624713707,123231.2209805949,Valid (Non-binding),3080.780524514873,145.8095190845814,-30.27335756339426,101.0736110266526,0.0,0.0,40.0,5832.380763383257,VWNGGYHDTAYLSTASSG
S55G_H57Y_I58H_S100T_L108G,396.0146338560676,2711.071080527632,0.07680903037114371,0.5193037004524381,0.05718393471549139,0.04122240548932188,88774.2682855074,Valid,1775.485365710148,57.75767383372062,22.13741364794441,149.658895373999,0.01246837291677142,0.084292797274888,50.0,2887.883691686031,TWNGGYHDVTYLSTASSG
T52V_S55A_H57W_V99T_S100T_L108G,inf,,0.0,,0.05716415243434014,0.04149321796937803,88743.557605262,Valid (Non-binding),1774.87115210524,161.4351573067692,-6.480602673296744,86.78001014642719,0.0,0.0,50.0,8071.757865338461,VWNAGWIDTTYLSTASSG
T52V_S55H_H57W_I58T_S100T_L108G,99.31039246810172,318.5026377672058,0.2952874058118699,0.9019237385476225,0.0571091882405987,0.04129268877829243,88658.22933770616,Valid,1773.164586754123,114.8813517866441,84.99462732327265,259.4652137927056,0.04793386240521535,0.1463618461516198,50.0,5744.067589332205,VWNHGWTDVTYLSTASSG
T52V_H57W_I58D_V99T_L108G,36.33962548565471,10.57401166558801,1.180719617525735,0.4793588781620855,0.05701042018803031,0.02356181377337827,122654.694647476,Valid,2453.09389294952,113.0689704645324,296.7000624861453,74.64876136052709,0.1209493298804812,0.03093689432539875,50.0,5653.44852322662,VWNSGWDDTSYLSTASSG
T52V_I58D_S100K_L108G,109.6611178900124,106.0323190748568,0.431936855862654,0.4128616873169971,0.05685330727165377,0.03619507008848295,91729.01523111449,Valid,1834.58030462229,89.49735179721047,80.0001054578106,73.87670198587776,0.04360676131551588,0.04032514347246436,50.0,4474.867589860523,VWNSGHDDVKYLSTASSG
T52V_S55A_H57W_I58H_S103P_L108G,249.4825456990601,337.6732735155302,0.1210359834562026,0.1608757380446163,0.05678602726206785,0.0410041730164801,88156.54333882836,Valid,2203.913583470709,116.6537802677418,43.30186137946293,57.41157323943093,0.01964771291589004,0.02607057988663643,40.0,4666.151210709671,VWNAGWHDVSYLPTASSG
T52V_S55H_I58T_S100K_L108G,72.74337548577401,43.15711042799652,0.6370492976623036,0.3857352633549936,0.05673397344562133,0.03625992067248766,91536.47807063915,Valid,1830.729561412783,136.343136195361,117.7418365213498,64.77028545615943,0.06431416141578433,0.03570224921366962,50.0,6817.15680976805,VWNHGHTDVKYLSTASSG
T52V_S55H_I58T_S100A_L108G,70.00771235899742,93.46154545746668,0.4106450419885259,0.5126602196082711,0.05669548645611739,0.04131998195746685,88015.98473896596,Valid,1760.319694779319,197.2541956032093,117.3425798106055,145.6194369189766,0.0666598119413281,0.08305984608785755,50.0,9862.709780160465,VWNHGHTDVAYLSTASSG
T52V_S55A_H57W_I58H_V99T_L108G,55.27514091589329,20.37523911537169,0.5110157309147335,0.1772112062933661,0.05668993982143154,0.04093703465274312,88007.3739562674,Valid,2200.184348906685,117.6388815173105,182.5117548855487,60.91911603797524,0.08295293754645715,0.02804117770856827,40.0,4705.555260692419,VWNAGWHDTSYLSTASSG
T52V_S55H_H57W_I58T_V99T_S100L_L108G,427.1487186231467,1316.883689656807,0.112948401068023,0.3460241138944669,0.05662417208629131,0.02331308762171658,121823.7037019486,Valid,3045.592592548716,87.55350124158629,35.23778344469201,107.3750663203295,0.01157009099999259,0.03525745529057589,40.0,3502.140049663451,VWNHGWTDTLYLSTASSG
T52V_S55A_H57W_V99T_S100A_L108G,inf,,0.0,,0.05655884218401237,0.02323355535401815,121683.1501121146,Valid (Non-binding),3042.078752802866,23.75684921142332,-5.55653445055259,100.2807850023473,0.0,0.0,40.0,950.2739684569327,VWNAGWIDTAYLSTASSG
T52V_S55A_H57W_S100L_S103P_L108G,198.824849038667,249.500526946873,0.2429849107441928,0.3031840121785561,0.05641412435294113,0.03593858187666574,91020.42291567812,Valid,2275.510572891953,122.5752711563613,55.82024428386239,68.26296619204815,0.02453086570936925,0.03002805570477578,40.0,4903.010846254452,VWNAGWIDVLYLPTASSG
T52V_S55G_H57W_I58H_V99T_S100L_L108G,194.9424899910284,275.0375913069249,0.2441227314627798,0.3445186255516838,0.05628427101151467,0.02314243049272377,121092.4257636424,Valid,3027.310644091059,58.80898615693799,75.70453494469575,104.1275247269098,0.02500719081884173,0.03439947921262506,40.0,2352.35944627752,VWNGGWHDTLYLSTASSG
T52V_S55A_H57W_I58D_V99T_S100T_L108G,88.16528990806111,25.31658934548475,0.3306118107024607,0.09341207836853639,0.05621182278561144,0.04049998519114528,87265.12894950212,Valid,2181.628223737553,48.93350739260957,117.0837457754096,31.70758328566853,0.053668056042483,0.01458367313769764,40.0,1957.340295704383,VWNAGWDDTTYLSTASSG
T52V_S55A_H57W_I58T_S100T_L108G,143.8269417509671,101.2964068650477,0.2069621590603141,0.1417727032908852,0.05613991237556287,0.04045112628024006,87153.49280438664,Valid,2178.837320109666,52.42189350307498,73.2003659577822,49.79138778239054,0.03359606762844408,0.02286656498828725,40.0,2096.875740123,VWNAGWTDVTYLSTASSG
T52V_S55H_H57W_I58H_S100L_S103P_L108G,inf,,0.0,,0.05601148012359671,0.03564576048479524,90370.78333587712,Valid (Non-binding),2259.269583396928,102.9389439235203,-77.40576104357069,74.62106336194417,0.0,0.0,40.0,4117.557756940812,VWNHGWHDVLYLPTASSG
T52V_H57W_I58H_S100L_S103P_L108G,inf,,0.0,,0.05592808699503706,0.03565688345482745,90236.23409104132,Valid (Non-binding),2255.905852276033,134.1879910568329,-346.5034337740731,61.91414069194607,0.0,0.0,40.0,5367.519642273317,VWNSGWHDVLYLPTASSG
S55H_I58D_V99T_S100T_L108G,inf,,0.0,,0.05575073207593241,0.04043179232491117,86549.3161855037,Valid (Non-binding),1730.986323710074,148.3964760367289,-172.0483248108558,63.24396610515274,0.0,0.0,50.0,7419.823801836445,TWNHGHDDTTYLSTASSG
S55H_H57Y_I58H_V99T_S100T_L108G,inf,,0.0,,0.05567195553822354,0.04051488654485426,86427.02083230765,Valid (Non-binding),1728.540416646153,181.3668747013255,-129.6916031694691,66.68488944559914,0.0,0.0,50.0,9068.343735066273,TWNHGYHDTTYLSTASSG
S55H_H57Y_I58H_S100L_S103P_L108G,519.9095227401024,1727.090847137937,0.0943521894831978,0.3112808596022779,0.05534941319114169,0.03541320455229526,89302.58254606197,Valid,2232.564563651549,179.0072507005692,21.26618461784847,69.9505801931331,0.009525451117555057,0.03134124782898001,40.0,7160.290028022768,TWNHGYHDVLYLPTASSG
S55H_H57Y_I58D_S100A_L108G,inf,,0.0,,0.05534684530541608,0.03990599134483588,85922.30874536911,Valid (Non-binding),1718.446174907382,61.09406180644734,-49.01836554376314,140.1035954764654,0.0,0.0,50.0,3054.703090322367,TWNHGYDDVAYLSTASSG
T52V_S55H_H57W_I58D_V99T_S100A_L108G,inf,,0.0,,0.05525356774200552,0.02282362713228516,118874.9259736594,Valid (Non-binding),2971.873149341484,131.0180473125137,-13.23096993224362,103.1567654413179,0.0,0.0,40.0,5240.721892500547,VWNHGWDDTAYLSTASSG
T52V_H57Y_I58H_S100K_L108G,inf,,0.0,,0.05514002237216978,0.03522838074251403,88964.74444051509,Valid (Non-binding),1779.294888810302,128.9167749661568,-58.75311113319094,58.11944156099216,0.0,0.0,50.0,6445.83874830784,VWNSGYHDVKYLSTASSG
T52V_S55A_H57W_I58H_V99T_S103P_L108G,94.84799692880799,26.87323524246961,0.3084843576089503,0.08638990886978724,0.05497658046086092,0.03966478920517795,85347.49711670504,Valid,2133.687427917626,93.97850077425812,106.8467817856654,28.36920920156023,0.05007611723613264,0.01347755908889764,40.0,3759.140030970325,VWNAGWHDTSYLPTASSG
T52V_S55H_H57Y_I58H_S100L_S103P_L108G,inf,,0.0,,0.05495412000472865,0.03494336525104441,88664.80338320724,Valid (Non-binding),2216.620084580181,82.73786241618595,-297.0883318246601,61.69736615335552,0.0,0.0,40.0,3309.514496647438,VWNHGYHDVLYLPTASSG
S55H_H57Y_I58D_S100K_L108G,inf,,0.0,,0.05488772277422036,0.03508853713097875,88557.67588507425,Valid (Non-binding),1771.153517701485,134.2657025377594,-121.6075420724565,59.44301098384538,0.0,0.0,50.0,6713.28512688797,TWNHGYDDVKYLSTASSG
H57Y_I58D_S100T_L108G,62.30179147177044,85.00822144406338,0.4576630802471788,0.579153637324748,0.05484344223381282,0.03961915870192362,85140.8088441014,Valid,1702.816176882028,97.3376781786178,126.5060067231843,159.6247573708221,0.07429222745277496,0.09383777139910482,50.0,4866.883908930889,TWNSGYDDVTYLSTASSG
T52V_S55G_H57W_I58T_S100L_L108G,101.9220958828249,124.1583287560331,0.288074648526147,0.3352553736637812,0.0547996474377004,0.03948316880851799,85072.82032601608,Valid,2126.820508150402,48.49555980212966,99.4565478065997,115.4670391346964,0.04676301898795046,0.05430138866238969,40.0,1939.822392085186,VWNGGWTDVLYLSTASSG
T52V_H57W_I58H_V99T_S100L_L108G,526.6383081706962,2083.38357463326,0.09181149296789859,0.360953304447739,0.0547966530441083,0.02252632645761594,117891.8998432487,Valid,2947.297496081216,51.95596518592079,27.71900981160024,108.6241238804069,0.009404890360900444,0.0368558732468833,40.0,2078.238607436831,VWNSGWHDTLYLSTASSG
T52V_S55A_H57Y_I58D_S100T_S103P_L108G,34.31998667014353,6.455546143806678,1.241366310765873,0.4412641531301404,0.05430437893496189,0.02239238684534156,116832.7999393878,Valid,2920.819998484694,107.2532100581245,371.4167076132981,59.43435525845755,0.1271617928547418,0.02087739317893252,40.0,4290.12840232498,VWNAGYDDVTYLPTASSG
S55H_H57Y_I58H_V99T_S100L_L108G,inf,,0.0,,0.05423712373082819,0.02239646163933919,116688.1041715042,Valid (Non-binding),2917.202604287605,124.8741972835571,-53.97371965458706,112.9192448364365,0.0,0.0,40.0,4994.967891342284,TWNHGYHDTLYLSTASSG
T52V_S55A_H57Y_I58T_S100T_S103P_L108G,25.25412988399812,2.798649801118493,1.613350209681489,0.5300992755558224,0.05421632833964753,0.02229575751847538,116643.3640635217,Valid,2916.084101588043,60.61277669105588,481.9315764110615,43.44093605292361,0.1652666931480511,0.01528794910591496,40.0,2424.511067642235,VWNAGYTDVTYLPTASSG
S55A_H57W_I58H_S100T_L108G,62.12057603213718,77.32062144164657,0.4588987015900469,0.5298272152248615,0.05420813091374585,0.03918399375015562,84154.5301304548,Valid,1683.090602609096,105.1327780788716,125.3781405126228,144.2188675926374,0.07449280527041383,0.08581317886309808,50.0,5256.63890394358,TWNAGWHDVTYLSTASSG
T52V_S55A_H57Y_I58H_V99T_S100T_S103P_L108G,29.38023173541604,2.220693392773789,1.419725939246602,0.456908291572594,0.05410636349653056,0.02238387387974267,116406.7809229312,Valid,2910.16952307328,144.486192196905,423.2329708347243,17.4870090913846,0.1454324112321023,0.00939379342186339,40.0,5779.4476878762,VWNAGYHDTTYLPTASSG
T52V_S55A_H57Y_I58D_V99T_S100A_L108G,22.65485307290504,1.852349304309152,1.764988830835687,0.5688849476260929,0.05392224816441048,0.02216317139387436,116010.6671990431,Valid,2900.266679976077,46.2591857151855,524.3684846797514,34.11237907274988,0.1808000927294302,0.01211016833477646,40.0,1850.36742860742,VWNAGYDDTAYLSTASSG
T52V_S55H_H57Y_I58H_S100K_S103P_L108G,inf,,0.0,,0.05381085211861941,0.03437172772253094,86820.21698408943,Valid (Non-binding),2170.505424602236,154.585620915024,-178.8462357340295,184.0455408802466,0.0,0.0,40.0,6183.424836600961,VWNHGYHDVKYLPTASSG
T52V_S55A_I58H_S100A_L108G,44.28189744580495,44.06297481380099,0.6250072904558124,0.5609086925682232,0.05363413922803785,0.03872195241199086,83263.44608466094,Valid,1665.268921693219,85.43379021926476,168.9534096697989,150.8124622847693,0.1014571325200795,0.09071288458056881,50.0,4271.689510963238,VWNAGHHDVAYLSTASSG
T52V_S55G_H57Y_I58H_S103P_L108G,inf,,0.0,,0.05357671462911991,0.02255641287472094,115267.271340501,Valid (Non-binding),2305.345426810019,213.3770785966166,-117.976337300046,54.15572307065086,0.0,0.0,50.0,10668.85392983083,VWNGGYHDVSYLPTASSG
S55H_H57Y_I58D_S100K_S103P_L108G,inf,,0.0,,0.05351896745826534,0.03404978608586746,86349.28057352292,Valid (Non-binding),2158.732014338073,92.71114428458337,-64.18514442928154,184.9682604357006,0.0,0.0,40.0,3708.445771383335,TWNHGYDDVKYLPTASSG
S55H_H57W_V99T_S100T_L108G,inf,,0.0,,0.05339636262655641,0.03881558176023998,82894.3136715636,Valid (Non-binding),1657.886273431272,164.3797662870268,-54.95435052815992,63.69523613566193,0.0,0.0,50.0,8218.98831435134,TWNHGWIDTTYLSTASSG
S55H_H57Y_S100L_L108G,55.16666906965302,19.02872877599336,0.8112549281326015,0.3622834427729847,0.05332668105142855,0.02249685968928059,114729.3382394608,Valid,2294.586764789216,221.1563624484108,190.6858731146349,57.43898292508923,0.08310248975577593,0.02628257077588534,50.0,11057.81812242054,TWNHGYIDVLYLSTASSG
S55H_S100T_L108G,inf,,0.0,,0.05332643300856469,0.03861606760005556,82785.75257482225,Valid (Non-binding),1655.715051496445,125.9323088200631,-67.91353276453992,161.161865345963,0.0,0.0,50.0,6296.615441003155,TWNHGHIDVTYLSTASSG
T52V_S55A_H57Y_I58T_S100L_L108G,29.08386905853195,2.825257796041578,1.432070599386986,0.4668471559776105,0.05317376607610926,0.02189974131190924,114400.3503186043,Valid,2860.008757965108,87.62021250191434,419.5545923870377,32.31493718996654,0.1466969607063547,0.0121599085825465,40.0,3504.808500076574,VWNAGYTDVLYLSTASSG
T52V_S55A_I58T_S100T_L108G,85.20370000118652,227.3822704614111,0.3414665384093846,0.861162205548193,0.05309475142686593,0.03826995611263903,82426.08227593734,Valid,1648.521645518747,50.31652212492286,91.37771762671946,230.3248062627052,0.05543009876462086,0.1397262164283057,50.0,2515.826106246143,VWNAGHTDVTYLSTASSG
S55A_H57W_I58D_S100A_L108G,266.4614045333998,1661.890651021716,0.1134656517528408,0.6946938599989235,0.05296335658915257,0.03839164197606938,82222.10049971765,Valid,1644.442009994353,135.984097840266,30.28868897257962,185.4108759836872,0.01841882461558109,0.112760311116996,50.0,6799.2048920133,TWNAGWDDVAYLSTASSG
T52V_S55H_H57Y_I58T_S100K_L108G,273.5134652850344,528.0474903675612,0.1778239436302411,0.3398762926975604,0.05290126884626566,0.03373032206803558,85352.66510632375,Valid,1707.053302126475,102.6355710436985,30.64579481605051,58.07365911019136,0.01795245337557713,0.03403694662020184,50.0,5131.778552184926,VWNHGYTDVKYLSTASSG
T52V_S55A_H57W_I58D_S100T_S103P_L108G,52.6666945736027,11.56760577929273,0.5341305829799264,0.1148403856460336,0.05266805531565203,0.03803943628599676,81763.66484625627,Valid,2044.091621156407,112.7462581429324,177.2332917874664,34.181558170142,0.08670516035245034,0.01739255425343252,40.0,4509.850325717296,VWNAGWDDVTYLPTASSG
T52V_S55G_H57Y_S100K_L108G,104.5050959463453,78.48363227857666,0.4522745021416697,0.342102838617879,0.05248340166361063,0.0337532618802798,84678.46430778099,Valid,1693.56928615562,174.9913902873114,77.32833214380389,54.84317194517362,0.04565997551794187,0.03272505902515092,50.0,8749.56951436557,VWNGGYIDVKYLSTASSG
T52V_H57W_I58D_S100L_S103P_L108G,inf,,0.0,,0.05234768188973939,0.03363435135476485,84459.48951454491,Valid (Non-binding),2111.487237863623,210.087549792184,-258.6752108728947,69.7994764792,0.0,0.0,40.0,8403.50199168736,VWNSGWDDVLYLPTASSG
S55A_H57W_I58D_S100K_L108G,378.4367044655809,2652.108082429675,0.1291643762172872,0.8939341564470623,0.05229819421088073,0.03330273965311183,84379.6444489608,Valid,1687.592888979216,85.48198425635034,22.00614689889062,152.2053426766319,0.01303996185490068,0.09019321266637143,50.0,4274.099212817518,TWNAGWDDVKYLSTASSG
T52V_S55G_H57Y_I58T_S100T_L108G,inf,,0.0,,0.05228430267320253,0.03783311112850013,81167.91430538181,Valid (Non-binding),1623.358286107636,114.8035462737512,-92.87402013272913,163.0933147380406,0.0,0.0,50.0,5740.17731368756,VWNGGYTDVTYLSTASSG
T52V_S55A_H57W_I58T_S100T_S103P_L108G,14934.04567023848,298373.4660880186,0.002061814781949995,0.04118037084849535,0.05226023393221448,0.03763529975433635,81130.54918036201,Valid,2028.26372950905,8.519320200759552,0.6788464853379992,13.55841455765907,0.0003346934007947364,0.006684739592895138,40.0,340.7728080303821,VWNAGWTDVTYLPTASSG
T52V_S55H_H57Y_I58H_V99T_S100T_L108G,202.8574755155834,372.2727779982864,0.1481858909078039,0.2656485980753519,0.05219828450845067,0.03798920342795686,81034.37680620304,Valid,1620.687536124061,170.5358587912084,38.98554844140199,69.70251386108515,0.02405494431988876,0.043082409830806,50.0,8526.79293956042,VWNHGYHDTTYLSTASSG
T52V_H57Y_I58D_S100A_L108G,11460.60633554334,2373098.347866294,0.002686429682801779,0.5560248713382998,0.05203743332872658,0.03764181720883442,80784.66601148575,Valid,1615.693320229715,110.1673794431618,0.7045825894183508,145.8312486245979,0.0004360868368993288,0.09025924333054415,50.0,5508.36897215809,VWNSGYDDVAYLSTASSG
S55H_H57Y_I58D_V99T_S100A_L108G,inf,,0.0,,0.05198633907754932,0.02150595163913671,111845.6682895265,Valid (Non-binding),2796.141707238162,138.4364947583434,-4.237620989174047,100.2390322510695,0.0,0.0,40.0,5537.459790333736,TWNHGYDDTAYLSTASSG
T52V_S55H_I58D_V99T_S100A_L108G,inf,,0.0,,0.05197652449284642,0.02138241220006828,111824.55276563,Valid (Non-binding),2795.613819140751,65.83771880709479,-113.237867946817,104.5146806773946,0.0,0.0,40.0,2633.508752283792,VWNHGHDDTAYLSTASSG
T52V_S55G_H57Y_I58D_V99T_L108G,85.82510870382961,71.44889508419993,0.537412038242034,0.4554523720697797,0.05183700208908932,0.02167031517082551,111524.3782050345,Valid,2230.48756410069,173.9165685631173,122.790250181481,96.11907871941509,0.05505085621537138,0.04330655813309914,50.0,8695.828428155864,VWNGGYDDTSYLSTASSG
T52V_S55H_H57W_I58H_S100L_L108G,inf,,0.0,,0.05151853147683314,0.02293248608524361,110839.20669478,Valid (Non-binding),2216.7841338956,380.4718515744162,-58.80769468863582,67.6108267781087,0.0,0.0,50.0,19023.59257872081,VWNHGWHDVLYLSTASSG
T52V_S55G_H57W_I58T_S100A_S103P_L108G,40.00433749201625,21.33838955774656,0.6844128123558747,0.3288019532928783,0.05142311583740149,0.03710951368428145,79830.9788254132,Valid,1995.77447063533,93.1498839132376,221.7313465606931,104.6212553107228,0.1111004022864907,0.05267722615474692,40.0,3725.995356529504,VWNGGWTDVAYLPTASSG
T52V_S55H_I58H_S100L_S103P_L108G,277.2394840490144,536.2318922901321,0.1754763792811788,0.3360801627786346,0.05135943783616091,0.03273044446091839,82865.02371839312,Valid,2071.625592959828,117.1542107158655,36.69978351788768,69.69568641755907,0.01771545188600078,0.03365790693535729,40.0,4686.16842863462,VWNHGHHDVLYLPTASSG
T52V_S55H_H57W_I58D_V99T_S100T_L108G,117.072388641068,231.9728944500638,0.2523219667773537,0.4798822525870595,0.05135891353923212,0.03727174239989652,79731.30901306834,Valid,1594.626180261367,143.1253599002252,65.31477748625366,123.9784722219837,0.04095930337450514,0.07783453952375365,50.0,7156.26799501126,VWNHGWDDTTYLSTASSG
S55H_H57W_S100K_L108G,182.9542368117834,267.9304964230296,0.263502241775505,0.3809908217440433,0.05132937627125889,0.03273415622236821,82816.52139061135,Valid,1656.330427812227,101.6477027644434,44.0620668070087,62.7526494689894,0.02660222022559129,0.03792171004974433,50.0,5082.38513822217,TWNHGWIDVKYLSTASSG
T52V_S55A_H57W_S100A_L108G,inf,,0.0,,0.05127803752699565,0.03696914546922707,79605.75436482904,Valid (Non-binding),1592.115087296581,54.57144910105198,-171.9549392306635,157.7049346167849,0.0,0.0,50.0,2728.572455052599,VWNAGWIDVAYLSTASSG
S55A_H57Y_I58D_S100A_L108G,inf,,0.0,,0.05119348720563471,0.03690039259142874,79474.49559522065,Valid (Non-binding),1589.489911904413,49.12766582269698,-8.07492475530853,146.2029494527895,0.0,0.0,50.0,2456.383291134849,TWNAGYDDVAYLSTASSG
T52V_S55A_H57W_I58H_V99T_S100T_L108G,71.26575969350091,81.52731243262903,0.4038712171085678,0.4328640044057308,0.05097919514903491,0.03671791260790933,79141.82138141057,Valid,1978.545534535264,25.28371576041046,129.713880939933,138.6528960813794,0.06556022021014604,0.07008320087159656,40.0,1011.348630416418,VWNAGWHDTTYLSTASSG
T52V_S55H_H57W_V99T_S100T_L108G,inf,,0.0,,0.05061082926538493,0.03675968660275049,78569.9577636817,Valid (Non-binding),1571.399155273634,148.5836961747835,-143.966752626684,65.24046365524427,0.0,0.0,50.0,7429.184808739175,VWNHGWIDTTYLSTASSG
T52V_S55H_H57W_I58T_S100L_L108G,349.4239332821447,743.9938843844143,0.1377178632945845,0.2923348354218231,0.05058590337776368,0.02135775104068242,108832.7100870767,Valid,2176.654201741535,212.9947305850151,30.70693027957532,64.38880221370029,0.014107399445905,0.02961374198160041,50.0,10649.73652925075,VWNHGWTDVLYLSTASSG
T52V_S55A_H57W_I58D_V99T_S100A_L108G,169.0069603816523,194.9078730045441,0.1770132937416195,0.1987479602337001,0.05042419436777848,0.0363203069380744,78280.21945599116,Valid,1957.005486399779,29.30953374780174,56.23354037411627,62.98242297685709,0.02873448274157205,0.03218593613015106,40.0,1172.38134991207,VWNAGWDDTAYLSTASSG
S55H_H57W_I58D_S100K_L108G,152.401848350453,177.5025466094629,0.3146491815066829,0.3628966343826842,0.05038279721499909,0.0326273786384304,81289.27928569335,Valid,1625.785585713867,208.4695369198478,51.64442485116433,57.86185787224802,0.03176582773581901,0.03582242125715898,50.0,10423.47684599239,TWNHGWDDVKYLSTASSG
T52V_S55H_H57Y_I58D_V99T_S103P_L108G,inf,,0.0,,0.05024717432297528,0.03198841389867853,81070.46080484937,Valid (Non-binding),2026.761520121234,98.38189339302913,-79.20599182496971,188.609754970674,0.0,0.0,40.0,3935.275735721165,VWNHGYDDTSYLPTASSG
T52V_S55H_H57Y_V99T_L108G,101.3001972866668,121.6274435395442,0.4591760696402927,0.5449644949618776,0.05010068826552647,0.02073306237512699,107788.7972158243,Valid,2155.775944316486,109.2819354738139,101.4003736278523,115.907198668359,0.04703660131990317,0.05381872957300849,50.0,5464.096773690695,VWNHGYIDTSYLSTASSG
T52V_H57Y_I58H_S100T_L108G,134.4947464018851,626.8085909554837,0.2208079227757033,0.9923300418041799,0.05006219351501082,0.03612396227118655,77718.23712680959,Valid,1554.364742536192,70.8765423059314,55.71409614445474,250.3339864058308,0.03584364378565894,0.1610605735019677,50.0,3543.82711529657,VWNSGYHDVTYLSTASSG
T52V_S55A_H57Y_I58H_V99T_S100A_S103P_L108G,25.94401605770911,1.620209483952421,1.577381122768619,0.5041280235366403,0.04999074940652003,0.02054447418632287,107552.269978578,Valid,2688.806749464449,38.85966844068312,434.4631195333459,21.86447561940615,0.1615821291804929,0.008460340042715241,40.0,1554.386737627325,VWNAGYHDTAYLPTASSG
S55H_H57Y_S100K_L108G,266.8989255025742,599.1052874100442,0.1821499024299755,0.4037608894804096,0.04969316358863755,0.03184873841793785,80176.60147586705,Valid,1603.532029517341,141.9161904998686,29.48764925336491,64.9210006249216,0.01838918631531209,0.04051894920992469,50.0,7095.80952499343,TWNHGYIDVKYLSTASSG
S55H_H57W_I58H_V99T_S100T_L108G,inf,,0.0,,0.04961964068878382,0.03622268785649066,77031.20319811175,Valid (Non-binding),1540.624063962235,184.2922522383147,-52.77759042724028,93.13957600165868,0.0,0.0,50.0,9214.612611915734,TWNHGWHDTTYLSTASSG
S55H_H57Y_I58H_S100K_L108G,inf,,0.0,,0.04956038556428736,0.03165142616672751,79962.3729990648,Valid (Non-binding),1599.247459981296,112.3522217371251,-41.56300500960697,73.02505853616091,0.0,0.0,50.0,5617.611086856255,TWNHGYHDVKYLSTASSG
T52V_S55A_H57Y_I58H_S100T_L108G,16.94030322978399,1.199681567028638,2.224696089241787,0.7118724294884029,0.04886904466813591,0.02008424123708933,105138.9856751583,Valid,2628.474641878958,39.11656297537109,599.0059969432878,31.51683655465443,0.2278911074124306,0.01246093811872664,40.0,1564.662519014844,VWNAGYHDVTYLSTASSG
T52V_S55H_H57Y_I58H_V99T_S100T_S103P_L108G,inf,,0.0,,0.04875608907012118,0.02020118465456812,104895.968094556,Valid (Non-binding),2622.399202363899,143.3190051619872,-167.6408876299365,118.9407360304791,0.0,0.0,40.0,5732.760206479488,VWNHGYHDTTYLPTASSG
T52V_S55G_H57W_I58D_S100L_L108G,137.6790166156856,216.5991366830009,0.215879993580903,0.3281501206138128,0.04873175194671719,0.03510239337244893,75652.8147785658,Valid,1891.320369464145,30.38737220158222,66.278854954493,100.6114218170369,0.03504369541225389,0.0531993726374041,40.0,1215.494888063289,VWNGGWDDVLYLSTASSG
T52V_S55G_H57Y_S100A_L108G,29.74558139189522,23.994405829681,0.8864881218625562,0.6160178420909846,0.0487127753516223,0.0352229426100442,75623.35487251909,Valid,1512.467097450382,98.42807944708267,217.6488400627513,149.6338151089521,0.1439031899799007,0.0993758458555781,50.0,4921.403972354134,VWNGGYIDVAYLSTASSG
T52V_S55A_H57Y_I58D_S100T_L108G,20.65305111798271,3.338779904722815,1.902717402604143,0.6489935250991063,0.04868327800845244,0.02011026116687783,104739.3192134131,Valid,2618.482980335328,115.7544817697645,510.3648233289059,62.4757188433603,0.1949085891188598,0.02536762109173619,40.0,4630.17927079058,VWNAGYDDVTYLSTASSG
T52V_S55G_H57Y_I58D_S100A_L108G,inf,,0.0,,0.04845094966234856,0.03508689457773699,75216.8878446857,Valid (Non-binding),1504.337756893714,114.8269795043142,-20.64870052203878,153.3741604052173,0.0,0.0,50.0,5741.34897521571,VWNGGYDDVAYLSTASSG
T52V_S55A_H57Y_I58T_S100L_S103P_L108G,20.38007346635906,1.324188058822757,1.923182249916535,0.6145872026176293,0.04840834147006047,0.01993730245860652,104147.8088008836,Valid,2603.695220022091,79.9212355765368,512.9408359422705,21.64073897843418,0.197004945892983,0.01027859896569225,40.0,3196.849423061472,VWNAGYTDVLYLPTASSG
T52V_I58H_S100K_L108G,inf,,0.0,,0.04837308835802627,0.03092084051558994,78046.7482316859,Valid (Non-binding),1560.934964633718,117.501926824077,-61.7132762512565,56.12288581752635,0.0,0.0,50.0,5875.09634120385,VWNSGHHDVKYLSTASSG
T52V_S55A_H57W_I58H_S100A_L108G,78.78014764821859,10.7353436669916,0.3676473013685206,0.05503414802123871,0.04833257580713655,0.03480941610360561,75033.12028072104,Valid,1875.828007018026,18.37051154103789,111.9494331099995,14.3029162587086,0.05968000940979858,0.007647222272197838,40.0,734.8204616415155,VWNAGWHDVAYLSTASSG
T52V_S55A_H57W_I58H_S100K_L108G,47.89725749560426,9.659891412295185,0.5822900212488968,0.1154895031248023,0.04824897096542199,0.03483335118091519,74903.3293055938,Valid,1872.583232639845,95.68655425445296,177.001920448849,31.03221143022889,0.09452285877799049,0.0172613968096735,40.0,3827.462170178118,VWNAGWHDVKYLSTASSG
T52V_S55A_H57W_I58D_S100A_L108G,92.90621075558816,22.67772346277739,0.3146025666136377,0.0768299740939847,0.0482348548898613,0.03474271419950268,74881.41503395092,Valid,1872.035375848773,26.85097650686651,95.60350469093828,22.10185700645083,0.05106928315795959,0.01182902567631421,40.0,1074.03906027466,VWNAGWDDVAYLSTASSG
T52V_S55H_H57Y_V99T_S100L_L108G,inf,,0.0,,0.04822854341576457,0.01983582797851296,103760.9834560583,Valid (Non-binding),2594.024586401457,56.48486172855519,-134.6704749599307,110.971843797911,0.0,0.0,40.0,2259.394469142208,VWNHGYIDTLYLSTASSG
T52V_S55G_H57Y_S100T_L108G,40.62952544880759,45.88569886798004,0.6750354049962772,0.6808322708151626,0.04814693080485744,0.03477243119869729,74744.9187199123,Valid,1494.898374398246,81.78952009125611,163.8082315884913,164.4838964862262,0.1095781722650079,0.1101933663696954,50.0,4089.476004562805,VWNGGYIDVTYLSTASSG
T52V_H57Y_I58H_S100L_S103P_L108G,inf,,0.0,,0.04814576809488734,0.03070512571451923,77679.98216511076,Valid (Non-binding),1941.999554127769,119.6993247530642,-33.02491042341035,63.07005791416633,0.0,0.0,40.0,4787.972990122568,VWNSGYHDVLYLPTASSG
T52V_S55A_H57W_I58H_S100T_S103P_L108G,147.2702930171107,150.0547103827466,0.2022820379524888,0.1999524819233776,0.04806676147389715,0.03463709558749292,74620.46114751285,Valid,1865.511528687821,48.25337797459404,61.25658169181406,60.34448031160782,0.03283634582247864,0.03235856623633125,40.0,1930.135118983761,VWNAGWHDVTYLPTASSG
T52V_S55H_H57W_I58D_S100A_L108G,39.69532650585008,51.30384386566927,0.6891446511100489,0.7928352489918006,0.0479993489691156,0.03536387059454449,74515.80770218681,Valid,1490.316154043736,231.8885527872644,166.719461580471,189.603742687867,0.111868519393086,0.128409064237964,50.0,11594.42763936322,VWNHGWDDVAYLSTASSG
T52V_S55A_H57Y_I58H_V99T_S100L_S103P_L108G,18.20968347480915,1.661919341564476,2.103023371475803,0.6799262239156479,0.0479928936955721,0.01992275030411043,103253.9964109068,Valid,2581.349910272671,155.7347085445543,556.0933032702414,21.44688161775764,0.2154273239196389,0.01542558030625911,40.0,6229.388341782173,VWNAGYHDTLYLPTASSG
T52V_S55A_H57W_I58D_S100K_S103P_L108G,44.131553407254,13.82025765624489,0.6269198316570241,0.1828988235986307,0.04798973191751876,0.034588368837713,74500.87786703605,Valid,1862.521946675901,55.02222561414735,189.5443780534843,53.02225387796862,0.1017675944123879,0.02862629569590962,40.0,2200.889024565894,VWNAGWDDVKYLPTASSG
T52V_S55G_I58D_S100A_L108G,94.58021816554559,195.1040964980098,0.3093138954558045,0.6065006270227158,0.04783914182663662,0.03463026143614603,74267.0967326034,Valid,1485.341934652068,109.3049848752501,74.5801707414812,146.0192582784865,0.05021077571539186,0.09837624591392223,50.0,5465.249243762505,VWNGGHDDVAYLSTASSG
T52V_S55A_H57W_I58H_V99T_S100L_L108G,32.79665264813406,20.17582369490058,0.814927858238377,0.4395555165006149,0.04780736380733316,0.03448859744852199,74217.76346399811,Valid,1855.444086599953,79.3309888628712,245.450847707747,130.6005071210067,0.1322868468418946,0.07061461563496794,40.0,3173.239554514848,VWNAGWHDTLYLSTASSG
T52V_I58H_S100T_L108G,inf,,0.0,,0.04727529728294198,0.03416894095347956,73391.7654521956,Valid (Non-binding),1467.835309043912,90.34820663327139,-20.04169065743736,153.3498819954615,0.0,0.0,50.0,4517.410331663569,VWNSGHHDVTYLSTASSG
T52V_S55H_H57W_I58H_S100A_L108G,43.26438700946177,57.06952773408233,0.6381837023038419,0.7562255210959486,0.04725656315456656,0.03413526040236749,73362.6819596593,Valid,1467.253639193186,82.64641894433477,152.0016859331026,179.5281547751967,0.1035960531109573,0.122495657616002,50.0,4132.320947216738,VWNHGWHDVAYLSTASSG
T52V_S55H_H57W_S100A_L108G,74.25170357205208,123.4318512527965,0.3886546762129901,0.6060633026502587,0.04721496615584747,0.03423149320402635,73298.10537634909,Valid,1465.962107526982,123.0344514076307,92.48773473961955,143.8372275657063,0.06309012645329731,0.09826074081579364,50.0,6151.722570381535,VWNHGWIDVAYLSTASSG
T52V_S55G_H57Y_I58D_V99T_S100L_L108G,75.33557928958126,58.07412239181876,0.6075826828376355,0.4791734008057698,0.04721125769552272,0.01962980179941581,101572.350764456,Valid,2539.308769111401,164.4601309750986,158.0438450538891,113.7895262180682,0.06223892382697302,0.04499215555331755,40.0,6578.405239003943,VWNGGYDDTLYLSTASSG
S55H_H57Y_I58D_S100L_S103P_L108G,157.6906704900344,173.3208481607558,0.3044204231375567,0.3325605544861023,0.04720798715854657,0.03003152395425828,76166.93523923843,Valid,1904.173380980961,79.90713100825496,58.52128383408444,62.29666716966617,0.03073316979357016,0.03274126930109608,40.0,3196.285240330199,TWNHGYDDVLYLPTASSG
S55H_H57Y_I58H_S100A_L108G,inf,,0.0,,0.04693003698283255,0.03401250506936311,72855.77172139089,Valid (Non-binding),1457.115434427818,118.9172899875804,-140.0537763611992,139.8811676968117,0.0,0.0,50.0,5945.86449937902,TWNHGYHDVAYLSTASSG
T52V_S55H_I58D_S100K_L108G,1041.11339397468,10177.10508966653,0.04734320680374331,0.4607202324547874,0.04676818534317409,0.02975091992823425,75457.34437536466,Valid,1509.146887507293,62.9264886655092,7.213113302054808,70.17206571903021,0.004779596579872315,0.04649826391645322,50.0,3146.32443327546,VWNHGHDDVKYLSTASSG
T52V_S55G_H57W_I58T_S100T_L108G,15.78357795635767,15.09323499441291,1.482013600151153,1.082346180936648,0.04675137805698545,0.03377892037238679,72578.41558118016,Valid,1814.460389529504,106.386381832561,436.512999190898,315.9650707354683,0.2405745541263027,0.1747075641513237,40.0,4255.45527330244,VWNGGWTDVTYLSTASSG
T52V_S55A_H57W_S100K_L108G,320.0547468944951,949.2571014377816,0.152363142591436,0.4464687222542482,0.04663478517492574,0.0296740826476257,75242.1121109228,Valid,1504.842242218456,66.58032748567676,23.14751986542888,67.58992403964412,0.01538202425212661,0.04492011236666745,50.0,3329.016374283838,VWNAGWIDVKYLSTASSG
T52V_S55H_H57W_V99T_S100L_L108G,287.2900168099149,709.7692280208846,0.1669934106022592,0.4089144997029105,0.04655711000297268,0.01916836079744176,100164.9890011249,Valid,2504.124725028122,72.02262371456928,42.83630266196587,104.0122994373769,0.01710629755532038,0.0415393031299844,40.0,2880.904948582771,VWNHGWIDTLYLSTASSG
T52V_S55G_H57W_V99T_S100T_L108G,293.3999290255999,1253.335051353739,0.1032223609828047,0.4336266459330221,0.04654450364733138,0.0340226595572384,72257.25677258454,Valid,1445.145135451691,181.173959754932,24.21490414174514,101.6617731543679,0.01675603615700273,0.07037845989407206,50.0,9058.6979877466,VWNGGWIDTTYLSTASSG
T52V_S55A_H57W_I58D_S100A_S103P_L108G,396.7882570695881,975.7217979437658,0.07666113842094958,0.1862620742326175,0.0463170981442912,0.03336617895753134,71904.22480238296,Valid,1797.605620059574,33.8576136365012,22.37006169829692,54.32289255434489,0.01244436568770605,0.03022049213592439,40.0,1354.304545460048,VWNAGWDDVAYLPTASSG
T52V_S55A_H57W_I58T_S100L_S103P_L108G,72.53243734592569,25.78606566900424,0.3972730155985789,0.135656423530409,0.04626921107221527,0.03346295303021717,71829.88329711532,Valid,1795.747082427883,119.7971964495154,115.8061802195007,37.73253029336473,0.0644891373360488,0.02144806982999063,40.0,4791.887857980616,VWNAGWTDVLYLPTASSG
T52V_S55G_H57Y_I58D_V99T_S100A_L108G,71.89351029526108,53.42884644025806,0.6347805764706719,0.4843533697034513,0.04592235320976908,0.01889654273063762,98799.34566102993,Valid,2469.983641525748,62.45707979600945,160.6106700059167,111.5251289975564,0.06502499340712435,0.04518210150879474,40.0,2498.283191840378,VWNGGYDDTAYLSTASSG
T52V_S55G_H57Y_I58H_V99T_S100T_L108G,inf,,0.0,,0.04589994109839015,0.03338459925636929,71256.61613931596,Valid (Non-binding),1425.132322786319,145.4346557712485,-8.74928561050001,85.94185651050142,0.0,0.0,50.0,7271.732788562425,VWNGGYHDTTYLSTASSG
T52V_S55A_H57W_I58H_V99T_S100A_L108G,217.6998983478091,228.3664325830026,0.1383096508783243,0.1422322054120746,0.04543767688303425,0.03274011707079686,70538.98158553844,Valid,1763.474539638461,42.88352084526584,39.59307015228842,40.58908657448301,0.02245173903129081,0.02302301701033032,40.0,1715.340833810634,VWNAGWHDTAYLSTASSG
T52V_S55A_H57W_V99T_S100L_L108G,inf,,0.0,,0.04478142835243398,0.0184039530541063,96344.71035873599,Valid (Non-binding),2408.6177589684,35.31167139679897,-136.5128564337033,103.723255822411,0.0,0.0,40.0,1412.466855871959,VWNAGWIDTLYLSTASSG
S55H_H57W_S100A_L108G,55.7805548050997,80.07558968241402,0.506766436895693,0.6687923330532475,0.04476233710356457,0.03242295813074918,69490.5613419018,Valid,1389.811226838036,108.2025109046685,114.3302517799184,150.3616244272007,0.08226315169437187,0.1083779245218079,50.0,5410.125545233425,TWNHGWIDVAYLSTASSG
T52V_S55H_H57Y_S100T_L108G,inf,,0.0,,0.04451544630311648,0.03209024076377706,69107.27973903119,Valid (Non-binding),1382.145594780624,45.11168664057241,-60.86833931867113,141.6709396165392,0.0,0.0,50.0,2255.58433202862,VWNHGYIDVTYLSTASSG
T52V_H57W_I58D_S100A_L108G,72.19753871861855,145.743558563491,0.3989964667577548,0.7539100223496711,0.04449871830809009,0.03223615062264756,69081.31063554541,Valid,1381.626212710908,108.7549773395378,89.486415994872,168.7971915168145,0.06476890433287995,0.1222791653518815,50.0,5437.74886697689,VWNSGWDDVAYLSTASSG
T52V_S55G_H57Y_I58H_S100K_S103P_L108G,inf,,0.0,,0.0444622363342416,0.02838032311960445,71736.84961589788,Valid (Non-binding),1793.421240397447,120.291668340457,-368.5387367576159,189.3685470666344,0.0,0.0,40.0,4811.66673361828,VWNGGYHDVKYLPTASSG
T52V_S55A_H57Y_I58D_S100L_L108G,24.42535611851278,4.13110175125747,1.658790690433498,0.5724907575042033,0.04438251526244403,0.01822890279496893,95486.47140729125,Valid,2387.161785182281,7.273114156415917,405.6300585739409,56.93403995492528,0.1699214779206795,0.02385571519295024,40.0,290.9245662566367,VWNAGYDDVLYLSTASSG
T52V_S55A_I58D_S100K_L108G,47.65854358838636,22.00686905831409,0.9405190378647679,0.4541127698794683,0.04383537691977472,0.02807256593563926,70725.45380557765,Valid,1414.509076111553,119.9696587506564,134.3095516625262,54.96211493691332,0.09495135374580947,0.03968172809956977,50.0,5998.48293753282,VWNAGHDDVKYLSTASSG
T52V_S55H_H57Y_I58H_S100L_L108G,inf,,0.0,,0.04345667205108786,0.01864457774279749,93494.57210176445,Valid (Non-binding),1869.891442035289,231.9728156148506,-68.49310187391166,59.61731249300966,0.0,0.0,50.0,11598.64078074253,VWNHGYHDVLYLSTASSG
T52V_S55A_H57W_I58D_S100K_L108G,69.53200733385657,12.66352478379511,0.4132660086981449,0.07715718970981968,0.04292502528531947,0.03095034817617278,66638.25652782196,Valid,1665.956413195549,59.77219930827226,111.7611394614069,18.56082439604196,0.06708527220531095,0.01139827085823959,40.0,2390.887972330891,VWNAGWDDVKYLSTASSG
T52V_S55A_H57W_I58T_S100L_L108G,1178.06420815245,1703.836107773904,0.02603539603249892,0.03754998524742974,0.04289591235728911,0.03090015230987034,66593.06063676615,Valid,1664.826515919154,29.12008825361211,7.036078449702472,10.13253569184019,0.004226313301970589,0.006086690102735936,40.0,1164.803530144484,VWNAGWTDVLYLSTASSG
T52V_S55A_H57W_I58T_S100K_S103P_L108G,46.46075004691339,16.17275143484187,0.5985444278026267,0.1937256958559384,0.0427966949074363,0.03102279760072968,66439.03212236504,Valid,1660.975803059126,137.5830431990551,161.3827821732993,48.92496790356664,0.09716142876739706,0.03053526493641648,40.0,5503.321727962204,VWNAGWTDVKYLPTASSG
T52V_S55H_H57W_I58H_V99T_S100L_L108G,inf,,0.0,,0.0427821428337454,0.01759810517360485,92043.36064057772,Valid (Non-binding),2301.084016014443,52.40743741087028,-138.5903581412863,104.4908632621646,0.0,0.0,40.0,2096.297496434811,VWNHGWHDTLYLSTASSG
T52V_S55H_H57W_I58D_S100T_L108G,131.010957813425,406.0499845791009,0.2264637032655577,0.6763166276019028,0.04276323518425363,0.03085705774484367,66387.08811995675,Valid,1327.741762399135,60.48891064355949,48.81010264704128,145.7017430706693,0.03676174390933135,0.1097492862888395,50.0,3024.445532177975,VWNHGWDDVTYLSTASSG
S55H_H57Y_I58D_V99T_S100L_L108G,1442.332637332316,21325.81791415897,0.03372445665430828,0.4970289660641448,0.04266304582005866,0.01752816246325947,91787.13015150232,Valid,2294.678253787558,24.59722479197189,7.927266319431055,116.804795932221,0.003454630864412665,0.05090248563100868,40.0,983.8889916788755,TWNHGYDDTLYLSTASSG
T52V_S55H_I58D_S100L_S103P_L108G,inf,,0.0,,0.04243784402803666,0.02701036778263581,68470.62779695704,Valid (Non-binding),1711.765694923926,79.60057212510544,-169.4952096176389,70.27828774692784,0.0,0.0,40.0,3184.022885004218,VWNHGHDDVLYLPTASSG
T52V_S55H_H57W_I58D_S100K_L108G,159.6467462651562,273.6661621158973,0.3008037745935718,0.505241692229309,0.04241428981686279,0.02710414840992208,68432.6246499246,Valid,1368.652492998492,100.8863565534269,41.56330216190054,69.01611444263142,0.03036804621664204,0.05047598478309798,50.0,5044.317827671344,VWNHGWDDVKYLSTASSG
H57Y_I58H_S100T_L108G,40.988169362825,49.64373275651612,0.6697710654258509,0.7248661458864042,0.04209347323659032,0.0305226598681106,65347.32709048041,Valid,1306.946541809608,110.8410693057228,142.0959520587148,152.9169246288257,0.1087236145573083,0.1173659691218011,50.0,5542.05346528614,TWNSGYHDVTYLSTASSG
T52V_S55H_H57Y_I58D_V99T_L108G,70.2908360435216,50.92392007992411,0.6482927983940122,0.4837793835162872,0.04197806019171545,0.01759073904040402,90313.42231343965,Valid,1806.268446268793,150.2114140616091,119.9527420059917,80.51598014559328,0.06640914436266544,0.04491667429679852,50.0,7510.570703080455,VWNHGYDDTSYLSTASSG
S55H_I58H_S100T_L108G,303.2788723464229,2045.436976238153,0.09991455125251364,0.6629802957779678,0.04160047477865994,0.0300032824042855,64581.97966228401,Valid,1291.63959324568,51.07912987311529,20.94920718073445,138.9959732065986,0.01621908099618757,0.1076139527100763,50.0,2553.956493655764,TWNHGHHDVTYLSTASSG
T52V_S55A_H57Y_I58H_S100L_S103P_L108G,18.15736025276302,1.603888722055731,2.107775077094789,0.680385268422805,0.04158056437023332,0.01709276925586857,89458.23253503184,Valid,2236.455813375796,38.71310944406574,482.8822864447502,32.38326164962821,0.2159140742046981,0.01495430155985506,40.0,1548.52437776263,VWNAGYHDVLYLPTASSG
T52V_S55H_H57Y_I58D_S100L_L108G,inf,,0.0,,0.04133445942955765,0.01767864736926686,88928.75167433565,Valid (Non-binding),1778.575033486713,212.2505302683576,-28.19282653653499,90.29326934062883,0.0,0.0,50.0,10612.52651341788,VWNHGYDDVLYLSTASSG
T52V_S55H_H57Y_S100K_L108G,inf,,0.0,,0.04112443090054303,0.02637224322892009,66351.5234113327,Valid (Non-binding),1327.030468226654,120.9625031732796,-56.21983279942742,57.04392432535653,0.0,0.0,50.0,6048.12515866398,VWNHGYIDVKYLSTASSG
T52V_S55A_H57W_I58H_L108G,72.63510312579155,17.43299761196562,0.3967476560341044,0.09423214027981909,0.04099255050144623,0.02952873602696683,63638.21751735376,Valid,1590.955437933844,27.30204873416809,102.4636648808228,22.94097467792792,0.06440385597090711,0.01446191506338331,40.0,1092.081949366724,VWNAGWHDVSYLSTASSG
T52V_S55H_H57W_I58H_V99T_S100T_L108G,91.94521515594491,92.93996891840933,0.317721149430395,0.3055854243384802,0.0409584247357938,0.02995885771258109,63585.2395281589,Valid,1271.704790563178,162.9156407866071,65.588837392208,62.31513080249854,0.05157552120501316,0.04944470266050815,50.0,8145.782039330355,VWNHGWHDTTYLSTASSG
T52V_S55H_H57Y_I58D_S100A_L108G,inf,,0.0,,0.0409475036613691,0.02955426818679691,63568.2852840033,Valid (Non-binding),1271.365705680066,61.45447910184808,-86.7128489254228,164.2030744924546,0.0,0.0,50.0,3072.723955092404,VWNHGYDDVAYLSTASSG
S55H_H57W_I58H_S100A_L108G,148.3658146977496,541.6028395810146,0.200837098227052,0.7094153103838683,0.04088801391487652,0.03014968009534555,63475.9313957715,Valid,1269.51862791543,201.1963511198902,41.38857901343181,146.0142054082351,0.03260178945258372,0.1151314051161938,50.0,10059.81755599451,TWNHGWHDVAYLSTASSG
T52V_S55H_H57W_I58D_V99T_S100L_L108G,94.30243824810442,96.13188483594702,0.4915338198456685,0.5004394515799142,0.04078316251490843,0.01686570729154188,87742.66754263875,Valid,2193.566688565969,106.028461914411,110.4487828931956,106.7889824871176,0.0503512309285663,0.04874360406820631,40.0,4241.13847657644,VWNHGWDDTLYLSTASSG
T52V_S55H_I58H_V99T_S100L_L108G,inf,,0.0,,0.04063067610201366,0.01671910263671177,87414.60164960005,Valid (Non-binding),2185.365041240001,55.28351909323872,-185.1951901207472,103.2290441029172,0.0,0.0,40.0,2211.340763729549,VWNHGHHDTLYLSTASSG
T52V_S55A_H57W_I58D_S100T_L108G,220.2189940847495,98.93428267912965,0.1367626443599744,0.06100228108462209,0.04062876599303705,0.02927299673041935,63073.46618101596,Valid,1576.836654525399,35.89830848840928,35.00674223622627,15.35710910215915,0.02220061420804725,0.009752293986726298,40.0,1435.932339536371,VWNAGWDDVTYLSTASSG
T52V_S55H_H57Y_I58T_S100A_L108G,104.6853021046746,389.929424982956,0.2808174349716365,0.9985378196745911,0.04052386622945218,0.02950975989865439,62910.61625119035,Valid,1258.212325023807,136.0056984778624,57.35555725702761,203.803773320981,0.04558495900597886,0.1620537712164027,50.0,6800.28492389312,VWNHGYTDVAYLSTASSG
T52V_S55A_H57W_I58D_S100L_S103P_L108G,38.69369981599001,11.19233005350683,0.7049424818873253,0.1886348293882526,0.04018548989078256,0.0291061987825163,62385.3094142268,Valid,1559.63273535567,120.849938595786,178.4734117188345,43.57490865518741,0.1144329736565411,0.02931250078528605,40.0,4833.99754383144,VWNAGWDDVLYLPTASSG
T52V_S55A_H57W_I58H_S100K_S103P_L108G,16.2364597491229,4.02016091533723,1.45040866297858,0.2966256787860008,0.03960428648909007,0.02853385115895067,61483.02965738592,Valid,1537.075741434648,33.73125664910138,361.8954758921464,68.04661821456736,0.2354441398927855,0.04457067421424894,40.0,1349.250265964055,VWNAGWHDVKYLPTASSG
H57W_I58D_S100T_L108G,191.4227963740081,1002.708696984565,0.1568124767579148,0.8005959782467403,0.0394784853143875,0.02863815475092151,61287.73167222205,Valid,1225.754633444441,107.0077235387218,31.20194437896316,159.2579186896148,0.02545529384725546,0.1299454289223135,50.0,5350.38617693609,TWNSGWDDVTYLSTASSG
T52V_H57Y_I58D_S100K_L108G,54.79595314947432,53.8085340746398,0.8282560966509901,0.7717627947951167,0.03910976698033487,0.02506543271904746,63100.9976936408,Valid,1262.019953872816,111.6159178225425,105.5272043843916,94.50092056732237,0.08361769880147744,0.07524498830138343,50.0,5580.795891127125,VWNSGYDDVKYLSTASSG
T52V_S55A_H57W_I58D_V99T_S100L_L108G,139.7665510208418,100.3282609910393,0.212767002970799,0.1483714006335855,0.03910556577598065,0.02818833056963344,60708.79880731604,Valid,1517.719970182901,47.75419442691687,52.41956651866349,36.29112460538745,0.03453836514541373,0.023936289758081,40.0,1910.167777076675,VWNAGWDDTLYLSTASSG
S55H_H57Y_I58D_S100T_L108G,inf,,0.0,,0.03900825930520717,0.02820932411235635,60557.73696126891,Valid (Non-binding),1211.154739225378,80.0058180049259,-137.8129884601422,140.8019218640009,0.0,0.0,50.0,4000.290900246295,TWNHGYDDVTYLSTASSG
T52V_S55H_H57Y_S100A_L108G,inf,,0.0,,0.03893142240564889,0.02818278992971631,60438.45276773535,Valid (Non-binding),1208.769055354707,89.17635603309283,-56.47052778596662,145.057653560913,0.0,0.0,50.0,4458.817801654642,VWNHGYIDVAYLSTASSG
T52V_S55H_I58H_V99T_S100A_L108G,inf,,0.0,,0.03866492615719887,0.01591190471214853,83185.40182193113,Valid (Non-binding),2079.635045548278,54.06544278110601,-122.792116503028,112.6355100253777,0.0,0.0,40.0,2162.61771124424,VWNHGHHDTAYLSTASSG
T52V_S55A_I58D_V99T_S100L_L108G,inf,,0.0,,0.03864423681988739,0.01588213855992374,83140.88988285001,Valid (Non-binding),2078.52224707125,31.07671874046505,-53.61775247109153,112.7911589314626,0.0,0.0,40.0,1243.068749618602,VWNAGHDDTLYLSTASSG
T52V_H57W_I58H_S100A_L108G,48.68663890497222,87.62753938345764,0.5737283208517467,0.9374935410402531,0.03860191385385749,0.02809501407297441,59926.9125821109,Valid,1198.538251642218,126.3439152686268,111.6235134186445,181.8119566910271,0.0931330420749607,0.1520121109978632,50.0,6317.19576343134,VWNSGWHDVAYLSTASSG
T52V_S55A_S100T_L108G,inf,,0.0,,0.03856259118813013,0.02782222167479224,59865.86675001925,Valid (Non-binding),1197.317335000385,52.67634452418513,-61.54955645544214,142.4922910732413,0.0,0.0,50.0,2633.817226209257,VWNAGHIDVTYLSTASSG
T52V_I58H_V99T_S100L_L108G,inf,,0.0,,0.03844883181171437,0.01591760738700062,82720.48705945385,Valid (Non-binding),2068.012176486346,107.6104720386806,-12.92510301571065,99.82898635307144,0.0,0.0,40.0,4304.418881547224,VWNSGHHDTLYLSTASSG
T52V_S55H_I58H_S100K_L108G,inf,,0.0,,0.03813308204952876,0.02427430645836454,61525.18177028849,Valid (Non-binding),1230.50363540577,58.86932112449837,-93.99009048318203,54.46960961648153,0.0,0.0,50.0,2943.466056224919,VWNHGHHDVKYLSTASSG
S55A_H57Y_I58H_S100A_L108G,397.8385630544468,4466.015105942145,0.07646126268939327,0.8476980727627287,0.03791238635861142,0.02772080597937116,58856.4668501451,Valid,1177.129337002902,149.0095236033305,14.61043510925992,161.966048353891,0.01241191995644223,0.1376030675884516,50.0,7450.476180166525,TWNAGYHDVAYLSTASSG
T52V_S55H_I58D_V99T_S100L_L108G,inf,,0.0,,0.03790665551947272,0.01560159613379348,81554.025431024,Valid (Non-binding),2038.8506357756,54.4707263146166,-175.382941145112,101.0448823773865,0.0,0.0,40.0,2178.829052584664,VWNHGHDDTLYLSTASSG
T52V_S55H_H57Y_I58H_V99T_S100L_L108G,60.0503880042636,42.71544679443274,0.7503492029729352,0.546567915769293,0.03743329376220196,0.01539844196793653,80535.61438258152,Valid,2013.390359564538,46.38130564680655,154.7562144773506,101.5583759749112,0.07686349233877414,0.05047254164288768,40.0,1855.252225872262,VWNHGYHDTLYLSTASSG
T52V_S55H_H57W_S100K_L108G,170.3083282559767,290.9737082900372,0.2825100395618004,0.4738554037769615,0.03634029525878741,0.02354004296328811,58632.6399864256,Valid,1172.652799728512,151.4122709997104,33.4454389986613,55.34392912054414,0.02852117779994595,0.04733895389802639,50.0,7570.613549985519,VWNHGWIDVKYLSTASSG
T52V_S55G_H57Y_I58T_S100K_L108G,inf,,0.0,,0.036087325659717,0.02297708309332324,58224.4904289115,Valid (Non-binding),1164.48980857823,57.83485472430499,-38.47791853459512,52.72405025459609,0.0,0.0,50.0,2891.742736215249,VWNGGYTDVKYLSTASSG
T52V_S55G_H57W_I58H_V99T_S100T_L108G,inf,,0.0,,0.0360029231474077,0.02722867526367156,55892.15178095514,Valid (Non-binding),1117.843035619103,258.2548162947535,-249.3559996623862,71.95633479044056,0.0,0.0,50.0,12912.74081473767,VWNGGWHDTTYLSTASSG
T52V_S55H_H57Y_I58H_S100T_L108G,799.7891364996365,19817.97314776572,0.03827281432387684,0.9424746404021458,0.03584084754649634,0.0258680800621104,55640.54015350375,Valid,1112.810803070075,53.60074376538371,6.913679326675265,170.2493770408565,0.006212807520920429,0.1529906991008365,50.0,2680.037188269186,VWNHGYHDVTYLSTASSG
T52V_H57W_I58H_V99T_S100T_L108G,inf,,0.0,,0.03527647048205151,0.02598791214655613,54764.38216992869,Valid (Non-binding),1095.287643398574,170.0871133115253,-142.1274985529217,70.18039847240406,0.0,0.0,50.0,8504.355665576264,VWNSGWHDTTYLSTASSG
S55H_I58D_S100T_L108G,20.54713950821755,17.52019518431435,1.205674912497193,0.8320979896364807,0.03526268727201341,0.02543777568487062,54742.9846499461,Valid,1094.859692998922,46.28673639135329,214.2822472642674,146.6749959246729,0.1957166280158954,0.1342222099875939,50.0,2314.336819567664,TWNHGHDDVTYLSTASSG
T52V_S55H_I58H_S100T_L108G,inf,,0.0,,0.03522616154544677,0.02587183822182941,54686.28088051011,Valid (Non-binding),1093.725617610202,157.7970020497457,-107.3611629512507,195.9262986798897,0.0,0.0,50.0,7889.850102487286,VWNHGHHDVTYLSTASSG
T52V_S55A_I58H_S100T_L108G,11.40749940225674,7.096910214496663,1.87728455360402,0.8248956206959267,0.03487822537916099,0.02517137485925125,54146.1330448328,Valid,1082.922660896656,51.25346112262599,330.0084413678869,141.8849727720209,0.3047386976782266,0.131811869882351,50.0,2562.6730561313,VWNAGHHDVTYLSTASSG
T52V_H57Y_I58D_S100T_L108G,inf,,0.0,,0.03483731497153338,0.02525876096450161,54082.62234868236,Valid (Non-binding),1081.652446973647,91.11054090954245,-45.51994240192107,150.3745664294427,0.0,0.0,50.0,4555.527045477123,VWNSGYDDVTYLSTASSG
S55H_H57Y_I58H_S100T_L108G,inf,,0.0,,0.0346645284993997,0.02526705751020506,53814.382803614,Valid (Non-binding),1076.28765607228,121.2807806364116,-51.98848350361914,152.6338922810282,0.0,0.0,50.0,6064.03903182058,TWNHGYHDVTYLSTASSG
T52V_S55A_H57Y_I58D_S100L_S103P_L108G,13.98927868194039,1.265407119495332,2.570424480551766,0.828307339798576,0.0343796044331513,0.01414648389014178,73965.77450124692,Valid,1849.144362531173,46.45549307617801,486.8916806960624,30.05139515589332,0.2633064732866979,0.01754621075855149,40.0,1858.21972304712,VWNAGYDDVLYLPTASSG
T52V_S55H_I58D_S100A_L108G,282.2689159283106,2308.527712831568,0.107221991253695,0.8616888269993722,0.03430113483812136,0.02489627221151125,53250.23823154005,Valid,1065.004764630801,96.47695933128763,18.53672126671336,148.9538666226687,0.01740529421306333,0.1398710469978969,50.0,4823.847966564382,VWNHGHDDVAYLSTASSG
T52V_H57Y_I58H_S100A_L108G,inf,,0.0,,0.03423962210001755,0.02486683294865984,53154.74378292309,Valid (Non-binding),1063.094875658462,100.0167178103702,-130.1160921334795,152.992691487815,0.0,0.0,50.0,5000.83589051851,VWNSGYHDVAYLSTASSG
T52V_S55H_H57W_I58T_S100K_L108G,inf,,0.0,,0.034048825161166,0.02175707008169899,54935.50598361345,Valid (Non-binding),1098.710119672269,80.63313845876735,-114.9600178078335,58.01155239516995,0.0,0.0,50.0,4031.656922938368,VWNHGWTDVKYLSTASSG
T52V_S55H_H57W_I58H_V99T_S100K_S103P_L108G,inf,,0.0,,0.0338191225515042,0.02157139346178865,54564.89615999112,Valid (Non-binding),1364.122403999778,85.37874935914896,-38.43931714348992,64.55673660950661,0.0,0.0,40.0,3415.149974365958,VWNHGWHDTKYLPTASSG
T52V_S55H_H57Y_I58H_S100A_L108G,inf,,0.0,,0.03377422828216312,0.0246251596077222,52432.2507287081,Valid (Non-binding),1048.645014574162,119.5724408854426,-91.19606440837924,140.4105815281707,0.0,0.0,50.0,5978.622044272131,VWNHGYHDVAYLSTASSG
S55A_H57Y_I58D_S100T_L108G,inf,,0.0,,0.03365270625653924,0.02435722608897196,52243.59583885125,Valid (Non-binding),1044.871916777025,75.77728720252863,-65.7850395802725,139.1789511274601,0.0,0.0,50.0,3788.864360126431,TWNAGYDDVTYLSTASSG
T52V_S55A_H57Y_I58H_S100L_L108G,15.65650362335059,2.410659054871976,2.362960725691392,0.7943936792889491,0.03364960454583388,0.01392750104018399,72395.2210309112,Valid,1809.88052577278,92.77639128801066,438.0897558401048,45.92991017362603,0.242054516638909,0.02824829036646023,40.0,3711.055651520426,VWNAGYHDVLYLSTASSG
T52V_S55H_H57W_I58T_V99T_S100T_L108G,481.7897025967011,3159.955319826238,0.06327484954348438,0.4107726688088042,0.03319281348957225,0.02433069613582266,51529.64280150925,Valid,1030.592856030185,140.9470773582084,10.58560658260285,68.70034235612604,0.01027137585969528,0.06667579165426425,50.0,7047.353867910419,VWNHGWTDTTYLSTASSG
T52V_S55G_H57W_I58H_S100T_L108G,2887.838699496132,234900.232229323,0.01064751560344125,0.8645850265374082,0.03240204226773259,0.023388505612263,50302.0228948113,Valid,1006.040457896226,49.55212905708403,1.738846445312447,141.1953451614547,0.001728406081151669,0.1403476073241892,50.0,2477.606452854202,VWNGGWHDVTYLSTASSG
T52V_S55A_H57W_I58H_S100T_L108G,120.8699105845434,123.7415084001147,0.2447093594337243,0.2413156494422671,0.03239208319340264,0.02337013764212291,50286.56209203792,Valid,1257.164052300948,55.19936849822235,49.93902221995086,49.04558521976984,0.03972355248986719,0.03905184552272899,40.0,2207.974739928894,VWNAGWHDVTYLSTASSG
T52V_S55A_H57W_I58H_S100L_L108G,inf,,0.0,,0.03195606611157888,0.02302981026112417,49609.67447331308,Valid (Non-binding),1240.241861832827,34.3207246777222,-13.34240885260806,13.32084830272393,0.0,0.0,40.0,1372.828987108888,VWNAGWHDVLYLSTASSG
T52V_S55A_H57W_I58H_S100L_S103P_L108G,23.98069663494574,3.706458121470393,1.062829702788524,0.158876869572982,0.03083281250186075,0.02225934839390929,47865.89769758224,Valid,1196.647442439556,60.92474617347601,206.4559485082573,24.22209933087965,0.1725286339035363,0.02206538249832349,40.0,2436.98984693904,VWNAGWHDVLYLPTASSG
T52V_S55H_H57W_I58H_S100T_L108G,9.501069627621527,12.90260102661636,2.124087807457542,1.897082200223514,0.03027692636187953,0.02195460594646844,47002.92131142742,Valid,940.0584262285483,79.80937517971863,324.1341674678715,287.0886537010683,0.3448021510410541,0.3067942367180768,50.0,3990.468758985931,VWNHGWHDVTYLSTASSG
T52V_S55H_H57Y_I58D_V99T_S100L_L108G,543.9331109886668,3807.956871356704,0.08891886063161364,0.6174681494487669,0.03003041274384483,0.01235453435251949,64608.73456265643,Valid,1615.218364066411,38.45417024893545,14.71234228481217,102.059128596516,0.009108577893934383,0.06318633561204746,40.0,1538.166809957418,VWNHGYDDTLYLSTASSG
T52V_S55G_H57W_I58H_S100A_L108G,inf,,0.0,,0.02974396002650408,0.02150265565585063,46175.5264027146,Valid (Non-binding),923.5105280542921,58.55228052533484,-133.1050429995285,148.9296120557063,0.0,0.0,50.0,2927.614026266742,VWNGGWHDVAYLSTASSG
T52V_H57Y_S100T_L108G,10.84859451192592,10.61073751964687,1.943487491458368,1.309841091519996,0.02919463504532771,0.02108980616240076,45322.73578070672,Valid,906.4547156141343,51.60530914927539,285.9732182976968,190.7674724874069,0.3154853887035564,0.2112195279081824,50.0,2580.26545746377,VWNSGYIDVTYLSTASSG
T52V_S55H_H57W_S100T_L108G,40.20878250174019,75.91967195380337,0.6813177326759053,1.145359584896404,0.02890814724923059,0.02099616877070949,44877.98246672464,Valid,897.5596493344929,84.77013937673446,99.26828369022587,166.4386192240493,0.1105979794923152,0.1857285654946987,50.0,4238.506968836723,VWNHGWIDVTYLSTASSG
T52V_S55A_H57W_I58D_S100L_L108G,59.11709017296248,12.49478885508669,0.4803952442014043,0.1007283630424346,0.0274089902953863,0.01975037236257972,42550.64066548612,Valid,1063.766016637153,26.80025946814997,82.95495115011727,16.03014305538227,0.07798232868197828,0.01519677091834358,40.0,1072.010378725999,VWNAGWDDVLYLSTASSG
S55H_H57Y_S100T_L108G,18.14291407663874,19.54150371674654,1.330927690831118,1.128523847515997,0.02688587288055534,0.01947144696686529,41738.53555309615,Valid,834.7707110619231,64.13250967829453,180.3512531519464,151.6540471713555,0.2160488512139089,0.1824281685104286,50.0,3206.625483914726,TWNHGYIDVTYLSTASSG
T52V_S55G_I58H_S100T_L108G,16.92824574828943,16.51238330463271,1.404651587030236,1.063300161516822,0.02645162853580453,0.01925797404137539,41064.39999117356,Valid,821.2879998234712,87.87588332218237,187.2671460478177,139.5848850984393,0.2280164157860205,0.171700668645643,50.0,4393.794166109119,VWNGGHHDVTYLSTASSG
T52V_S55H_H57Y_I58H_V99T_L108G,17.53189334018832,6.956397946421277,2.166285187628686,0.955916452396965,0.02644305873876899,0.01127149357508138,56890.74531378295,Valid,1137.814906275659,129.7796700728469,252.489857176412,72.43770560731853,0.2219076721387592,0.06851080162037945,50.0,6488.983503642345,VWNHGYHDTSYLSTASSG
T52V_H57W_I58H_S100T_L108G,inf,,0.0,,0.02621941208738495,0.01914211174817291,40703.89934715749,Valid (Non-binding),814.0779869431499,97.7136432454601,-3.6175693823443,146.5538487211239,0.0,0.0,50.0,4885.682162273005,VWNSGWHDVTYLSTASSG
T52V_S55G_H57Y_I58H_S100A_L108G,inf,,0.0,,0.02583040919139247,0.01880623345379204,40099.99813566355,Valid (Non-binding),801.9999627132711,85.92506399992922,-134.0908191491744,140.4513059944029,0.0,0.0,50.0,4296.253199996461,VWNGGYHDVAYLSTASSG
T52V_S55A_H57W_S100T_L108G,83.3137975387924,295.6658884977444,0.3487738728208805,1.167972451774874,0.02554700645750251,0.01848244010044715,39660.03417626889,Valid,793.2006835253778,54.9827971285455,44.90808376669338,150.3156078962454,0.0566162948411738,0.1895457740939402,50.0,2749.139856427275,VWNAGWIDVTYLSTASSG
H57W_I58H_S100T_L108G,12.79591665765023,12.38436181595328,1.730820939638565,1.211920738406099,0.02534643143696459,0.01846038372104383,39348.65475172955,Valid,786.9730950345911,85.67953025009905,221.110581200739,151.978422354197,0.2809633297451169,0.1955252769225969,50.0,4283.976512504953,TWNSGWHDVTYLSTASSG
T52V_S55G_H57W_I58H_S100K_L108G,72.89873089836063,88.91678144555156,0.6357788141083998,0.7418096440073692,0.02528706956770503,0.01621126109401764,40798.99834926164,Valid,815.9799669852327,73.27860934641123,52.37440697524926,59.59696687990586,0.06418589805428043,0.07326439600955058,50.0,3663.930467320562,VWNGGWHDVKYLSTASSG
S55H_H57W_I58T_S100T_L108G,66.53854008937081,191.6737995063722,0.4305587610907964,1.154080728189787,0.02399099947124107,0.01775852162438986,37244.43646793079,Valid,744.8887293586158,127.5453130529864,52.0620583274449,139.2051610100372,0.06989239637478846,0.187263273097623,50.0,6377.26565264932,TWNHGWTDVTYLSTASSG
S55H_H57W_S100T_L108G,76.38593659507276,319.7285641220309,0.3784627477394976,1.487097540159,0.0238131309989696,0.01721941796977094,36968.30745450206,Valid,739.3661490900413,48.37832541206529,45.42345889368335,178.4234885936365,0.06143567561158605,0.2413530048427124,50.0,2418.916270603264,TWNHGWIDVTYLSTASSG
T52V_S55G_H57Y_I58H_S100K_L108G,inf,,0.0,,0.02349391096315495,0.0150488452157454,37905.85666864408,Valid (Non-binding),758.1171333728817,65.05819482860453,-102.5383035389432,76.7814094927211,0.0,0.0,50.0,3252.909741430226,VWNGGYHDVKYLSTASSG
T52V_S55H_I58D_S100T_L108G,inf,,0.0,,0.02342900320624562,0.01694118165791797,36371.9745176928,Valid (Non-binding),727.439490353856,47.43598435512855,-144.858322450089,143.9818249309087,0.0,0.0,50.0,2371.799217756427,VWNHGHDDVTYLSTASSG
T52V_S55H_H57Y_I58D_S100K_L108G,inf,,0.0,,0.02309837101565826,0.01480983085232284,37267.67937325694,Valid (Non-binding),745.3535874651388,67.33117295109511,-38.78997980286022,56.05181073057324,0.0,0.0,50.0,3366.558647554756,VWNHGYDDVKYLSTASSG
T52V_S55A_I58D_S100T_L108G,inf,,0.0,,0.02253340183144609,0.01640963822216729,34981.61274705053,Valid (Non-binding),699.6322549410106,75.76404961356126,-80.58765700158801,153.3878929103158,0.0,0.0,50.0,3788.202480678063,VWNAGHDDVTYLSTASSG
S55H_H57W_I58D_S100A_L108G,21.8446288811716,30.55689508579673,1.147400671004526,1.309086299733434,0.02178597999445557,0.01601771705561782,33821.28988697514,Valid,676.4257977395027,100.2456889945222,125.9890387633441,142.1910404227886,0.1862569984533078,0.2120139408865143,50.0,5012.28444972611,TWNHGWDDVAYLSTASSG
S55H_H57W_I58H_S100T_L108G,13.27355119985487,14.23856324957442,1.685580698259044,1.319848906616104,0.02162452687305233,0.01577124711685195,33570.64461769987,Valid,671.4128923539974,77.45998690362019,183.7116620110846,141.5684855645305,0.2736195031450543,0.2132015041432627,50.0,3872.99934518101,TWNHGWHDVTYLSTASSG
T52V_S55A_H57Y_S100T_L108G,8.721136196890752,8.476799239133165,2.244824681363012,1.397671488491735,0.02063967938424344,0.01523102424811318,32041.73417061684,Valid,640.8346834123367,103.2665620958376,233.5209979030569,139.2730690904536,0.3644013096475942,0.2251239766179,50.0,5163.32810479188,VWNAGYIDVTYLSTASSG
T52V_H57W_I58D_S100T_L108G,23.19909236724287,47.23423771112964,1.092288531488482,1.831564270522124,0.02056607927126295,0.01504341951875574,31927.47487369925,Valid,638.549497473985,81.88347609054715,113.2216401077767,189.0927218589881,0.1773106713820403,0.2970001407033993,50.0,4094.173804527357,VWNSGWDDVTYLSTASSG
T52V_S55H_H57Y_I58D_S100T_L108G,64.09197480866872,250.4213728767045,0.4458049618124276,1.616172285869318,0.02049438720718855,0.0149493249588074,31816.1776962359,Valid,636.323553924718,73.86456190307428,46.04902057632899,166.817395830012,0.0723673047969193,0.2622926883884308,50.0,3693.228095153714,VWNHGYDDVTYLSTASSG
T52V_S55H_H57Y_I58T_S100T_L108G,inf,,0.0,,0.02020701971625518,0.01469670056071121,31370.05871432993,Valid (Non-binding),627.4011742865987,63.90287559056463,-63.67879920809173,155.599330252346,0.0,0.0,50.0,3195.143779528232,VWNHGYTDVTYLSTASSG
T52V_S55H_H57Y_I58H_S100K_L108G,169.9062310540364,620.2504307734855,0.2831595103996504,1.006468729262747,0.01945309370791121,0.01260305488748154,31386.26782957563,Valid,627.7253565915125,81.37200680273656,17.94462532319903,63.59249012956693,0.02858674599451677,0.1013739842809451,50.0,4068.600340136828,VWNHGYHDVKYLSTASSG
T52V_S55G_H57Y_I58D_S100T_L108G,inf,,0.0,,0.01924188106995961,0.01397221023233816,29871.74493887469,Valid (Non-binding),597.4348987774938,55.63410907917842,-86.03781572799744,156.8884839931774,0.0,0.0,50.0,2781.705453958921,VWNGGYDDVTYLSTASSG
T52V_S55A_H57Y_S100K_S103P_L108G,38.02298977756546,106.0594853721287,1.15116041463336,2.851439293911921,0.0190212844452744,0.01436554236036617,30689.57241588425,Valid,767.2393103971062,313.9592506929347,89.16620095021699,216.7613789154256,0.1162169348492669,0.2864958564099342,40.0,12558.37002771739,VWNAGYIDVKYLPTASSG
T52V_S55G_I58D_S100T_L108G,8.419908098635503,9.473933248734642,2.295212825954865,1.630037316007001,0.01900494584035063,0.01378073664868748,29503.91869984014,Valid,590.0783739968028,50.0287480499522,219.8518684553437,154.0835230291629,0.3725807928974108,0.2630275509881917,50.0,2501.43740249761,VWNGGHDDVTYLSTASSG
S55H_H57W_I58D_S100T_L108G,17.83601474203195,28.97502589204383,1.348814385481652,1.714596684920762,0.01704465777372469,0.01247967276962068,26460.70141146447,Valid,529.2140282292894,69.96711240140469,115.8726761669186,146.222448091592,0.2189523897441266,0.2778134115618651,50.0,3498.355620070235,TWNHGWDDVTYLSTASSG
T52V_S55G_H57Y_I58D_S100K_L108G,inf,,0.0,,0.01678770040225696,0.01090625887388284,27085.83369716816,Valid (Non-binding),541.7166739433633,74.91554179575073,-42.63565875676886,67.93850217644535,0.0,0.0,50.0,3745.777089787536,VWNGGYDDVKYLSTASSG
S55A_H57Y_I58H_S100T_L108G,9.742651667101324,21.32218403084546,2.089281215255079,3.026033960595941,0.01653973286070475,0.01202583932046735,25676.83895227055,Valid,513.5367790454111,51.49691788213602,174.1670327161646,251.2902349021681,0.3391520136881245,0.4905129561208608,50.0,2574.845894106801,TWNAGYHDVTYLSTASSG
